
*** Running vivado
    with args -log system_top_wrapper.vdi -applog -m64 -product Vivado -messageDb vivado.pb -mode batch -source system_top_wrapper.tcl -notrace


****** Vivado v2020.2 (64-bit)
  **** SW Build 3064766 on Wed Nov 18 09:12:47 MST 2020
  **** IP Build 3064653 on Wed Nov 18 14:17:31 MST 2020
    ** Copyright 1986-2020 Xilinx, Inc. All Rights Reserved.

Sourcing tcl script '/tools/Xilinx/Vivado/2020.2/scripts/Vivado_init.tcl'
source system_top_wrapper.tcl -notrace
INFO: [IP_Flow 19-234] Refreshing IP repositories
INFO: [IP_Flow 19-1700] Loaded user IP repository '/home/oppenyes/workspace/my_git/e203_zs/user_ip'.
INFO: [IP_Flow 19-2313] Loaded Vivado IP repository '/tools/Xilinx/Vivado/2020.2/data/ip'.
Command: link_design -top system_top_wrapper -part xc7a200tfbg484-2
Design is defaulting to srcset: sources_1
Design is defaulting to constrset: constrs_1
INFO: [Device 21-403] Loading part xc7a200tfbg484-2
INFO: [Project 1-454] Reading design checkpoint '/home/oppenyes/workspace/my_git/e203_zs/prj/sys_top_bd/sys_top_bd.gen/sources_1/bd/system_top/ip/system_top_axi_gpio_0_0/system_top_axi_gpio_0_0.dcp' for cell 'system_top_i/axi_gpio_0'
INFO: [Project 1-454] Reading design checkpoint '/home/oppenyes/workspace/my_git/e203_zs/prj/sys_top_bd/sys_top_bd.gen/sources_1/bd/system_top/ip/system_top_clk_wiz_0_0_1/system_top_clk_wiz_0_0.dcp' for cell 'system_top_i/clk_wiz_0'
INFO: [Project 1-454] Reading design checkpoint '/home/oppenyes/workspace/my_git/e203_zs/prj/sys_top_bd/sys_top_bd.gen/sources_1/bd/system_top/ip/system_top_mig_7series_0_1_1/system_top_mig_7series_0_1.dcp' for cell 'system_top_i/mig_7series_0'
INFO: [Project 1-454] Reading design checkpoint '/home/oppenyes/workspace/my_git/e203_zs/prj/sys_top_bd/sys_top_bd.gen/sources_1/bd/system_top/ip/system_top_proc_sys_reset_0_0_1/system_top_proc_sys_reset_0_0.dcp' for cell 'system_top_i/proc_sys_reset_0'
INFO: [Project 1-454] Reading design checkpoint '/home/oppenyes/workspace/my_git/e203_zs/prj/sys_top_bd/sys_top_bd.gen/sources_1/bd/system_top/ip/system_top_proc_sys_reset_1_0/system_top_proc_sys_reset_1_0.dcp' for cell 'system_top_i/proc_sys_reset_1'
INFO: [Project 1-454] Reading design checkpoint '/home/oppenyes/workspace/my_git/e203_zs/prj/sys_top_bd/sys_top_bd.gen/sources_1/bd/system_top/ip/system_top_rst_clk_wiz_0_200M_0/system_top_rst_clk_wiz_0_200M_0.dcp' for cell 'system_top_i/rst_clk_wiz_0_200M'
INFO: [Project 1-454] Reading design checkpoint '/home/oppenyes/workspace/my_git/e203_zs/prj/sys_top_bd/sys_top_bd.gen/sources_1/bd/system_top/ip/system_top_system_e203_0_0_1/system_top_system_e203_0_0.dcp' for cell 'system_top_i/system_e203_0'
INFO: [Project 1-454] Reading design checkpoint '/home/oppenyes/workspace/my_git/e203_zs/prj/sys_top_bd/sys_top_bd.gen/sources_1/bd/system_top/ip/system_top_util_vector_logic_0_0_1/system_top_util_vector_logic_0_0.dcp' for cell 'system_top_i/util_vector_logic_0'
INFO: [Project 1-454] Reading design checkpoint '/home/oppenyes/workspace/my_git/e203_zs/prj/sys_top_bd/sys_top_bd.gen/sources_1/bd/system_top/ip/system_top_util_vector_logic_1_0/system_top_util_vector_logic_1_0.dcp' for cell 'system_top_i/util_vector_logic_1'
INFO: [Project 1-454] Reading design checkpoint '/home/oppenyes/workspace/my_git/e203_zs/prj/sys_top_bd/sys_top_bd.gen/sources_1/bd/system_top/ip/system_top_xbar_0/system_top_xbar_0.dcp' for cell 'system_top_i/axi_interconnect_0/xbar'
INFO: [Project 1-454] Reading design checkpoint '/home/oppenyes/workspace/my_git/e203_zs/prj/sys_top_bd/sys_top_bd.gen/sources_1/bd/system_top/ip/system_top_auto_cc_0_1/system_top_auto_cc_0.dcp' for cell 'system_top_i/axi_interconnect_0/m00_couplers/auto_cc'
INFO: [Project 1-454] Reading design checkpoint '/home/oppenyes/workspace/my_git/e203_zs/prj/sys_top_bd/sys_top_bd.gen/sources_1/bd/system_top/ip/system_top_auto_cc_1/system_top_auto_cc_1.dcp' for cell 'system_top_i/axi_interconnect_0/m01_couplers/auto_cc'
INFO: [Project 1-454] Reading design checkpoint '/home/oppenyes/workspace/my_git/e203_zs/prj/sys_top_bd/sys_top_bd.gen/sources_1/bd/system_top/ip/system_top_auto_pc_0_1/system_top_auto_pc_0.dcp' for cell 'system_top_i/axi_interconnect_0/m01_couplers/auto_pc'
INFO: [Project 1-454] Reading design checkpoint '/home/oppenyes/workspace/my_git/e203_zs/prj/sys_top_bd/sys_top_bd.gen/sources_1/bd/system_top/ip/system_top_auto_pc_1/system_top_auto_pc_1.dcp' for cell 'system_top_i/axi_interconnect_0/s00_couplers/auto_pc'
Netlist sorting complete. Time (s): cpu = 00:00:00.33 ; elapsed = 00:00:00.33 . Memory (MB): peak = 2295.926 ; gain = 0.000 ; free physical = 8211 ; free virtual = 13003
INFO: [Netlist 29-17] Analyzing 1841 Unisim elements for replacement
INFO: [Netlist 29-28] Unisim Transformation completed in 0 CPU seconds
INFO: [Project 1-479] Netlist was created with Vivado 2020.2
INFO: [Project 1-570] Preparing netlist for logic optimization
INFO: [Opt 31-141] Inserted 2 OBUFs to IO ports without IO buffers.
Parsing XDC File [/home/oppenyes/workspace/my_git/e203_zs/prj/sys_top_bd/sys_top_bd.gen/sources_1/bd/system_top/ip/system_top_clk_wiz_0_0_1/system_top_clk_wiz_0_0_board.xdc] for cell 'system_top_i/clk_wiz_0/inst'
Finished Parsing XDC File [/home/oppenyes/workspace/my_git/e203_zs/prj/sys_top_bd/sys_top_bd.gen/sources_1/bd/system_top/ip/system_top_clk_wiz_0_0_1/system_top_clk_wiz_0_0_board.xdc] for cell 'system_top_i/clk_wiz_0/inst'
Parsing XDC File [/home/oppenyes/workspace/my_git/e203_zs/prj/sys_top_bd/sys_top_bd.gen/sources_1/bd/system_top/ip/system_top_clk_wiz_0_0_1/system_top_clk_wiz_0_0.xdc] for cell 'system_top_i/clk_wiz_0/inst'
INFO: [Timing 38-35] Done setting XDC timing constraints. [/home/oppenyes/workspace/my_git/e203_zs/prj/sys_top_bd/sys_top_bd.gen/sources_1/bd/system_top/ip/system_top_clk_wiz_0_0_1/system_top_clk_wiz_0_0.xdc:57]
INFO: [Timing 38-2] Deriving generated clocks [/home/oppenyes/workspace/my_git/e203_zs/prj/sys_top_bd/sys_top_bd.gen/sources_1/bd/system_top/ip/system_top_clk_wiz_0_0_1/system_top_clk_wiz_0_0.xdc:57]
get_clocks: Time (s): cpu = 00:00:07 ; elapsed = 00:00:06 . Memory (MB): peak = 2822.188 ; gain = 472.211 ; free physical = 7694 ; free virtual = 12486
Finished Parsing XDC File [/home/oppenyes/workspace/my_git/e203_zs/prj/sys_top_bd/sys_top_bd.gen/sources_1/bd/system_top/ip/system_top_clk_wiz_0_0_1/system_top_clk_wiz_0_0.xdc] for cell 'system_top_i/clk_wiz_0/inst'
Parsing XDC File [/home/oppenyes/workspace/my_git/e203_zs/prj/sys_top_bd/sys_top_bd.gen/sources_1/bd/system_top/ip/system_top_proc_sys_reset_1_0/system_top_proc_sys_reset_1_0_board.xdc] for cell 'system_top_i/proc_sys_reset_1/U0'
Finished Parsing XDC File [/home/oppenyes/workspace/my_git/e203_zs/prj/sys_top_bd/sys_top_bd.gen/sources_1/bd/system_top/ip/system_top_proc_sys_reset_1_0/system_top_proc_sys_reset_1_0_board.xdc] for cell 'system_top_i/proc_sys_reset_1/U0'
Parsing XDC File [/home/oppenyes/workspace/my_git/e203_zs/prj/sys_top_bd/sys_top_bd.gen/sources_1/bd/system_top/ip/system_top_proc_sys_reset_1_0/system_top_proc_sys_reset_1_0.xdc] for cell 'system_top_i/proc_sys_reset_1/U0'
Finished Parsing XDC File [/home/oppenyes/workspace/my_git/e203_zs/prj/sys_top_bd/sys_top_bd.gen/sources_1/bd/system_top/ip/system_top_proc_sys_reset_1_0/system_top_proc_sys_reset_1_0.xdc] for cell 'system_top_i/proc_sys_reset_1/U0'
Parsing XDC File [/home/oppenyes/workspace/my_git/e203_zs/prj/sys_top_bd/sys_top_bd.gen/sources_1/bd/system_top/ip/system_top_proc_sys_reset_0_0_1/system_top_proc_sys_reset_0_0_board.xdc] for cell 'system_top_i/proc_sys_reset_0/U0'
Finished Parsing XDC File [/home/oppenyes/workspace/my_git/e203_zs/prj/sys_top_bd/sys_top_bd.gen/sources_1/bd/system_top/ip/system_top_proc_sys_reset_0_0_1/system_top_proc_sys_reset_0_0_board.xdc] for cell 'system_top_i/proc_sys_reset_0/U0'
Parsing XDC File [/home/oppenyes/workspace/my_git/e203_zs/prj/sys_top_bd/sys_top_bd.gen/sources_1/bd/system_top/ip/system_top_proc_sys_reset_0_0_1/system_top_proc_sys_reset_0_0.xdc] for cell 'system_top_i/proc_sys_reset_0/U0'
Finished Parsing XDC File [/home/oppenyes/workspace/my_git/e203_zs/prj/sys_top_bd/sys_top_bd.gen/sources_1/bd/system_top/ip/system_top_proc_sys_reset_0_0_1/system_top_proc_sys_reset_0_0.xdc] for cell 'system_top_i/proc_sys_reset_0/U0'
Parsing XDC File [/home/oppenyes/workspace/my_git/e203_zs/prj/sys_top_bd/sys_top_bd.gen/sources_1/bd/system_top/ip/system_top_mig_7series_0_1_1/system_top_mig_7series_0_1/user_design/constraints/system_top_mig_7series_0_1.xdc] for cell 'system_top_i/mig_7series_0'
Finished Parsing XDC File [/home/oppenyes/workspace/my_git/e203_zs/prj/sys_top_bd/sys_top_bd.gen/sources_1/bd/system_top/ip/system_top_mig_7series_0_1_1/system_top_mig_7series_0_1/user_design/constraints/system_top_mig_7series_0_1.xdc] for cell 'system_top_i/mig_7series_0'
Parsing XDC File [/home/oppenyes/workspace/my_git/e203_zs/prj/sys_top_bd/sys_top_bd.gen/sources_1/bd/system_top/ip/system_top_axi_gpio_0_0/system_top_axi_gpio_0_0_board.xdc] for cell 'system_top_i/axi_gpio_0/U0'
Finished Parsing XDC File [/home/oppenyes/workspace/my_git/e203_zs/prj/sys_top_bd/sys_top_bd.gen/sources_1/bd/system_top/ip/system_top_axi_gpio_0_0/system_top_axi_gpio_0_0_board.xdc] for cell 'system_top_i/axi_gpio_0/U0'
Parsing XDC File [/home/oppenyes/workspace/my_git/e203_zs/prj/sys_top_bd/sys_top_bd.gen/sources_1/bd/system_top/ip/system_top_axi_gpio_0_0/system_top_axi_gpio_0_0.xdc] for cell 'system_top_i/axi_gpio_0/U0'
Finished Parsing XDC File [/home/oppenyes/workspace/my_git/e203_zs/prj/sys_top_bd/sys_top_bd.gen/sources_1/bd/system_top/ip/system_top_axi_gpio_0_0/system_top_axi_gpio_0_0.xdc] for cell 'system_top_i/axi_gpio_0/U0'
Parsing XDC File [/home/oppenyes/workspace/my_git/e203_zs/prj/sys_top_bd/sys_top_bd.gen/sources_1/bd/system_top/ip/system_top_rst_clk_wiz_0_200M_0/system_top_rst_clk_wiz_0_200M_0_board.xdc] for cell 'system_top_i/rst_clk_wiz_0_200M/U0'
Finished Parsing XDC File [/home/oppenyes/workspace/my_git/e203_zs/prj/sys_top_bd/sys_top_bd.gen/sources_1/bd/system_top/ip/system_top_rst_clk_wiz_0_200M_0/system_top_rst_clk_wiz_0_200M_0_board.xdc] for cell 'system_top_i/rst_clk_wiz_0_200M/U0'
Parsing XDC File [/home/oppenyes/workspace/my_git/e203_zs/prj/sys_top_bd/sys_top_bd.gen/sources_1/bd/system_top/ip/system_top_rst_clk_wiz_0_200M_0/system_top_rst_clk_wiz_0_200M_0.xdc] for cell 'system_top_i/rst_clk_wiz_0_200M/U0'
Finished Parsing XDC File [/home/oppenyes/workspace/my_git/e203_zs/prj/sys_top_bd/sys_top_bd.gen/sources_1/bd/system_top/ip/system_top_rst_clk_wiz_0_200M_0/system_top_rst_clk_wiz_0_200M_0.xdc] for cell 'system_top_i/rst_clk_wiz_0_200M/U0'
Parsing XDC File [/home/oppenyes/workspace/my_git/e203_zs/constrs/nuclei-master.xdc]
INFO: [Vivado 12-4777] Setting CLOCK_DEDICATED_ROUTE constraint on the PARENT net instead of the specified net segment (net name: system_top_i/system_e203_0/inst/dut_io_pads_jtag_TCK_i_ival). Placer only honors CLOCK_DEDICATED_ROUTE when set on the PARENT net, e.g. net segment directly connected to the driver. To eliminate this message, please update your constraint to specify the PARENT net instead. [/home/oppenyes/workspace/my_git/e203_zs/constrs/nuclei-master.xdc:26]
Finished Parsing XDC File [/home/oppenyes/workspace/my_git/e203_zs/constrs/nuclei-master.xdc]
Parsing XDC File [/home/oppenyes/workspace/my_git/e203_zs/prj/sys_top_bd/sys_top_bd.gen/sources_1/bd/system_top/ip/system_top_auto_cc_0_1/system_top_auto_cc_0_clocks.xdc] for cell 'system_top_i/axi_interconnect_0/m00_couplers/auto_cc/inst'
Finished Parsing XDC File [/home/oppenyes/workspace/my_git/e203_zs/prj/sys_top_bd/sys_top_bd.gen/sources_1/bd/system_top/ip/system_top_auto_cc_0_1/system_top_auto_cc_0_clocks.xdc] for cell 'system_top_i/axi_interconnect_0/m00_couplers/auto_cc/inst'
Parsing XDC File [/home/oppenyes/workspace/my_git/e203_zs/prj/sys_top_bd/sys_top_bd.gen/sources_1/bd/system_top/ip/system_top_auto_cc_1/system_top_auto_cc_1_clocks.xdc] for cell 'system_top_i/axi_interconnect_0/m01_couplers/auto_cc/inst'
Finished Parsing XDC File [/home/oppenyes/workspace/my_git/e203_zs/prj/sys_top_bd/sys_top_bd.gen/sources_1/bd/system_top/ip/system_top_auto_cc_1/system_top_auto_cc_1_clocks.xdc] for cell 'system_top_i/axi_interconnect_0/m01_couplers/auto_cc/inst'
INFO: [Project 1-1715] 3 XPM XDC files have been applied to the design.
INFO: [Opt 31-138] Pushed 0 inverter(s) to 0 load pin(s).
Netlist sorting complete. Time (s): cpu = 00:00:00 ; elapsed = 00:00:00.01 . Memory (MB): peak = 2869.859 ; gain = 0.000 ; free physical = 7646 ; free virtual = 12438
INFO: [Project 1-111] Unisim Transformation Summary:
  A total of 390 instances were transformed.
  IOBUF => IOBUF (IBUF, OBUFT): 75 instances
  IOBUFDS_DIFF_OUT_INTERMDISABLE => IOBUFDS_DIFF_OUT_INTERMDISABLE (IBUFDS_INTERMDISABLE_INT(x2), INV, OBUFTDS(x2)): 4 instances
  IOBUF_INTERMDISABLE => IOBUF_INTERMDISABLE (IBUF_INTERMDISABLE, OBUFT): 32 instances
  LUT6_2 => LUT6_2 (LUT5, LUT6): 26 instances
  OBUFDS => OBUFDS_DUAL_BUF (INV, OBUFDS(x2)): 1 instance 
  RAM32M => RAM32M (RAMD32(x6), RAMS32(x2)): 252 instances

29 Infos, 0 Warnings, 0 Critical Warnings and 0 Errors encountered.
link_design completed successfully
link_design: Time (s): cpu = 00:00:19 ; elapsed = 00:00:19 . Memory (MB): peak = 2869.859 ; gain = 573.934 ; free physical = 7646 ; free virtual = 12438
Command: opt_design
Attempting to get a license for feature 'Implementation' and/or device 'xc7a200t'
INFO: [Common 17-349] Got license for feature 'Implementation' and/or device 'xc7a200t'
Running DRC as a precondition to command opt_design

Starting DRC Task
INFO: [DRC 23-27] Running DRC with 8 threads
WARNING: [DRC RPBF-3] IO port buffering is incomplete: Device port pmu_paden expects both input and output buffering but the buffers are incomplete.
WARNING: [DRC RPBF-3] IO port buffering is incomplete: Device port pmu_padrst expects both input and output buffering but the buffers are incomplete.
INFO: [Project 1-461] DRC finished with 0 Errors, 2 Warnings
INFO: [Project 1-462] Please refer to the DRC report (report_drc) for more information.

Time (s): cpu = 00:00:02 ; elapsed = 00:00:00.95 . Memory (MB): peak = 2933.891 ; gain = 64.031 ; free physical = 7632 ; free virtual = 12424

Starting Cache Timing Information Task
INFO: [Timing 38-35] Done setting XDC timing constraints.
Ending Cache Timing Information Task | Checksum: 21ba6d2da

Time (s): cpu = 00:00:02 ; elapsed = 00:00:00.71 . Memory (MB): peak = 2933.891 ; gain = 0.000 ; free physical = 7647 ; free virtual = 12439

Starting Logic Optimization Task

Phase 1 Retarget
INFO: [Opt 31-138] Pushed 4 inverter(s) to 33 load pin(s).
INFO: [Opt 31-49] Retargeted 0 cell(s).
Phase 1 Retarget | Checksum: 252045ebc

Time (s): cpu = 00:00:02 ; elapsed = 00:00:01 . Memory (MB): peak = 3020.875 ; gain = 0.000 ; free physical = 7501 ; free virtual = 12292
INFO: [Opt 31-389] Phase Retarget created 46 cells and removed 179 cells
INFO: [Opt 31-1021] In phase Retarget, 101 netlist objects are constrained preventing optimization. Please run opt_design with -debug_log to get more detail. 

Phase 2 Constant propagation
INFO: [Opt 31-138] Pushed 0 inverter(s) to 0 load pin(s).
Phase 2 Constant propagation | Checksum: 26170f42a

Time (s): cpu = 00:00:02 ; elapsed = 00:00:02 . Memory (MB): peak = 3020.875 ; gain = 0.000 ; free physical = 7501 ; free virtual = 12292
INFO: [Opt 31-389] Phase Constant propagation created 17 cells and removed 172 cells
INFO: [Opt 31-1021] In phase Constant propagation, 60 netlist objects are constrained preventing optimization. Please run opt_design with -debug_log to get more detail. 

Phase 3 Sweep
Phase 3 Sweep | Checksum: 1d32a2548

Time (s): cpu = 00:00:03 ; elapsed = 00:00:02 . Memory (MB): peak = 3020.875 ; gain = 0.000 ; free physical = 7503 ; free virtual = 12295
INFO: [Opt 31-389] Phase Sweep created 1 cells and removed 645 cells
INFO: [Opt 31-1021] In phase Sweep, 300 netlist objects are constrained preventing optimization. Please run opt_design with -debug_log to get more detail. 

Phase 4 BUFG optimization
INFO: [Opt 31-194] Inserted BUFG CLK32768KHZ_IBUF_BUFG_inst to drive 993 load(s) on clock net CLK32768KHZ_IBUF_BUFG
INFO: [Opt 31-194] Inserted BUFG system_top_i/system_e203_0/inst/dut_io_pads_jtag_TCK_i_ival_BUFG_inst to drive 197 load(s) on clock net system_top_i/system_e203_0/inst/IOBUF_jtag_TCK/O
INFO: [Opt 31-193] Inserted 2 BUFG(s) on clock nets
Phase 4 BUFG optimization | Checksum: 1dba1dc8c

Time (s): cpu = 00:00:04 ; elapsed = 00:00:03 . Memory (MB): peak = 3020.875 ; gain = 0.000 ; free physical = 7504 ; free virtual = 12296
INFO: [Opt 31-662] Phase BUFG optimization created 2 cells of which 2 are BUFGs and removed 0 cells.

Phase 5 Shift Register Optimization
INFO: [Opt 31-1064] SRL Remap converted 0 SRLs to 0 registers and converted 0 registers of register chains to 0 SRLs
Phase 5 Shift Register Optimization | Checksum: 1dba1dc8c

Time (s): cpu = 00:00:04 ; elapsed = 00:00:03 . Memory (MB): peak = 3020.875 ; gain = 0.000 ; free physical = 7504 ; free virtual = 12296
INFO: [Opt 31-389] Phase Shift Register Optimization created 0 cells and removed 0 cells

Phase 6 Post Processing Netlist
Phase 6 Post Processing Netlist | Checksum: 1cc364c76

Time (s): cpu = 00:00:04 ; elapsed = 00:00:03 . Memory (MB): peak = 3020.875 ; gain = 0.000 ; free physical = 7504 ; free virtual = 12296
INFO: [Opt 31-389] Phase Post Processing Netlist created 0 cells and removed 0 cells
INFO: [Opt 31-1021] In phase Post Processing Netlist, 91 netlist objects are constrained preventing optimization. Please run opt_design with -debug_log to get more detail. 
Opt_design Change Summary
=========================


-------------------------------------------------------------------------------------------------------------------------
|  Phase                        |  #Cells created  |  #Cells Removed  |  #Constrained objects preventing optimizations  |
-------------------------------------------------------------------------------------------------------------------------
|  Retarget                     |              46  |             179  |                                            101  |
|  Constant propagation         |              17  |             172  |                                             60  |
|  Sweep                        |               1  |             645  |                                            300  |
|  BUFG optimization            |               2  |               0  |                                              0  |
|  Shift Register Optimization  |               0  |               0  |                                              0  |
|  Post Processing Netlist      |               0  |               0  |                                             91  |
-------------------------------------------------------------------------------------------------------------------------



Starting Connectivity Check Task

Time (s): cpu = 00:00:00.07 ; elapsed = 00:00:00.06 . Memory (MB): peak = 3020.875 ; gain = 0.000 ; free physical = 7510 ; free virtual = 12301
Ending Logic Optimization Task | Checksum: 28e9e4717

Time (s): cpu = 00:00:04 ; elapsed = 00:00:03 . Memory (MB): peak = 3020.875 ; gain = 0.000 ; free physical = 7510 ; free virtual = 12301

Starting Power Optimization Task
INFO: [Pwropt 34-132] Skipping clock gating for clocks with a period < 2.00 ns.
INFO: [Power 33-23] Power model is not available for pullup_TCK
INFO: [Power 33-23] Power model is not available for pullup_TDI
INFO: [Power 33-23] Power model is not available for pullup_TMS
INFO: [Power 33-23] Power model is not available for qspi0_pullup[0]
INFO: [Power 33-23] Power model is not available for qspi0_pullup[1]
INFO: [Power 33-23] Power model is not available for qspi0_pullup[2]
INFO: [Power 33-23] Power model is not available for qspi0_pullup[3]
INFO: [Timing 38-35] Done setting XDC timing constraints.
Running Vector-less Activity Propagation...

Finished Running Vector-less Activity Propagation
INFO: [Pwropt 34-9] Applying IDT optimizations ...
INFO: [Pwropt 34-10] Applying ODC optimizations ...


Starting PowerOpt Patch Enables Task
INFO: [Pwropt 34-162] WRITE_MODE attribute of 0 BRAM(s) out of a total of 32 has been updated to save power. Run report_power_opt to get a complete listing of the BRAMs updated.
INFO: [Pwropt 34-201] Structural ODC has moved 0 WE to EN ports
Number of BRAM Ports augmented: 0 newly gated: 0 Total Ports: 64
Ending PowerOpt Patch Enables Task | Checksum: 28e9e4717

Time (s): cpu = 00:00:00.20 ; elapsed = 00:00:00.21 . Memory (MB): peak = 3455.156 ; gain = 0.000 ; free physical = 7469 ; free virtual = 12261
Ending Power Optimization Task | Checksum: 28e9e4717

Time (s): cpu = 00:00:26 ; elapsed = 00:00:19 . Memory (MB): peak = 3455.156 ; gain = 434.281 ; free physical = 7499 ; free virtual = 12291

Starting Final Cleanup Task
Ending Final Cleanup Task | Checksum: 28e9e4717

Time (s): cpu = 00:00:00 ; elapsed = 00:00:00 . Memory (MB): peak = 3455.156 ; gain = 0.000 ; free physical = 7499 ; free virtual = 12291

Starting Netlist Obfuscation Task
Netlist sorting complete. Time (s): cpu = 00:00:00.01 ; elapsed = 00:00:00.01 . Memory (MB): peak = 3455.156 ; gain = 0.000 ; free physical = 7499 ; free virtual = 12291
Ending Netlist Obfuscation Task | Checksum: 28e9e4717

Time (s): cpu = 00:00:00.01 ; elapsed = 00:00:00.01 . Memory (MB): peak = 3455.156 ; gain = 0.000 ; free physical = 7499 ; free virtual = 12291
INFO: [Common 17-83] Releasing license: Implementation
65 Infos, 2 Warnings, 0 Critical Warnings and 0 Errors encountered.
opt_design completed successfully
opt_design: Time (s): cpu = 00:00:34 ; elapsed = 00:00:25 . Memory (MB): peak = 3455.156 ; gain = 585.297 ; free physical = 7499 ; free virtual = 12291
INFO: [Timing 38-35] Done setting XDC timing constraints.
INFO: [Timing 38-480] Writing timing data to binary archive.
Writing placer database...
Writing XDEF routing.
Writing XDEF routing logical nets.
Writing XDEF routing special nets.
Write XDEF Complete: Time (s): cpu = 00:00:00.17 ; elapsed = 00:00:00.04 . Memory (MB): peak = 3455.156 ; gain = 0.000 ; free physical = 7494 ; free virtual = 12288
INFO: [Common 17-1381] The checkpoint '/home/oppenyes/workspace/my_git/e203_zs/prj/sys_top_bd/sys_top_bd.runs/impl_1/system_top_wrapper_opt.dcp' has been generated.
write_checkpoint: Time (s): cpu = 00:00:09 ; elapsed = 00:00:06 . Memory (MB): peak = 3455.156 ; gain = 0.000 ; free physical = 7449 ; free virtual = 12253
INFO: [runtcl-4] Executing : report_drc -file system_top_wrapper_drc_opted.rpt -pb system_top_wrapper_drc_opted.pb -rpx system_top_wrapper_drc_opted.rpx
Command: report_drc -file system_top_wrapper_drc_opted.rpt -pb system_top_wrapper_drc_opted.pb -rpx system_top_wrapper_drc_opted.rpx
INFO: [IP_Flow 19-1839] IP Catalog is up to date.
INFO: [DRC 23-27] Running DRC with 8 threads
INFO: [Coretcl 2-168] The results of DRC are in file /home/oppenyes/workspace/my_git/e203_zs/prj/sys_top_bd/sys_top_bd.runs/impl_1/system_top_wrapper_drc_opted.rpt.
report_drc completed successfully
Command: place_design
Attempting to get a license for feature 'Implementation' and/or device 'xc7a200t'
INFO: [Common 17-349] Got license for feature 'Implementation' and/or device 'xc7a200t'
INFO: [DRC 23-27] Running DRC with 8 threads
INFO: [Vivado_Tcl 4-198] DRC finished with 0 Errors
INFO: [Vivado_Tcl 4-199] Please refer to the DRC report (report_drc) for more information.
Running DRC as a precondition to command place_design
INFO: [DRC 23-27] Running DRC with 8 threads
WARNING: [DRC CHECK-3] Report rule limit reached: REQP-1839 rule limit reached: 20 violations have been found.
WARNING: [DRC REQP-1839] RAMB36 async control check: The RAMB36E1 system_top_i/system_e203_0/inst/dut/u_e203_subsys_top/u_e203_subsys_main/u_e203_cpu_top/u_e203_srams/u_e203_dtcm_ram/u_e203_dtcm_gnrl_ram/u_sirv_sim_ram/mem[1].non_last.mem_r_reg_0_0 has an input control pin system_top_i/system_e203_0/inst/dut/u_e203_subsys_top/u_e203_subsys_main/u_e203_cpu_top/u_e203_srams/u_e203_dtcm_ram/u_e203_dtcm_gnrl_ram/u_sirv_sim_ram/mem[1].non_last.mem_r_reg_0_0/ADDRARDADDR[14] (net: system_top_i/system_e203_0/inst/dut/u_e203_subsys_top/u_e203_subsys_main/u_e203_cpu_top/u_e203_srams/u_e203_dtcm_ram/u_e203_dtcm_gnrl_ram/u_sirv_sim_ram/ADDRARDADDR[13]) which is driven by a register (system_top_i/system_e203_0/inst/dut/u_e203_subsys_top/u_e203_subsys_main/u_e203_cpu_top/u_e203_cpu/u_e203_core/u_e203_biu/u_biu_icb_arbt/arbt_num_gt_1_gen.dp_1.u_sirv_gnrl_rspid_fifo/dp_gt_0.vld_dfflr/qout_r_reg[0]) that has an active asychronous set or reset. This may cause corruption of the memory contents and/or read values when the set/reset is asserted and is not analyzed by the default static timing analysis. It is suggested to eliminate the use of a set/reset to registers driving this RAMB pin or else use a synchronous reset in which the assertion of the reset is timed by default.
WARNING: [DRC REQP-1839] RAMB36 async control check: The RAMB36E1 system_top_i/system_e203_0/inst/dut/u_e203_subsys_top/u_e203_subsys_main/u_e203_cpu_top/u_e203_srams/u_e203_dtcm_ram/u_e203_dtcm_gnrl_ram/u_sirv_sim_ram/mem[1].non_last.mem_r_reg_0_0 has an input control pin system_top_i/system_e203_0/inst/dut/u_e203_subsys_top/u_e203_subsys_main/u_e203_cpu_top/u_e203_srams/u_e203_dtcm_ram/u_e203_dtcm_gnrl_ram/u_sirv_sim_ram/mem[1].non_last.mem_r_reg_0_0/ADDRARDADDR[14] (net: system_top_i/system_e203_0/inst/dut/u_e203_subsys_top/u_e203_subsys_main/u_e203_cpu_top/u_e203_srams/u_e203_dtcm_ram/u_e203_dtcm_gnrl_ram/u_sirv_sim_ram/ADDRARDADDR[13]) which is driven by a register (system_top_i/system_e203_0/inst/dut/u_e203_subsys_top/u_e203_subsys_main/u_e203_cpu_top/u_e203_cpu/u_e203_core/u_e203_biu/u_sirv_gnrl_icb_buffer/u_sirv_gnrl_cmd_fifo/dp_gt0.vec_31_dfflr/qout_r_reg[0]) that has an active asychronous set or reset. This may cause corruption of the memory contents and/or read values when the set/reset is asserted and is not analyzed by the default static timing analysis. It is suggested to eliminate the use of a set/reset to registers driving this RAMB pin or else use a synchronous reset in which the assertion of the reset is timed by default.
WARNING: [DRC REQP-1839] RAMB36 async control check: The RAMB36E1 system_top_i/system_e203_0/inst/dut/u_e203_subsys_top/u_e203_subsys_main/u_e203_cpu_top/u_e203_srams/u_e203_dtcm_ram/u_e203_dtcm_gnrl_ram/u_sirv_sim_ram/mem[1].non_last.mem_r_reg_0_0 has an input control pin system_top_i/system_e203_0/inst/dut/u_e203_subsys_top/u_e203_subsys_main/u_e203_cpu_top/u_e203_srams/u_e203_dtcm_ram/u_e203_dtcm_gnrl_ram/u_sirv_sim_ram/mem[1].non_last.mem_r_reg_0_0/ADDRARDADDR[14] (net: system_top_i/system_e203_0/inst/dut/u_e203_subsys_top/u_e203_subsys_main/u_e203_cpu_top/u_e203_srams/u_e203_dtcm_ram/u_e203_dtcm_gnrl_ram/u_sirv_sim_ram/ADDRARDADDR[13]) which is driven by a register (system_top_i/system_e203_0/inst/dut/u_e203_subsys_top/u_e203_subsys_main/u_e203_cpu_top/u_e203_cpu/u_e203_core/u_e203_biu/u_sirv_gnrl_icb_buffer/u_sirv_gnrl_rsp_fifo/dp_gt0.vec_31_dfflr/qout_r_reg[0]) that has an active asychronous set or reset. This may cause corruption of the memory contents and/or read values when the set/reset is asserted and is not analyzed by the default static timing analysis. It is suggested to eliminate the use of a set/reset to registers driving this RAMB pin or else use a synchronous reset in which the assertion of the reset is timed by default.
WARNING: [DRC REQP-1839] RAMB36 async control check: The RAMB36E1 system_top_i/system_e203_0/inst/dut/u_e203_subsys_top/u_e203_subsys_main/u_e203_cpu_top/u_e203_srams/u_e203_dtcm_ram/u_e203_dtcm_gnrl_ram/u_sirv_sim_ram/mem[1].non_last.mem_r_reg_0_0 has an input control pin system_top_i/system_e203_0/inst/dut/u_e203_subsys_top/u_e203_subsys_main/u_e203_cpu_top/u_e203_srams/u_e203_dtcm_ram/u_e203_dtcm_gnrl_ram/u_sirv_sim_ram/mem[1].non_last.mem_r_reg_0_0/ADDRARDADDR[14] (net: system_top_i/system_e203_0/inst/dut/u_e203_subsys_top/u_e203_subsys_main/u_e203_cpu_top/u_e203_srams/u_e203_dtcm_ram/u_e203_dtcm_gnrl_ram/u_sirv_sim_ram/ADDRARDADDR[13]) which is driven by a register (system_top_i/system_e203_0/inst/dut/u_e203_subsys_top/u_e203_subsys_main/u_e203_cpu_top/u_e203_cpu/u_e203_core/u_e203_exu/u_e203_exu_alu/u_e203_exu_alu_lsuagu/icb_leftover_err_dfflr/qout_r_reg[0]) that has an active asychronous set or reset. This may cause corruption of the memory contents and/or read values when the set/reset is asserted and is not analyzed by the default static timing analysis. It is suggested to eliminate the use of a set/reset to registers driving this RAMB pin or else use a synchronous reset in which the assertion of the reset is timed by default.
WARNING: [DRC REQP-1839] RAMB36 async control check: The RAMB36E1 system_top_i/system_e203_0/inst/dut/u_e203_subsys_top/u_e203_subsys_main/u_e203_cpu_top/u_e203_srams/u_e203_dtcm_ram/u_e203_dtcm_gnrl_ram/u_sirv_sim_ram/mem[1].non_last.mem_r_reg_0_0 has an input control pin system_top_i/system_e203_0/inst/dut/u_e203_subsys_top/u_e203_subsys_main/u_e203_cpu_top/u_e203_srams/u_e203_dtcm_ram/u_e203_dtcm_gnrl_ram/u_sirv_sim_ram/mem[1].non_last.mem_r_reg_0_0/ADDRARDADDR[14] (net: system_top_i/system_e203_0/inst/dut/u_e203_subsys_top/u_e203_subsys_main/u_e203_cpu_top/u_e203_srams/u_e203_dtcm_ram/u_e203_dtcm_gnrl_ram/u_sirv_sim_ram/ADDRARDADDR[13]) which is driven by a register (system_top_i/system_e203_0/inst/dut/u_e203_subsys_top/u_e203_subsys_main/u_e203_cpu_top/u_e203_cpu/u_e203_core/u_e203_exu/u_e203_exu_alu/u_e203_exu_alu_lsuagu/icb_state_dfflr/qout_r_reg[0]) that has an active asychronous set or reset. This may cause corruption of the memory contents and/or read values when the set/reset is asserted and is not analyzed by the default static timing analysis. It is suggested to eliminate the use of a set/reset to registers driving this RAMB pin or else use a synchronous reset in which the assertion of the reset is timed by default.
WARNING: [DRC REQP-1839] RAMB36 async control check: The RAMB36E1 system_top_i/system_e203_0/inst/dut/u_e203_subsys_top/u_e203_subsys_main/u_e203_cpu_top/u_e203_srams/u_e203_dtcm_ram/u_e203_dtcm_gnrl_ram/u_sirv_sim_ram/mem[1].non_last.mem_r_reg_0_0 has an input control pin system_top_i/system_e203_0/inst/dut/u_e203_subsys_top/u_e203_subsys_main/u_e203_cpu_top/u_e203_srams/u_e203_dtcm_ram/u_e203_dtcm_gnrl_ram/u_sirv_sim_ram/mem[1].non_last.mem_r_reg_0_0/ADDRARDADDR[14] (net: system_top_i/system_e203_0/inst/dut/u_e203_subsys_top/u_e203_subsys_main/u_e203_cpu_top/u_e203_srams/u_e203_dtcm_ram/u_e203_dtcm_gnrl_ram/u_sirv_sim_ram/ADDRARDADDR[13]) which is driven by a register (system_top_i/system_e203_0/inst/dut/u_e203_subsys_top/u_e203_subsys_main/u_e203_cpu_top/u_e203_cpu/u_e203_core/u_e203_exu/u_e203_exu_alu/u_e203_exu_alu_lsuagu/icb_state_dfflr/qout_r_reg[1]) that has an active asychronous set or reset. This may cause corruption of the memory contents and/or read values when the set/reset is asserted and is not analyzed by the default static timing analysis. It is suggested to eliminate the use of a set/reset to registers driving this RAMB pin or else use a synchronous reset in which the assertion of the reset is timed by default.
WARNING: [DRC REQP-1839] RAMB36 async control check: The RAMB36E1 system_top_i/system_e203_0/inst/dut/u_e203_subsys_top/u_e203_subsys_main/u_e203_cpu_top/u_e203_srams/u_e203_dtcm_ram/u_e203_dtcm_gnrl_ram/u_sirv_sim_ram/mem[1].non_last.mem_r_reg_0_0 has an input control pin system_top_i/system_e203_0/inst/dut/u_e203_subsys_top/u_e203_subsys_main/u_e203_cpu_top/u_e203_srams/u_e203_dtcm_ram/u_e203_dtcm_gnrl_ram/u_sirv_sim_ram/mem[1].non_last.mem_r_reg_0_0/ADDRARDADDR[14] (net: system_top_i/system_e203_0/inst/dut/u_e203_subsys_top/u_e203_subsys_main/u_e203_cpu_top/u_e203_srams/u_e203_dtcm_ram/u_e203_dtcm_gnrl_ram/u_sirv_sim_ram/ADDRARDADDR[13]) which is driven by a register (system_top_i/system_e203_0/inst/dut/u_e203_subsys_top/u_e203_subsys_main/u_e203_cpu_top/u_e203_cpu/u_e203_core/u_e203_exu/u_e203_exu_alu/u_e203_exu_alu_lsuagu/icb_state_dfflr/qout_r_reg[2]) that has an active asychronous set or reset. This may cause corruption of the memory contents and/or read values when the set/reset is asserted and is not analyzed by the default static timing analysis. It is suggested to eliminate the use of a set/reset to registers driving this RAMB pin or else use a synchronous reset in which the assertion of the reset is timed by default.
WARNING: [DRC REQP-1839] RAMB36 async control check: The RAMB36E1 system_top_i/system_e203_0/inst/dut/u_e203_subsys_top/u_e203_subsys_main/u_e203_cpu_top/u_e203_srams/u_e203_dtcm_ram/u_e203_dtcm_gnrl_ram/u_sirv_sim_ram/mem[1].non_last.mem_r_reg_0_0 has an input control pin system_top_i/system_e203_0/inst/dut/u_e203_subsys_top/u_e203_subsys_main/u_e203_cpu_top/u_e203_srams/u_e203_dtcm_ram/u_e203_dtcm_gnrl_ram/u_sirv_sim_ram/mem[1].non_last.mem_r_reg_0_0/ADDRARDADDR[14] (net: system_top_i/system_e203_0/inst/dut/u_e203_subsys_top/u_e203_subsys_main/u_e203_cpu_top/u_e203_srams/u_e203_dtcm_ram/u_e203_dtcm_gnrl_ram/u_sirv_sim_ram/ADDRARDADDR[13]) which is driven by a register (system_top_i/system_e203_0/inst/dut/u_e203_subsys_top/u_e203_subsys_main/u_e203_cpu_top/u_e203_cpu/u_e203_core/u_e203_exu/u_e203_exu_alu/u_e203_exu_alu_muldiv/exec_cnt_dfflr/qout_r_reg[0]) that has an active asychronous set or reset. This may cause corruption of the memory contents and/or read values when the set/reset is asserted and is not analyzed by the default static timing analysis. It is suggested to eliminate the use of a set/reset to registers driving this RAMB pin or else use a synchronous reset in which the assertion of the reset is timed by default.
WARNING: [DRC REQP-1839] RAMB36 async control check: The RAMB36E1 system_top_i/system_e203_0/inst/dut/u_e203_subsys_top/u_e203_subsys_main/u_e203_cpu_top/u_e203_srams/u_e203_dtcm_ram/u_e203_dtcm_gnrl_ram/u_sirv_sim_ram/mem[1].non_last.mem_r_reg_0_0 has an input control pin system_top_i/system_e203_0/inst/dut/u_e203_subsys_top/u_e203_subsys_main/u_e203_cpu_top/u_e203_srams/u_e203_dtcm_ram/u_e203_dtcm_gnrl_ram/u_sirv_sim_ram/mem[1].non_last.mem_r_reg_0_0/ADDRARDADDR[14] (net: system_top_i/system_e203_0/inst/dut/u_e203_subsys_top/u_e203_subsys_main/u_e203_cpu_top/u_e203_srams/u_e203_dtcm_ram/u_e203_dtcm_gnrl_ram/u_sirv_sim_ram/ADDRARDADDR[13]) which is driven by a register (system_top_i/system_e203_0/inst/dut/u_e203_subsys_top/u_e203_subsys_main/u_e203_cpu_top/u_e203_cpu/u_e203_core/u_e203_exu/u_e203_exu_alu/u_e203_exu_alu_muldiv/exec_cnt_dfflr/qout_r_reg[1]) that has an active asychronous set or reset. This may cause corruption of the memory contents and/or read values when the set/reset is asserted and is not analyzed by the default static timing analysis. It is suggested to eliminate the use of a set/reset to registers driving this RAMB pin or else use a synchronous reset in which the assertion of the reset is timed by default.
WARNING: [DRC REQP-1839] RAMB36 async control check: The RAMB36E1 system_top_i/system_e203_0/inst/dut/u_e203_subsys_top/u_e203_subsys_main/u_e203_cpu_top/u_e203_srams/u_e203_dtcm_ram/u_e203_dtcm_gnrl_ram/u_sirv_sim_ram/mem[1].non_last.mem_r_reg_0_0 has an input control pin system_top_i/system_e203_0/inst/dut/u_e203_subsys_top/u_e203_subsys_main/u_e203_cpu_top/u_e203_srams/u_e203_dtcm_ram/u_e203_dtcm_gnrl_ram/u_sirv_sim_ram/mem[1].non_last.mem_r_reg_0_0/ADDRARDADDR[14] (net: system_top_i/system_e203_0/inst/dut/u_e203_subsys_top/u_e203_subsys_main/u_e203_cpu_top/u_e203_srams/u_e203_dtcm_ram/u_e203_dtcm_gnrl_ram/u_sirv_sim_ram/ADDRARDADDR[13]) which is driven by a register (system_top_i/system_e203_0/inst/dut/u_e203_subsys_top/u_e203_subsys_main/u_e203_cpu_top/u_e203_cpu/u_e203_core/u_e203_exu/u_e203_exu_alu/u_e203_exu_alu_muldiv/exec_cnt_dfflr/qout_r_reg[2]) that has an active asychronous set or reset. This may cause corruption of the memory contents and/or read values when the set/reset is asserted and is not analyzed by the default static timing analysis. It is suggested to eliminate the use of a set/reset to registers driving this RAMB pin or else use a synchronous reset in which the assertion of the reset is timed by default.
WARNING: [DRC REQP-1839] RAMB36 async control check: The RAMB36E1 system_top_i/system_e203_0/inst/dut/u_e203_subsys_top/u_e203_subsys_main/u_e203_cpu_top/u_e203_srams/u_e203_dtcm_ram/u_e203_dtcm_gnrl_ram/u_sirv_sim_ram/mem[1].non_last.mem_r_reg_0_0 has an input control pin system_top_i/system_e203_0/inst/dut/u_e203_subsys_top/u_e203_subsys_main/u_e203_cpu_top/u_e203_srams/u_e203_dtcm_ram/u_e203_dtcm_gnrl_ram/u_sirv_sim_ram/mem[1].non_last.mem_r_reg_0_0/ADDRARDADDR[14] (net: system_top_i/system_e203_0/inst/dut/u_e203_subsys_top/u_e203_subsys_main/u_e203_cpu_top/u_e203_srams/u_e203_dtcm_ram/u_e203_dtcm_gnrl_ram/u_sirv_sim_ram/ADDRARDADDR[13]) which is driven by a register (system_top_i/system_e203_0/inst/dut/u_e203_subsys_top/u_e203_subsys_main/u_e203_cpu_top/u_e203_cpu/u_e203_core/u_e203_exu/u_e203_exu_alu/u_e203_exu_alu_muldiv/exec_cnt_dfflr/qout_r_reg[3]) that has an active asychronous set or reset. This may cause corruption of the memory contents and/or read values when the set/reset is asserted and is not analyzed by the default static timing analysis. It is suggested to eliminate the use of a set/reset to registers driving this RAMB pin or else use a synchronous reset in which the assertion of the reset is timed by default.
WARNING: [DRC REQP-1839] RAMB36 async control check: The RAMB36E1 system_top_i/system_e203_0/inst/dut/u_e203_subsys_top/u_e203_subsys_main/u_e203_cpu_top/u_e203_srams/u_e203_dtcm_ram/u_e203_dtcm_gnrl_ram/u_sirv_sim_ram/mem[1].non_last.mem_r_reg_0_0 has an input control pin system_top_i/system_e203_0/inst/dut/u_e203_subsys_top/u_e203_subsys_main/u_e203_cpu_top/u_e203_srams/u_e203_dtcm_ram/u_e203_dtcm_gnrl_ram/u_sirv_sim_ram/mem[1].non_last.mem_r_reg_0_0/ADDRARDADDR[14] (net: system_top_i/system_e203_0/inst/dut/u_e203_subsys_top/u_e203_subsys_main/u_e203_cpu_top/u_e203_srams/u_e203_dtcm_ram/u_e203_dtcm_gnrl_ram/u_sirv_sim_ram/ADDRARDADDR[13]) which is driven by a register (system_top_i/system_e203_0/inst/dut/u_e203_subsys_top/u_e203_subsys_main/u_e203_cpu_top/u_e203_cpu/u_e203_core/u_e203_exu/u_e203_exu_alu/u_e203_exu_alu_muldiv/exec_cnt_dfflr/qout_r_reg[4]) that has an active asychronous set or reset. This may cause corruption of the memory contents and/or read values when the set/reset is asserted and is not analyzed by the default static timing analysis. It is suggested to eliminate the use of a set/reset to registers driving this RAMB pin or else use a synchronous reset in which the assertion of the reset is timed by default.
WARNING: [DRC REQP-1839] RAMB36 async control check: The RAMB36E1 system_top_i/system_e203_0/inst/dut/u_e203_subsys_top/u_e203_subsys_main/u_e203_cpu_top/u_e203_srams/u_e203_dtcm_ram/u_e203_dtcm_gnrl_ram/u_sirv_sim_ram/mem[1].non_last.mem_r_reg_0_0 has an input control pin system_top_i/system_e203_0/inst/dut/u_e203_subsys_top/u_e203_subsys_main/u_e203_cpu_top/u_e203_srams/u_e203_dtcm_ram/u_e203_dtcm_gnrl_ram/u_sirv_sim_ram/mem[1].non_last.mem_r_reg_0_0/ADDRARDADDR[14] (net: system_top_i/system_e203_0/inst/dut/u_e203_subsys_top/u_e203_subsys_main/u_e203_cpu_top/u_e203_srams/u_e203_dtcm_ram/u_e203_dtcm_gnrl_ram/u_sirv_sim_ram/ADDRARDADDR[13]) which is driven by a register (system_top_i/system_e203_0/inst/dut/u_e203_subsys_top/u_e203_subsys_main/u_e203_cpu_top/u_e203_cpu/u_e203_core/u_e203_exu/u_e203_exu_alu/u_e203_exu_alu_muldiv/exec_cnt_dfflr/qout_r_reg[5]) that has an active asychronous set or reset. This may cause corruption of the memory contents and/or read values when the set/reset is asserted and is not analyzed by the default static timing analysis. It is suggested to eliminate the use of a set/reset to registers driving this RAMB pin or else use a synchronous reset in which the assertion of the reset is timed by default.
WARNING: [DRC REQP-1839] RAMB36 async control check: The RAMB36E1 system_top_i/system_e203_0/inst/dut/u_e203_subsys_top/u_e203_subsys_main/u_e203_cpu_top/u_e203_srams/u_e203_dtcm_ram/u_e203_dtcm_gnrl_ram/u_sirv_sim_ram/mem[1].non_last.mem_r_reg_0_0 has an input control pin system_top_i/system_e203_0/inst/dut/u_e203_subsys_top/u_e203_subsys_main/u_e203_cpu_top/u_e203_srams/u_e203_dtcm_ram/u_e203_dtcm_gnrl_ram/u_sirv_sim_ram/mem[1].non_last.mem_r_reg_0_0/ADDRARDADDR[14] (net: system_top_i/system_e203_0/inst/dut/u_e203_subsys_top/u_e203_subsys_main/u_e203_cpu_top/u_e203_srams/u_e203_dtcm_ram/u_e203_dtcm_gnrl_ram/u_sirv_sim_ram/ADDRARDADDR[13]) which is driven by a register (system_top_i/system_e203_0/inst/dut/u_e203_subsys_top/u_e203_subsys_main/u_e203_cpu_top/u_e203_cpu/u_e203_core/u_e203_exu/u_e203_exu_alu/u_e203_exu_alu_muldiv/muldiv_state_dfflr/qout_r_reg[0]) that has an active asychronous set or reset. This may cause corruption of the memory contents and/or read values when the set/reset is asserted and is not analyzed by the default static timing analysis. It is suggested to eliminate the use of a set/reset to registers driving this RAMB pin or else use a synchronous reset in which the assertion of the reset is timed by default.
WARNING: [DRC REQP-1839] RAMB36 async control check: The RAMB36E1 system_top_i/system_e203_0/inst/dut/u_e203_subsys_top/u_e203_subsys_main/u_e203_cpu_top/u_e203_srams/u_e203_dtcm_ram/u_e203_dtcm_gnrl_ram/u_sirv_sim_ram/mem[1].non_last.mem_r_reg_0_0 has an input control pin system_top_i/system_e203_0/inst/dut/u_e203_subsys_top/u_e203_subsys_main/u_e203_cpu_top/u_e203_srams/u_e203_dtcm_ram/u_e203_dtcm_gnrl_ram/u_sirv_sim_ram/mem[1].non_last.mem_r_reg_0_0/ADDRARDADDR[14] (net: system_top_i/system_e203_0/inst/dut/u_e203_subsys_top/u_e203_subsys_main/u_e203_cpu_top/u_e203_srams/u_e203_dtcm_ram/u_e203_dtcm_gnrl_ram/u_sirv_sim_ram/ADDRARDADDR[13]) which is driven by a register (system_top_i/system_e203_0/inst/dut/u_e203_subsys_top/u_e203_subsys_main/u_e203_cpu_top/u_e203_cpu/u_e203_nice_core/sbuf_cmd_cnt_dfflr/qout_r_reg[0]) that has an active asychronous set or reset. This may cause corruption of the memory contents and/or read values when the set/reset is asserted and is not analyzed by the default static timing analysis. It is suggested to eliminate the use of a set/reset to registers driving this RAMB pin or else use a synchronous reset in which the assertion of the reset is timed by default.
WARNING: [DRC REQP-1839] RAMB36 async control check: The RAMB36E1 system_top_i/system_e203_0/inst/dut/u_e203_subsys_top/u_e203_subsys_main/u_e203_cpu_top/u_e203_srams/u_e203_dtcm_ram/u_e203_dtcm_gnrl_ram/u_sirv_sim_ram/mem[1].non_last.mem_r_reg_0_0 has an input control pin system_top_i/system_e203_0/inst/dut/u_e203_subsys_top/u_e203_subsys_main/u_e203_cpu_top/u_e203_srams/u_e203_dtcm_ram/u_e203_dtcm_gnrl_ram/u_sirv_sim_ram/mem[1].non_last.mem_r_reg_0_0/ADDRARDADDR[14] (net: system_top_i/system_e203_0/inst/dut/u_e203_subsys_top/u_e203_subsys_main/u_e203_cpu_top/u_e203_srams/u_e203_dtcm_ram/u_e203_dtcm_gnrl_ram/u_sirv_sim_ram/ADDRARDADDR[13]) which is driven by a register (system_top_i/system_e203_0/inst/dut/u_e203_subsys_top/u_e203_subsys_main/u_e203_cpu_top/u_e203_cpu/u_e203_nice_core/sbuf_cmd_cnt_dfflr/qout_r_reg[1]) that has an active asychronous set or reset. This may cause corruption of the memory contents and/or read values when the set/reset is asserted and is not analyzed by the default static timing analysis. It is suggested to eliminate the use of a set/reset to registers driving this RAMB pin or else use a synchronous reset in which the assertion of the reset is timed by default.
WARNING: [DRC REQP-1839] RAMB36 async control check: The RAMB36E1 system_top_i/system_e203_0/inst/dut/u_e203_subsys_top/u_e203_subsys_main/u_e203_cpu_top/u_e203_srams/u_e203_dtcm_ram/u_e203_dtcm_gnrl_ram/u_sirv_sim_ram/mem[1].non_last.mem_r_reg_0_0 has an input control pin system_top_i/system_e203_0/inst/dut/u_e203_subsys_top/u_e203_subsys_main/u_e203_cpu_top/u_e203_srams/u_e203_dtcm_ram/u_e203_dtcm_gnrl_ram/u_sirv_sim_ram/mem[1].non_last.mem_r_reg_0_0/ADDRARDADDR[14] (net: system_top_i/system_e203_0/inst/dut/u_e203_subsys_top/u_e203_subsys_main/u_e203_cpu_top/u_e203_srams/u_e203_dtcm_ram/u_e203_dtcm_gnrl_ram/u_sirv_sim_ram/ADDRARDADDR[13]) which is driven by a register (system_top_i/system_e203_0/inst/dut/u_e203_subsys_top/u_e203_subsys_main/u_e203_cpu_top/u_e203_cpu/u_e203_nice_core/sbuf_cnt_dfflr/qout_r_reg[0]) that has an active asychronous set or reset. This may cause corruption of the memory contents and/or read values when the set/reset is asserted and is not analyzed by the default static timing analysis. It is suggested to eliminate the use of a set/reset to registers driving this RAMB pin or else use a synchronous reset in which the assertion of the reset is timed by default.
WARNING: [DRC REQP-1839] RAMB36 async control check: The RAMB36E1 system_top_i/system_e203_0/inst/dut/u_e203_subsys_top/u_e203_subsys_main/u_e203_cpu_top/u_e203_srams/u_e203_dtcm_ram/u_e203_dtcm_gnrl_ram/u_sirv_sim_ram/mem[1].non_last.mem_r_reg_0_0 has an input control pin system_top_i/system_e203_0/inst/dut/u_e203_subsys_top/u_e203_subsys_main/u_e203_cpu_top/u_e203_srams/u_e203_dtcm_ram/u_e203_dtcm_gnrl_ram/u_sirv_sim_ram/mem[1].non_last.mem_r_reg_0_0/ADDRARDADDR[14] (net: system_top_i/system_e203_0/inst/dut/u_e203_subsys_top/u_e203_subsys_main/u_e203_cpu_top/u_e203_srams/u_e203_dtcm_ram/u_e203_dtcm_gnrl_ram/u_sirv_sim_ram/ADDRARDADDR[13]) which is driven by a register (system_top_i/system_e203_0/inst/dut/u_e203_subsys_top/u_e203_subsys_main/u_e203_cpu_top/u_e203_cpu/u_e203_nice_core/sbuf_cnt_dfflr/qout_r_reg[1]) that has an active asychronous set or reset. This may cause corruption of the memory contents and/or read values when the set/reset is asserted and is not analyzed by the default static timing analysis. It is suggested to eliminate the use of a set/reset to registers driving this RAMB pin or else use a synchronous reset in which the assertion of the reset is timed by default.
WARNING: [DRC REQP-1839] RAMB36 async control check: The RAMB36E1 system_top_i/system_e203_0/inst/dut/u_e203_subsys_top/u_e203_subsys_main/u_e203_cpu_top/u_e203_srams/u_e203_dtcm_ram/u_e203_dtcm_gnrl_ram/u_sirv_sim_ram/mem[1].non_last.mem_r_reg_0_0 has an input control pin system_top_i/system_e203_0/inst/dut/u_e203_subsys_top/u_e203_subsys_main/u_e203_cpu_top/u_e203_srams/u_e203_dtcm_ram/u_e203_dtcm_gnrl_ram/u_sirv_sim_ram/mem[1].non_last.mem_r_reg_0_0/ADDRARDADDR[14] (net: system_top_i/system_e203_0/inst/dut/u_e203_subsys_top/u_e203_subsys_main/u_e203_cpu_top/u_e203_srams/u_e203_dtcm_ram/u_e203_dtcm_gnrl_ram/u_sirv_sim_ram/ADDRARDADDR[13]) which is driven by a register (system_top_i/system_e203_0/inst/dut/u_e203_subsys_top/u_e203_subsys_main/u_e203_cpu_top/u_e203_cpu/u_e203_nice_core/state_dfflr/qout_r_reg[0]) that has an active asychronous set or reset. This may cause corruption of the memory contents and/or read values when the set/reset is asserted and is not analyzed by the default static timing analysis. It is suggested to eliminate the use of a set/reset to registers driving this RAMB pin or else use a synchronous reset in which the assertion of the reset is timed by default.
WARNING: [DRC REQP-1839] RAMB36 async control check: The RAMB36E1 system_top_i/system_e203_0/inst/dut/u_e203_subsys_top/u_e203_subsys_main/u_e203_cpu_top/u_e203_srams/u_e203_dtcm_ram/u_e203_dtcm_gnrl_ram/u_sirv_sim_ram/mem[1].non_last.mem_r_reg_0_0 has an input control pin system_top_i/system_e203_0/inst/dut/u_e203_subsys_top/u_e203_subsys_main/u_e203_cpu_top/u_e203_srams/u_e203_dtcm_ram/u_e203_dtcm_gnrl_ram/u_sirv_sim_ram/mem[1].non_last.mem_r_reg_0_0/ADDRARDADDR[14] (net: system_top_i/system_e203_0/inst/dut/u_e203_subsys_top/u_e203_subsys_main/u_e203_cpu_top/u_e203_srams/u_e203_dtcm_ram/u_e203_dtcm_gnrl_ram/u_sirv_sim_ram/ADDRARDADDR[13]) which is driven by a register (system_top_i/system_e203_0/inst/dut/u_e203_subsys_top/u_e203_subsys_main/u_e203_cpu_top/u_e203_cpu/u_e203_nice_core/state_dfflr/qout_r_reg[1]) that has an active asychronous set or reset. This may cause corruption of the memory contents and/or read values when the set/reset is asserted and is not analyzed by the default static timing analysis. It is suggested to eliminate the use of a set/reset to registers driving this RAMB pin or else use a synchronous reset in which the assertion of the reset is timed by default.
WARNING: [DRC RPBF-3] IO port buffering is incomplete: Device port pmu_paden expects both input and output buffering but the buffers are incomplete.
WARNING: [DRC RPBF-3] IO port buffering is incomplete: Device port pmu_padrst expects both input and output buffering but the buffers are incomplete.
INFO: [Vivado_Tcl 4-198] DRC finished with 0 Errors, 23 Warnings
INFO: [Vivado_Tcl 4-199] Please refer to the DRC report (report_drc) for more information.

Starting Placer Task
INFO: [Place 30-611] Multithreading enabled for place_design using a maximum of 8 CPUs

Phase 1 Placer Initialization

Phase 1.1 Placer Initialization Netlist Sorting
Netlist sorting complete. Time (s): cpu = 00:00:00.01 ; elapsed = 00:00:00.01 . Memory (MB): peak = 3455.156 ; gain = 0.000 ; free physical = 7352 ; free virtual = 12155
Phase 1.1 Placer Initialization Netlist Sorting | Checksum: 1cf178d9f

Time (s): cpu = 00:00:00.01 ; elapsed = 00:00:00.02 . Memory (MB): peak = 3455.156 ; gain = 0.000 ; free physical = 7352 ; free virtual = 12155
Netlist sorting complete. Time (s): cpu = 00:00:00 ; elapsed = 00:00:00 . Memory (MB): peak = 3455.156 ; gain = 0.000 ; free physical = 7352 ; free virtual = 12155

Phase 1.2 IO Placement/ Clock Placement/ Build Placer Device
WARNING: [Place 30-574] Poor placement for routing between an IO pin and BUFG. This is normally an ERROR but the CLOCK_DEDICATED_ROUTE constraint is set to FALSE allowing your design to continue. The use of this override is highly discouraged as it may lead to very poor timing results. It is recommended that this error condition be corrected in the design.

	system_top_i/system_e203_0/inst/IOBUF_jtag_TCK/IBUF (IBUF.O) is locked to IOB_X0Y106
	system_top_i/system_e203_0/inst/dut_io_pads_jtag_TCK_i_ival_BUFG_inst (BUFG.I) is provisionally placed by clockplacer on BUFGCTRL_X0Y4
Resolution: Poor placement of an IO pin and a BUFG has resulted in the router using a non-dedicated path between the two.  There are several things that could trigger this DRC, each of which can cause unpredictable clock insertion delays that result in poor timing.  This DRC could be caused by any of the following: (a) a clock port was placed on a pin that is not a CCIO-pin (b)the BUFG has not been placed in the same half of the device or SLR as the CCIO-pin (c) a single ended clock has been placed on the N-Side of a differential pair CCIO-pin.
Phase 1.2 IO Placement/ Clock Placement/ Build Placer Device | Checksum: c15706f4

Time (s): cpu = 00:00:03 ; elapsed = 00:00:02 . Memory (MB): peak = 3455.156 ; gain = 0.000 ; free physical = 7397 ; free virtual = 12201

Phase 1.3 Build Placer Netlist Model
Phase 1.3 Build Placer Netlist Model | Checksum: 1134d521c

Time (s): cpu = 00:00:11 ; elapsed = 00:00:08 . Memory (MB): peak = 3455.156 ; gain = 0.000 ; free physical = 7309 ; free virtual = 12112

Phase 1.4 Constrain Clocks/Macros
Phase 1.4 Constrain Clocks/Macros | Checksum: 1134d521c

Time (s): cpu = 00:00:11 ; elapsed = 00:00:08 . Memory (MB): peak = 3455.156 ; gain = 0.000 ; free physical = 7309 ; free virtual = 12112
Phase 1 Placer Initialization | Checksum: 1134d521c

Time (s): cpu = 00:00:11 ; elapsed = 00:00:08 . Memory (MB): peak = 3455.156 ; gain = 0.000 ; free physical = 7309 ; free virtual = 12112

Phase 2 Global Placement

Phase 2.1 Floorplanning
Phase 2.1 Floorplanning | Checksum: 139192ab6

Time (s): cpu = 00:00:14 ; elapsed = 00:00:10 . Memory (MB): peak = 3455.156 ; gain = 0.000 ; free physical = 7336 ; free virtual = 12140

Phase 2.2 Update Timing before SLR Path Opt
Phase 2.2 Update Timing before SLR Path Opt | Checksum: 1ad97c1e2

Time (s): cpu = 00:00:16 ; elapsed = 00:00:12 . Memory (MB): peak = 3455.156 ; gain = 0.000 ; free physical = 7324 ; free virtual = 12128

Phase 2.3 Global Placement Core

Phase 2.3.1 Physical Synthesis In Placer
INFO: [Physopt 32-1035] Found 0 LUTNM shape to break, 1529 LUT instances to create LUTNM shape
INFO: [Physopt 32-1044] Break lutnm for timing: one critical 0, two critical 0, total 0, new lutff created 0
INFO: [Physopt 32-775] End 1 Pass. Optimized 679 nets or cells. Created 0 new cell, deleted 679 existing cells and moved 0 existing cell
INFO: [Physopt 32-65] No nets found for high-fanout optimization.
INFO: [Physopt 32-232] Optimized 0 net. Created 0 new instance.
INFO: [Physopt 32-775] End 1 Pass. Optimized 0 net or cell. Created 0 new cell, deleted 0 existing cell and moved 0 existing cell
INFO: [Physopt 32-670] No setup violation found.  DSP Register Optimization was not performed.
INFO: [Physopt 32-670] No setup violation found.  Shift Register to Pipeline Optimization was not performed.
INFO: [Physopt 32-670] No setup violation found.  Shift Register Optimization was not performed.
INFO: [Physopt 32-670] No setup violation found.  BRAM Register Optimization was not performed.
INFO: [Physopt 32-670] No setup violation found.  URAM Register Optimization was not performed.
INFO: [Physopt 32-949] No candidate nets found for dynamic/static region interface net replication
INFO: [Physopt 32-775] End 1 Pass. Optimized 0 net or cell. Created 0 new cell, deleted 0 existing cell and moved 0 existing cell
Netlist sorting complete. Time (s): cpu = 00:00:00.01 ; elapsed = 00:00:00 . Memory (MB): peak = 3455.156 ; gain = 0.000 ; free physical = 7301 ; free virtual = 12105

Summary of Physical Synthesis Optimizations
============================================


-----------------------------------------------------------------------------------------------------------------------------------------------------------
|  Optimization                                     |  Added Cells  |  Removed Cells  |  Optimized Cells/Nets  |  Dont Touch  |  Iterations  |  Elapsed   |
-----------------------------------------------------------------------------------------------------------------------------------------------------------
|  LUT Combining                                    |            0  |            679  |                   679  |           0  |           1  |  00:00:01  |
|  Very High Fanout                                 |            0  |              0  |                     0  |           0  |           1  |  00:00:00  |
|  DSP Register                                     |            0  |              0  |                     0  |           0  |           0  |  00:00:00  |
|  Shift Register to Pipeline                       |            0  |              0  |                     0  |           0  |           0  |  00:00:00  |
|  Shift Register                                   |            0  |              0  |                     0  |           0  |           0  |  00:00:00  |
|  BRAM Register                                    |            0  |              0  |                     0  |           0  |           0  |  00:00:00  |
|  URAM Register                                    |            0  |              0  |                     0  |           0  |           0  |  00:00:00  |
|  Dynamic/Static Region Interface Net Replication  |            0  |              0  |                     0  |           0  |           1  |  00:00:00  |
|  Total                                            |            0  |            679  |                   679  |           0  |           3  |  00:00:01  |
-----------------------------------------------------------------------------------------------------------------------------------------------------------


Phase 2.3.1 Physical Synthesis In Placer | Checksum: 1527db59e

Time (s): cpu = 00:00:44 ; elapsed = 00:00:33 . Memory (MB): peak = 3455.156 ; gain = 0.000 ; free physical = 7288 ; free virtual = 12091
Phase 2.3 Global Placement Core | Checksum: c7d5de39

Time (s): cpu = 00:00:47 ; elapsed = 00:00:34 . Memory (MB): peak = 3455.156 ; gain = 0.000 ; free physical = 7288 ; free virtual = 12091
Phase 2 Global Placement | Checksum: c7d5de39

Time (s): cpu = 00:00:47 ; elapsed = 00:00:34 . Memory (MB): peak = 3455.156 ; gain = 0.000 ; free physical = 7303 ; free virtual = 12106

Phase 3 Detail Placement

Phase 3.1 Commit Multi Column Macros
Phase 3.1 Commit Multi Column Macros | Checksum: 14128b458

Time (s): cpu = 00:00:49 ; elapsed = 00:00:36 . Memory (MB): peak = 3455.156 ; gain = 0.000 ; free physical = 7312 ; free virtual = 12116

Phase 3.2 Commit Most Macros & LUTRAMs
Phase 3.2 Commit Most Macros & LUTRAMs | Checksum: 1800026ad

Time (s): cpu = 00:00:53 ; elapsed = 00:00:41 . Memory (MB): peak = 3455.156 ; gain = 0.000 ; free physical = 7300 ; free virtual = 12104

Phase 3.3 Area Swap Optimization
Phase 3.3 Area Swap Optimization | Checksum: 1c9e96d15

Time (s): cpu = 00:00:53 ; elapsed = 00:00:41 . Memory (MB): peak = 3455.156 ; gain = 0.000 ; free physical = 7300 ; free virtual = 12104

Phase 3.4 Pipeline Register Optimization
Phase 3.4 Pipeline Register Optimization | Checksum: 18cf2e316

Time (s): cpu = 00:00:53 ; elapsed = 00:00:41 . Memory (MB): peak = 3455.156 ; gain = 0.000 ; free physical = 7300 ; free virtual = 12104

Phase 3.5 Fast Optimization
Phase 3.5 Fast Optimization | Checksum: 1a45079bd

Time (s): cpu = 00:00:56 ; elapsed = 00:00:44 . Memory (MB): peak = 3455.156 ; gain = 0.000 ; free physical = 7303 ; free virtual = 12107

Phase 3.6 Small Shape Detail Placement
Phase 3.6 Small Shape Detail Placement | Checksum: 1722505e7

Time (s): cpu = 00:01:04 ; elapsed = 00:00:56 . Memory (MB): peak = 3455.156 ; gain = 0.000 ; free physical = 7253 ; free virtual = 12057

Phase 3.7 Re-assign LUT pins
Phase 3.7 Re-assign LUT pins | Checksum: 1fd735a42

Time (s): cpu = 00:01:06 ; elapsed = 00:00:58 . Memory (MB): peak = 3455.156 ; gain = 0.000 ; free physical = 7253 ; free virtual = 12057

Phase 3.8 Pipeline Register Optimization
Phase 3.8 Pipeline Register Optimization | Checksum: 1abe38c90

Time (s): cpu = 00:01:06 ; elapsed = 00:00:58 . Memory (MB): peak = 3455.156 ; gain = 0.000 ; free physical = 7253 ; free virtual = 12057
Phase 3 Detail Placement | Checksum: 1abe38c90

Time (s): cpu = 00:01:06 ; elapsed = 00:00:58 . Memory (MB): peak = 3455.156 ; gain = 0.000 ; free physical = 7256 ; free virtual = 12060

Phase 4 Post Placement Optimization and Clean-Up

Phase 4.1 Post Commit Optimization
INFO: [Timing 38-35] Done setting XDC timing constraints.

Phase 4.1.1 Post Placement Optimization
Post Placement Optimization Initialization | Checksum: 17bbc11ee

Phase 4.1.1.1 BUFG Insertion

Starting Physical Synthesis Task

Phase 1 Physical Synthesis Initialization
INFO: [Physopt 32-721] Multithreading enabled for phys_opt_design using a maximum of 8 CPUs
INFO: [Physopt 32-619] Estimated Timing Summary | WNS=0.017 | TNS=0.000 |
Phase 1 Physical Synthesis Initialization | Checksum: 1cc174d26

Time (s): cpu = 00:00:02 ; elapsed = 00:00:00.79 . Memory (MB): peak = 3455.156 ; gain = 0.000 ; free physical = 7250 ; free virtual = 12054
INFO: [Place 46-33] Processed net system_top_i/system_e203_0/inst/dut/u_e203_subsys_top/u_e203_subsys_main/u_main_ResetCatchAndSync_2_1/reset_n_catch_reg/reg_0/AS[0], BUFG insertion was skipped due to placement/routing conflicts.
INFO: [Place 46-56] BUFG insertion identified 1 candidate nets. Inserted BUFG: 0, Replicated BUFG Driver: 0, Skipped due to Placement/Routing Conflicts: 1, Skipped due to Timing Degradation: 0, Skipped due to Illegal Netlist: 0.
Ending Physical Synthesis Task | Checksum: 1f145ec27

Time (s): cpu = 00:00:03 ; elapsed = 00:00:01 . Memory (MB): peak = 3455.156 ; gain = 0.000 ; free physical = 7249 ; free virtual = 12053
Phase 4.1.1.1 BUFG Insertion | Checksum: 17bbc11ee

Time (s): cpu = 00:01:18 ; elapsed = 00:01:04 . Memory (MB): peak = 3455.156 ; gain = 0.000 ; free physical = 7249 ; free virtual = 12053
INFO: [Place 30-746] Post Placement Timing Summary WNS=0.596. For the most accurate timing information please run report_timing.

Time (s): cpu = 00:01:19 ; elapsed = 00:01:05 . Memory (MB): peak = 3455.156 ; gain = 0.000 ; free physical = 7249 ; free virtual = 12053
Phase 4.1 Post Commit Optimization | Checksum: 1e9200d37

Time (s): cpu = 00:01:19 ; elapsed = 00:01:05 . Memory (MB): peak = 3455.156 ; gain = 0.000 ; free physical = 7249 ; free virtual = 12053

Phase 4.2 Post Placement Cleanup
Phase 4.2 Post Placement Cleanup | Checksum: 1e9200d37

Time (s): cpu = 00:01:19 ; elapsed = 00:01:06 . Memory (MB): peak = 3455.156 ; gain = 0.000 ; free physical = 7249 ; free virtual = 12053

Phase 4.3 Placer Reporting

Phase 4.3.1 Print Estimated Congestion
INFO: [Place 30-612] Post-Placement Estimated Congestion 
 ____________________________________________________
|           | Global Congestion | Short Congestion  |
| Direction | Region Size       | Region Size       |
|___________|___________________|___________________|
|      North|                1x1|                2x2|
|___________|___________________|___________________|
|      South|                1x1|                2x2|
|___________|___________________|___________________|
|       East|                1x1|                1x1|
|___________|___________________|___________________|
|       West|                1x1|                1x1|
|___________|___________________|___________________|

Phase 4.3.1 Print Estimated Congestion | Checksum: 1e9200d37

Time (s): cpu = 00:01:20 ; elapsed = 00:01:06 . Memory (MB): peak = 3455.156 ; gain = 0.000 ; free physical = 7249 ; free virtual = 12053
Phase 4.3 Placer Reporting | Checksum: 1e9200d37

Time (s): cpu = 00:01:20 ; elapsed = 00:01:06 . Memory (MB): peak = 3455.156 ; gain = 0.000 ; free physical = 7249 ; free virtual = 12053

Phase 4.4 Final Placement Cleanup
Netlist sorting complete. Time (s): cpu = 00:00:00 ; elapsed = 00:00:00.01 . Memory (MB): peak = 3455.156 ; gain = 0.000 ; free physical = 7249 ; free virtual = 12053

Time (s): cpu = 00:01:20 ; elapsed = 00:01:06 . Memory (MB): peak = 3455.156 ; gain = 0.000 ; free physical = 7249 ; free virtual = 12053
Phase 4 Post Placement Optimization and Clean-Up | Checksum: 15a32da54

Time (s): cpu = 00:01:20 ; elapsed = 00:01:06 . Memory (MB): peak = 3455.156 ; gain = 0.000 ; free physical = 7249 ; free virtual = 12053
Ending Placer Task | Checksum: 1045725b2

Time (s): cpu = 00:01:20 ; elapsed = 00:01:06 . Memory (MB): peak = 3455.156 ; gain = 0.000 ; free physical = 7249 ; free virtual = 12053
INFO: [Common 17-83] Releasing license: Implementation
101 Infos, 26 Warnings, 0 Critical Warnings and 0 Errors encountered.
place_design completed successfully
place_design: Time (s): cpu = 00:01:23 ; elapsed = 00:01:07 . Memory (MB): peak = 3455.156 ; gain = 0.000 ; free physical = 7336 ; free virtual = 12140
INFO: [Timing 38-480] Writing timing data to binary archive.
Writing placer database...
Writing XDEF routing.
Writing XDEF routing logical nets.
Writing XDEF routing special nets.
Write XDEF Complete: Time (s): cpu = 00:00:05 ; elapsed = 00:00:02 . Memory (MB): peak = 3455.156 ; gain = 0.000 ; free physical = 7232 ; free virtual = 12101
INFO: [Common 17-1381] The checkpoint '/home/oppenyes/workspace/my_git/e203_zs/prj/sys_top_bd/sys_top_bd.runs/impl_1/system_top_wrapper_placed.dcp' has been generated.
write_checkpoint: Time (s): cpu = 00:00:10 ; elapsed = 00:00:06 . Memory (MB): peak = 3455.156 ; gain = 0.000 ; free physical = 7262 ; free virtual = 12082
INFO: [runtcl-4] Executing : report_io -file system_top_wrapper_io_placed.rpt
report_io: Time (s): cpu = 00:00:00.09 ; elapsed = 00:00:00.19 . Memory (MB): peak = 3455.156 ; gain = 0.000 ; free physical = 7265 ; free virtual = 12084
INFO: [runtcl-4] Executing : report_utilization -file system_top_wrapper_utilization_placed.rpt -pb system_top_wrapper_utilization_placed.pb
INFO: [runtcl-4] Executing : report_control_sets -verbose -file system_top_wrapper_control_sets_placed.rpt
report_control_sets: Time (s): cpu = 00:00:00.14 ; elapsed = 00:00:00.23 . Memory (MB): peak = 3455.156 ; gain = 0.000 ; free physical = 7268 ; free virtual = 12088
Command: phys_opt_design
Attempting to get a license for feature 'Implementation' and/or device 'xc7a200t'
INFO: [Common 17-349] Got license for feature 'Implementation' and/or device 'xc7a200t'
INFO: [Vivado_Tcl 4-383] Design worst setup slack (WNS) is greater than or equal to 0.000 ns. Skipping all physical synthesis optimizations.
INFO: [Vivado_Tcl 4-232] No setup violation found. The netlist was not modified.
INFO: [Common 17-83] Releasing license: Implementation
110 Infos, 26 Warnings, 0 Critical Warnings and 0 Errors encountered.
phys_opt_design completed successfully
INFO: [Timing 38-480] Writing timing data to binary archive.
Writing placer database...
Writing XDEF routing.
Writing XDEF routing logical nets.
Writing XDEF routing special nets.
Write XDEF Complete: Time (s): cpu = 00:00:05 ; elapsed = 00:00:02 . Memory (MB): peak = 3455.156 ; gain = 0.000 ; free physical = 7171 ; free virtual = 12057
INFO: [Common 17-1381] The checkpoint '/home/oppenyes/workspace/my_git/e203_zs/prj/sys_top_bd/sys_top_bd.runs/impl_1/system_top_wrapper_physopt.dcp' has been generated.
write_checkpoint: Time (s): cpu = 00:00:10 ; elapsed = 00:00:06 . Memory (MB): peak = 3455.156 ; gain = 0.000 ; free physical = 7211 ; free virtual = 12047
Command: route_design
Attempting to get a license for feature 'Implementation' and/or device 'xc7a200t'
INFO: [Common 17-349] Got license for feature 'Implementation' and/or device 'xc7a200t'
Running DRC as a precondition to command route_design
INFO: [DRC 23-27] Running DRC with 8 threads
WARNING: [DRC PLCK-12] Clock Placer Checks: Poor placement for routing between an IO pin and BUFG. 
Resolution: Poor placement of an IO pin and a BUFG has resulted in the router using a non-dedicated path between the two.  There are several things that could trigger this DRC, each of which can cause unpredictable clock insertion delays that result in poor timing.  This DRC could be caused by any of the following: (a) a clock port was placed on a pin that is not a CCIO-pin (b)the BUFG has not been placed in the same half of the device or SLR as the CCIO-pin (c) a single ended clock has been placed on the N-Side of a differential pair CCIO-pin.
 This is normally an ERROR but the CLOCK_DEDICATED_ROUTE constraint is set to FALSE allowing your design to continue. The use of this override is highly discouraged as it may lead to very poor timing results. It is recommended that this error condition be corrected in the design.

	system_top_i/system_e203_0/inst/IOBUF_jtag_TCK/IBUF (IBUF.O) is locked to IOB_X0Y106
	system_top_i/system_e203_0/inst/dut_io_pads_jtag_TCK_i_ival_BUFG_inst (BUFG.I) is provisionally placed by clockplacer on BUFGCTRL_X0Y4
INFO: [Vivado_Tcl 4-198] DRC finished with 0 Errors, 1 Warnings
INFO: [Vivado_Tcl 4-199] Please refer to the DRC report (report_drc) for more information.


Starting Routing Task
INFO: [Route 35-254] Multithreading enabled for route_design using a maximum of 8 CPUs
Checksum: PlaceDB: d0b0a426 ConstDB: 0 ShapeSum: 33a6818c RouteDB: 0

Phase 1 Build RT Design
Phase 1 Build RT Design | Checksum: 16327d7f3

Time (s): cpu = 00:00:34 ; elapsed = 00:00:22 . Memory (MB): peak = 3495.738 ; gain = 40.582 ; free physical = 7003 ; free virtual = 11839
Post Restoration Checksum: NetGraph: 66dc79c4 NumContArr: fc4b5e2f Constraints: 0 Timing: 0

Phase 2 Router Initialization

Phase 2.1 Create Timer
Phase 2.1 Create Timer | Checksum: 16327d7f3

Time (s): cpu = 00:00:35 ; elapsed = 00:00:22 . Memory (MB): peak = 3495.738 ; gain = 40.582 ; free physical = 7008 ; free virtual = 11845

Phase 2.2 Fix Topology Constraints
Phase 2.2 Fix Topology Constraints | Checksum: 16327d7f3

Time (s): cpu = 00:00:35 ; elapsed = 00:00:22 . Memory (MB): peak = 3530.734 ; gain = 75.578 ; free physical = 6969 ; free virtual = 11805

Phase 2.3 Pre Route Cleanup
Phase 2.3 Pre Route Cleanup | Checksum: 16327d7f3

Time (s): cpu = 00:00:35 ; elapsed = 00:00:22 . Memory (MB): peak = 3530.734 ; gain = 75.578 ; free physical = 6969 ; free virtual = 11805
 Number of Nodes with overlaps = 0

Phase 2.4 Update Timing
Phase 2.4 Update Timing | Checksum: aa2ca0c2

Time (s): cpu = 00:00:49 ; elapsed = 00:00:31 . Memory (MB): peak = 3581.734 ; gain = 126.578 ; free physical = 6903 ; free virtual = 11739
INFO: [Route 35-416] Intermediate Timing Summary | WNS=0.647  | TNS=0.000  | WHS=-2.831 | THS=-1276.091|


Phase 2.5 Update Timing for Bus Skew

Phase 2.5.1 Update Timing
Phase 2.5.1 Update Timing | Checksum: 14d070939

Time (s): cpu = 00:01:00 ; elapsed = 00:00:36 . Memory (MB): peak = 3581.734 ; gain = 126.578 ; free physical = 6922 ; free virtual = 11758
INFO: [Route 35-416] Intermediate Timing Summary | WNS=0.647  | TNS=0.000  | WHS=N/A    | THS=N/A    |

Phase 2.5 Update Timing for Bus Skew | Checksum: aab349f5

Time (s): cpu = 00:01:00 ; elapsed = 00:00:36 . Memory (MB): peak = 3581.734 ; gain = 126.578 ; free physical = 6918 ; free virtual = 11754
Phase 2 Router Initialization | Checksum: f2d47ec4

Time (s): cpu = 00:01:00 ; elapsed = 00:00:36 . Memory (MB): peak = 3581.734 ; gain = 126.578 ; free physical = 6918 ; free virtual = 11754

Router Utilization Summary
  Global Vertical Routing Utilization    = 0.00469683 %
  Global Horizontal Routing Utilization  = 0.015499 %
  Routable Net Status*
  *Does not include unroutable nets such as driverless and loadless.
  Run report_route_status for detailed report.
  Number of Failed Nets               = 39205
    (Failed Nets is the sum of unrouted and partially routed nets)
  Number of Unrouted Nets             = 39155
  Number of Partially Routed Nets     = 50
  Number of Node Overlaps             = 107


Phase 3 Initial Routing

Phase 3.1 Global Routing
Phase 3.1 Global Routing | Checksum: f2d47ec4

Time (s): cpu = 00:01:01 ; elapsed = 00:00:36 . Memory (MB): peak = 3588.734 ; gain = 133.578 ; free physical = 6886 ; free virtual = 11723
Phase 3 Initial Routing | Checksum: b21060b6

Time (s): cpu = 00:01:14 ; elapsed = 00:00:40 . Memory (MB): peak = 3636.734 ; gain = 181.578 ; free physical = 6877 ; free virtual = 11714

Phase 4 Rip-up And Reroute

Phase 4.1 Global Iteration 0
 Number of Nodes with overlaps = 4304
 Number of Nodes with overlaps = 231
 Number of Nodes with overlaps = 16
 Number of Nodes with overlaps = 3
 Number of Nodes with overlaps = 0
INFO: [Route 35-416] Intermediate Timing Summary | WNS=0.717  | TNS=0.000  | WHS=N/A    | THS=N/A    |

Phase 4.1 Global Iteration 0 | Checksum: 1fb5ef705

Time (s): cpu = 00:01:32 ; elapsed = 00:00:52 . Memory (MB): peak = 3636.734 ; gain = 181.578 ; free physical = 6929 ; free virtual = 11766
Phase 4 Rip-up And Reroute | Checksum: 1fb5ef705

Time (s): cpu = 00:01:32 ; elapsed = 00:00:52 . Memory (MB): peak = 3636.734 ; gain = 181.578 ; free physical = 6929 ; free virtual = 11766

Phase 5 Delay and Skew Optimization

Phase 5.1 Delay CleanUp

Phase 5.1.1 Update Timing
Phase 5.1.1 Update Timing | Checksum: 21b0756f2

Time (s): cpu = 00:01:35 ; elapsed = 00:00:54 . Memory (MB): peak = 3636.734 ; gain = 181.578 ; free physical = 6930 ; free virtual = 11766
INFO: [Route 35-416] Intermediate Timing Summary | WNS=0.798  | TNS=0.000  | WHS=N/A    | THS=N/A    |

Phase 5.1 Delay CleanUp | Checksum: 1f10900fb

Time (s): cpu = 00:01:35 ; elapsed = 00:00:54 . Memory (MB): peak = 3636.734 ; gain = 181.578 ; free physical = 6928 ; free virtual = 11764

Phase 5.2 Clock Skew Optimization
Phase 5.2 Clock Skew Optimization | Checksum: 1f10900fb

Time (s): cpu = 00:01:35 ; elapsed = 00:00:54 . Memory (MB): peak = 3636.734 ; gain = 181.578 ; free physical = 6928 ; free virtual = 11764
Phase 5 Delay and Skew Optimization | Checksum: 1f10900fb

Time (s): cpu = 00:01:36 ; elapsed = 00:00:54 . Memory (MB): peak = 3636.734 ; gain = 181.578 ; free physical = 6928 ; free virtual = 11764

Phase 6 Post Hold Fix

Phase 6.1 Hold Fix Iter

Phase 6.1.1 Update Timing
Phase 6.1.1 Update Timing | Checksum: 1f8fee61c

Time (s): cpu = 00:01:39 ; elapsed = 00:00:56 . Memory (MB): peak = 3636.734 ; gain = 181.578 ; free physical = 6932 ; free virtual = 11768
INFO: [Route 35-416] Intermediate Timing Summary | WNS=0.798  | TNS=0.000  | WHS=-1.414 | THS=-38.739|

Phase 6.1 Hold Fix Iter | Checksum: ce1c18c8

Time (s): cpu = 00:01:40 ; elapsed = 00:00:56 . Memory (MB): peak = 3636.734 ; gain = 181.578 ; free physical = 6932 ; free virtual = 11768
Phase 6 Post Hold Fix | Checksum: a4b80f29

Time (s): cpu = 00:01:40 ; elapsed = 00:00:56 . Memory (MB): peak = 3636.734 ; gain = 181.578 ; free physical = 6932 ; free virtual = 11768

Phase 7 Route finalize

Router Utilization Summary
  Global Vertical Routing Utilization    = 3.87734 %
  Global Horizontal Routing Utilization  = 4.80863 %
  Routable Net Status*
  *Does not include unroutable nets such as driverless and loadless.
  Run report_route_status for detailed report.
  Number of Failed Nets               = 0
    (Failed Nets is the sum of unrouted and partially routed nets)
  Number of Unrouted Nets             = 0
  Number of Partially Routed Nets     = 0
  Number of Node Overlaps             = 0

Phase 7 Route finalize | Checksum: b7b54d93

Time (s): cpu = 00:01:41 ; elapsed = 00:00:56 . Memory (MB): peak = 3636.734 ; gain = 181.578 ; free physical = 6930 ; free virtual = 11767

Phase 8 Verifying routed nets

 Verification completed successfully
Phase 8 Verifying routed nets | Checksum: b7b54d93

Time (s): cpu = 00:01:41 ; elapsed = 00:00:56 . Memory (MB): peak = 3636.734 ; gain = 181.578 ; free physical = 6925 ; free virtual = 11761

Phase 9 Depositing Routes
Phase 9 Depositing Routes | Checksum: 10c101838

Time (s): cpu = 00:01:43 ; elapsed = 00:00:59 . Memory (MB): peak = 3668.750 ; gain = 213.594 ; free physical = 6927 ; free virtual = 11763

Phase 10 Post Router Timing

Phase 10.1 Update Timing
Phase 10.1 Update Timing | Checksum: 119df6fe2

Time (s): cpu = 00:01:48 ; elapsed = 00:01:01 . Memory (MB): peak = 3668.750 ; gain = 213.594 ; free physical = 6931 ; free virtual = 11767
INFO: [Route 35-57] Estimated Timing Summary | WNS=0.798  | TNS=0.000  | WHS=0.053  | THS=0.000  |

INFO: [Route 35-327] The final timing numbers are based on the router estimated timing analysis. For a complete and accurate timing signoff, please run report_timing_summary.
Phase 10 Post Router Timing | Checksum: 119df6fe2

Time (s): cpu = 00:01:48 ; elapsed = 00:01:01 . Memory (MB): peak = 3668.750 ; gain = 213.594 ; free physical = 6931 ; free virtual = 11767
INFO: [Route 35-16] Router Completed Successfully

Time (s): cpu = 00:01:48 ; elapsed = 00:01:01 . Memory (MB): peak = 3668.750 ; gain = 213.594 ; free physical = 7007 ; free virtual = 11843

Routing Is Done.
INFO: [Common 17-83] Releasing license: Implementation
126 Infos, 27 Warnings, 0 Critical Warnings and 0 Errors encountered.
route_design completed successfully
route_design: Time (s): cpu = 00:01:58 ; elapsed = 00:01:06 . Memory (MB): peak = 3668.750 ; gain = 213.594 ; free physical = 7007 ; free virtual = 11843
INFO: [Timing 38-480] Writing timing data to binary archive.
Writing placer database...
Writing XDEF routing.
Writing XDEF routing logical nets.
Writing XDEF routing special nets.
Write XDEF Complete: Time (s): cpu = 00:00:06 ; elapsed = 00:00:02 . Memory (MB): peak = 3668.750 ; gain = 0.000 ; free physical = 6891 ; free virtual = 11810
INFO: [Common 17-1381] The checkpoint '/home/oppenyes/workspace/my_git/e203_zs/prj/sys_top_bd/sys_top_bd.runs/impl_1/system_top_wrapper_routed.dcp' has been generated.
write_checkpoint: Time (s): cpu = 00:00:11 ; elapsed = 00:00:07 . Memory (MB): peak = 3668.750 ; gain = 0.000 ; free physical = 6945 ; free virtual = 11800
INFO: [runtcl-4] Executing : report_drc -file system_top_wrapper_drc_routed.rpt -pb system_top_wrapper_drc_routed.pb -rpx system_top_wrapper_drc_routed.rpx
Command: report_drc -file system_top_wrapper_drc_routed.rpt -pb system_top_wrapper_drc_routed.pb -rpx system_top_wrapper_drc_routed.rpx
INFO: [IP_Flow 19-1839] IP Catalog is up to date.
INFO: [DRC 23-27] Running DRC with 8 threads
INFO: [Coretcl 2-168] The results of DRC are in file /home/oppenyes/workspace/my_git/e203_zs/prj/sys_top_bd/sys_top_bd.runs/impl_1/system_top_wrapper_drc_routed.rpt.
report_drc completed successfully
report_drc: Time (s): cpu = 00:00:18 ; elapsed = 00:00:05 . Memory (MB): peak = 3700.965 ; gain = 32.215 ; free physical = 6861 ; free virtual = 11716
INFO: [runtcl-4] Executing : report_methodology -file system_top_wrapper_methodology_drc_routed.rpt -pb system_top_wrapper_methodology_drc_routed.pb -rpx system_top_wrapper_methodology_drc_routed.rpx
Command: report_methodology -file system_top_wrapper_methodology_drc_routed.rpt -pb system_top_wrapper_methodology_drc_routed.pb -rpx system_top_wrapper_methodology_drc_routed.rpx
INFO: [Timing 38-35] Done setting XDC timing constraints.
INFO: [DRC 23-133] Running Methodology with 8 threads
INFO: [Coretcl 2-1520] The results of Report Methodology are in file /home/oppenyes/workspace/my_git/e203_zs/prj/sys_top_bd/sys_top_bd.runs/impl_1/system_top_wrapper_methodology_drc_routed.rpt.
report_methodology completed successfully
report_methodology: Time (s): cpu = 00:00:17 ; elapsed = 00:00:06 . Memory (MB): peak = 3724.711 ; gain = 23.746 ; free physical = 6889 ; free virtual = 11745
INFO: [runtcl-4] Executing : report_power -file system_top_wrapper_power_routed.rpt -pb system_top_wrapper_power_summary_routed.pb -rpx system_top_wrapper_power_routed.rpx
Command: report_power -file system_top_wrapper_power_routed.rpt -pb system_top_wrapper_power_summary_routed.pb -rpx system_top_wrapper_power_routed.rpx
INFO: [Power 33-23] Power model is not available for pullup_TCK
INFO: [Power 33-23] Power model is not available for pullup_TDI
INFO: [Power 33-23] Power model is not available for pullup_TMS
INFO: [Power 33-23] Power model is not available for qspi0_pullup[0]
INFO: [Power 33-23] Power model is not available for qspi0_pullup[1]
INFO: [Power 33-23] Power model is not available for qspi0_pullup[2]
INFO: [Power 33-23] Power model is not available for qspi0_pullup[3]
INFO: [Timing 38-35] Done setting XDC timing constraints.
Running Vector-less Activity Propagation...

Finished Running Vector-less Activity Propagation
145 Infos, 27 Warnings, 0 Critical Warnings and 0 Errors encountered.
report_power completed successfully
report_power: Time (s): cpu = 00:00:19 ; elapsed = 00:00:09 . Memory (MB): peak = 3756.730 ; gain = 32.020 ; free physical = 6843 ; free virtual = 11714
INFO: [runtcl-4] Executing : report_route_status -file system_top_wrapper_route_status.rpt -pb system_top_wrapper_route_status.pb
INFO: [runtcl-4] Executing : report_timing_summary -max_paths 10 -file system_top_wrapper_timing_summary_routed.rpt -pb system_top_wrapper_timing_summary_routed.pb -rpx system_top_wrapper_timing_summary_routed.rpx -warn_on_violation 
INFO: [Timing 38-91] UpdateTimingParams: Speed grade: -2, Delay Type: min_max.
INFO: [Timing 38-191] Multithreading enabled for timing update using a maximum of 8 CPUs
WARNING: [Timing 38-436] There are set_bus_skew constraint(s) in this design. Please run report_bus_skew to ensure that bus skew requirements are met.
INFO: [runtcl-4] Executing : report_incremental_reuse -file system_top_wrapper_incremental_reuse_routed.rpt
INFO: [Vivado_Tcl 4-1062] Incremental flow is disabled. No incremental reuse Info to report.
INFO: [runtcl-4] Executing : report_clock_utilization -file system_top_wrapper_clock_utilization_routed.rpt
INFO: [runtcl-4] Executing : report_bus_skew -warn_on_violation -file system_top_wrapper_bus_skew_routed.rpt -pb system_top_wrapper_bus_skew_routed.pb -rpx system_top_wrapper_bus_skew_routed.rpx
INFO: [Timing 38-91] UpdateTimingParams: Speed grade: -2, Delay Type: min_max.
INFO: [Timing 38-191] Multithreading enabled for timing update using a maximum of 8 CPUs
Command: write_bitstream -force system_top_wrapper.bit
Attempting to get a license for feature 'Implementation' and/or device 'xc7a200t'
INFO: [Common 17-349] Got license for feature 'Implementation' and/or device 'xc7a200t'
Running DRC as a precondition to command write_bitstream
INFO: [IP_Flow 19-1839] IP Catalog is up to date.
INFO: [DRC 23-27] Running DRC with 8 threads
WARNING: [DRC BUFC-1] Input Buffer Connections: Input buffer system_top_i/mig_7series_0/u_system_top_mig_7series_0_1_mig/u_memc_ui_top_axi/mem_intfc0/ddr_phy_top0/u_ddr_mc_phy_wrapper/gen_dqs_iobuf_HR.gen_dqs_iobuf[0].gen_dqs_diff.u_iobuf_dqs/IBUFDS_0 has no loads. It is recommended to have an input buffer drive an internal load.
WARNING: [DRC BUFC-1] Input Buffer Connections: Input buffer system_top_i/mig_7series_0/u_system_top_mig_7series_0_1_mig/u_memc_ui_top_axi/mem_intfc0/ddr_phy_top0/u_ddr_mc_phy_wrapper/gen_dqs_iobuf_HR.gen_dqs_iobuf[1].gen_dqs_diff.u_iobuf_dqs/IBUFDS_0 has no loads. It is recommended to have an input buffer drive an internal load.
WARNING: [DRC BUFC-1] Input Buffer Connections: Input buffer system_top_i/mig_7series_0/u_system_top_mig_7series_0_1_mig/u_memc_ui_top_axi/mem_intfc0/ddr_phy_top0/u_ddr_mc_phy_wrapper/gen_dqs_iobuf_HR.gen_dqs_iobuf[2].gen_dqs_diff.u_iobuf_dqs/IBUFDS_0 has no loads. It is recommended to have an input buffer drive an internal load.
WARNING: [DRC BUFC-1] Input Buffer Connections: Input buffer system_top_i/mig_7series_0/u_system_top_mig_7series_0_1_mig/u_memc_ui_top_axi/mem_intfc0/ddr_phy_top0/u_ddr_mc_phy_wrapper/gen_dqs_iobuf_HR.gen_dqs_iobuf[3].gen_dqs_diff.u_iobuf_dqs/IBUFDS_0 has no loads. It is recommended to have an input buffer drive an internal load.
WARNING: [DRC BUFC-1] Input Buffer Connections: Input buffer system_top_i/system_e203_0/inst/IOBUF_jtag_TDO/IBUF has no loads. It is recommended to have an input buffer drive an internal load.
WARNING: [DRC CHECK-3] Report rule limit reached: REQP-1839 rule limit reached: 20 violations have been found.
WARNING: [DRC PDRC-153] Gated clock check: Net system_top_i/system_e203_0/inst/dut/u_e203_subsys_top/u_e203_subsys_main/u_e203_subsys_perips/u_sirv_ppi_fab/u_sirv_gnrl_icb_buffer/u_sirv_gnrl_cmd_fifo/dp_gt0.dp_gt1.rptr_vec_31_dfflr/E[0] is a gated clock net sourced by a combinational pin system_top_i/system_e203_0/inst/dut/u_e203_subsys_top/u_e203_subsys_main/u_e203_subsys_perips/u_sirv_ppi_fab/u_sirv_gnrl_icb_buffer/u_sirv_gnrl_cmd_fifo/dp_gt0.dp_gt1.rptr_vec_31_dfflr/fifo_tx_data_reg[7]_i_2__0/O, cell system_top_i/system_e203_0/inst/dut/u_e203_subsys_top/u_e203_subsys_main/u_e203_subsys_perips/u_sirv_ppi_fab/u_sirv_gnrl_icb_buffer/u_sirv_gnrl_cmd_fifo/dp_gt0.dp_gt1.rptr_vec_31_dfflr/fifo_tx_data_reg[7]_i_2__0. This is not good design practice and will likely impact performance. For SLICE registers, for example, use the CE pin to control the loading of data.
WARNING: [DRC PDRC-153] Gated clock check: Net system_top_i/system_e203_0/inst/dut/u_e203_subsys_top/u_e203_subsys_main/u_e203_subsys_perips/u_sirv_ppi_fab/u_sirv_gnrl_icb_buffer/u_sirv_gnrl_cmd_fifo/dp_gt0.dp_gt1.rptr_vec_31_dfflr/regs_q_reg[31]_8[0] is a gated clock net sourced by a combinational pin system_top_i/system_e203_0/inst/dut/u_e203_subsys_top/u_e203_subsys_main/u_e203_subsys_perips/u_sirv_ppi_fab/u_sirv_gnrl_icb_buffer/u_sirv_gnrl_cmd_fifo/dp_gt0.dp_gt1.rptr_vec_31_dfflr/fifo_tx_data_reg[7]_i_2/O, cell system_top_i/system_e203_0/inst/dut/u_e203_subsys_top/u_e203_subsys_main/u_e203_subsys_perips/u_sirv_ppi_fab/u_sirv_gnrl_icb_buffer/u_sirv_gnrl_cmd_fifo/dp_gt0.dp_gt1.rptr_vec_31_dfflr/fifo_tx_data_reg[7]_i_2. This is not good design practice and will likely impact performance. For SLICE registers, for example, use the CE pin to control the loading of data.
WARNING: [DRC PDRC-153] Gated clock check: Net system_top_i/system_e203_0/inst/dut/u_e203_subsys_top/u_e203_subsys_main/u_e203_subsys_perips/u_sirv_ppi_fab/u_sirv_gnrl_icb_buffer/u_sirv_gnrl_cmd_fifo/dp_gt0.fifo_rf[1].fifo_rf_dffl/regs_q_reg[31]_0[0] is a gated clock net sourced by a combinational pin system_top_i/system_e203_0/inst/dut/u_e203_subsys_top/u_e203_subsys_main/u_e203_subsys_perips/u_sirv_ppi_fab/u_sirv_gnrl_icb_buffer/u_sirv_gnrl_cmd_fifo/dp_gt0.fifo_rf[1].fifo_rf_dffl/fifo_tx_data_reg[7]_i_2__1/O, cell system_top_i/system_e203_0/inst/dut/u_e203_subsys_top/u_e203_subsys_main/u_e203_subsys_perips/u_sirv_ppi_fab/u_sirv_gnrl_icb_buffer/u_sirv_gnrl_cmd_fifo/dp_gt0.fifo_rf[1].fifo_rf_dffl/fifo_tx_data_reg[7]_i_2__1. This is not good design practice and will likely impact performance. For SLICE registers, for example, use the CE pin to control the loading of data.
WARNING: [DRC REQP-1709] Clock output buffering: PLLE2_ADV connectivity violation. The signal system_top_i/mig_7series_0/u_system_top_mig_7series_0_1_mig/u_ddr3_infrastructure/pll_clk3_out on the system_top_i/mig_7series_0/u_system_top_mig_7series_0_1_mig/u_ddr3_infrastructure/plle2_i/CLKOUT3 pin of system_top_i/mig_7series_0/u_system_top_mig_7series_0_1_mig/u_ddr3_infrastructure/plle2_i does not drive the same kind of BUFFER load as the other CLKOUT pins. Routing from the different buffer types will not be phase aligned.
WARNING: [DRC REQP-1839] RAMB36 async control check: The RAMB36E1 system_top_i/system_e203_0/inst/dut/u_e203_subsys_top/u_e203_subsys_main/u_e203_cpu_top/u_e203_srams/u_e203_dtcm_ram/u_e203_dtcm_gnrl_ram/u_sirv_sim_ram/mem[1].non_last.mem_r_reg_0_0 has an input control pin system_top_i/system_e203_0/inst/dut/u_e203_subsys_top/u_e203_subsys_main/u_e203_cpu_top/u_e203_srams/u_e203_dtcm_ram/u_e203_dtcm_gnrl_ram/u_sirv_sim_ram/mem[1].non_last.mem_r_reg_0_0/ADDRARDADDR[14] (net: system_top_i/system_e203_0/inst/dut/u_e203_subsys_top/u_e203_subsys_main/u_e203_cpu_top/u_e203_srams/u_e203_dtcm_ram/u_e203_dtcm_gnrl_ram/u_sirv_sim_ram/ADDRARDADDR[13]) which is driven by a register (system_top_i/system_e203_0/inst/dut/u_e203_subsys_top/u_e203_subsys_main/u_e203_cpu_top/u_e203_cpu/u_e203_core/u_e203_biu/u_biu_icb_arbt/arbt_num_gt_1_gen.dp_1.u_sirv_gnrl_rspid_fifo/dp_gt_0.vld_dfflr/qout_r_reg[0]) that has an active asychronous set or reset. This may cause corruption of the memory contents and/or read values when the set/reset is asserted and is not analyzed by the default static timing analysis. It is suggested to eliminate the use of a set/reset to registers driving this RAMB pin or else use a synchronous reset in which the assertion of the reset is timed by default.
WARNING: [DRC REQP-1839] RAMB36 async control check: The RAMB36E1 system_top_i/system_e203_0/inst/dut/u_e203_subsys_top/u_e203_subsys_main/u_e203_cpu_top/u_e203_srams/u_e203_dtcm_ram/u_e203_dtcm_gnrl_ram/u_sirv_sim_ram/mem[1].non_last.mem_r_reg_0_0 has an input control pin system_top_i/system_e203_0/inst/dut/u_e203_subsys_top/u_e203_subsys_main/u_e203_cpu_top/u_e203_srams/u_e203_dtcm_ram/u_e203_dtcm_gnrl_ram/u_sirv_sim_ram/mem[1].non_last.mem_r_reg_0_0/ADDRARDADDR[14] (net: system_top_i/system_e203_0/inst/dut/u_e203_subsys_top/u_e203_subsys_main/u_e203_cpu_top/u_e203_srams/u_e203_dtcm_ram/u_e203_dtcm_gnrl_ram/u_sirv_sim_ram/ADDRARDADDR[13]) which is driven by a register (system_top_i/system_e203_0/inst/dut/u_e203_subsys_top/u_e203_subsys_main/u_e203_cpu_top/u_e203_cpu/u_e203_core/u_e203_biu/u_sirv_gnrl_icb_buffer/u_sirv_gnrl_cmd_fifo/dp_gt0.vec_31_dfflr/qout_r_reg[0]) that has an active asychronous set or reset. This may cause corruption of the memory contents and/or read values when the set/reset is asserted and is not analyzed by the default static timing analysis. It is suggested to eliminate the use of a set/reset to registers driving this RAMB pin or else use a synchronous reset in which the assertion of the reset is timed by default.
WARNING: [DRC REQP-1839] RAMB36 async control check: The RAMB36E1 system_top_i/system_e203_0/inst/dut/u_e203_subsys_top/u_e203_subsys_main/u_e203_cpu_top/u_e203_srams/u_e203_dtcm_ram/u_e203_dtcm_gnrl_ram/u_sirv_sim_ram/mem[1].non_last.mem_r_reg_0_0 has an input control pin system_top_i/system_e203_0/inst/dut/u_e203_subsys_top/u_e203_subsys_main/u_e203_cpu_top/u_e203_srams/u_e203_dtcm_ram/u_e203_dtcm_gnrl_ram/u_sirv_sim_ram/mem[1].non_last.mem_r_reg_0_0/ADDRARDADDR[14] (net: system_top_i/system_e203_0/inst/dut/u_e203_subsys_top/u_e203_subsys_main/u_e203_cpu_top/u_e203_srams/u_e203_dtcm_ram/u_e203_dtcm_gnrl_ram/u_sirv_sim_ram/ADDRARDADDR[13]) which is driven by a register (system_top_i/system_e203_0/inst/dut/u_e203_subsys_top/u_e203_subsys_main/u_e203_cpu_top/u_e203_cpu/u_e203_core/u_e203_biu/u_sirv_gnrl_icb_buffer/u_sirv_gnrl_rsp_fifo/dp_gt0.vec_31_dfflr/qout_r_reg[0]) that has an active asychronous set or reset. This may cause corruption of the memory contents and/or read values when the set/reset is asserted and is not analyzed by the default static timing analysis. It is suggested to eliminate the use of a set/reset to registers driving this RAMB pin or else use a synchronous reset in which the assertion of the reset is timed by default.
WARNING: [DRC REQP-1839] RAMB36 async control check: The RAMB36E1 system_top_i/system_e203_0/inst/dut/u_e203_subsys_top/u_e203_subsys_main/u_e203_cpu_top/u_e203_srams/u_e203_dtcm_ram/u_e203_dtcm_gnrl_ram/u_sirv_sim_ram/mem[1].non_last.mem_r_reg_0_0 has an input control pin system_top_i/system_e203_0/inst/dut/u_e203_subsys_top/u_e203_subsys_main/u_e203_cpu_top/u_e203_srams/u_e203_dtcm_ram/u_e203_dtcm_gnrl_ram/u_sirv_sim_ram/mem[1].non_last.mem_r_reg_0_0/ADDRARDADDR[14] (net: system_top_i/system_e203_0/inst/dut/u_e203_subsys_top/u_e203_subsys_main/u_e203_cpu_top/u_e203_srams/u_e203_dtcm_ram/u_e203_dtcm_gnrl_ram/u_sirv_sim_ram/ADDRARDADDR[13]) which is driven by a register (system_top_i/system_e203_0/inst/dut/u_e203_subsys_top/u_e203_subsys_main/u_e203_cpu_top/u_e203_cpu/u_e203_core/u_e203_exu/u_e203_exu_alu/u_e203_exu_alu_lsuagu/icb_leftover_err_dfflr/qout_r_reg[0]) that has an active asychronous set or reset. This may cause corruption of the memory contents and/or read values when the set/reset is asserted and is not analyzed by the default static timing analysis. It is suggested to eliminate the use of a set/reset to registers driving this RAMB pin or else use a synchronous reset in which the assertion of the reset is timed by default.
WARNING: [DRC REQP-1839] RAMB36 async control check: The RAMB36E1 system_top_i/system_e203_0/inst/dut/u_e203_subsys_top/u_e203_subsys_main/u_e203_cpu_top/u_e203_srams/u_e203_dtcm_ram/u_e203_dtcm_gnrl_ram/u_sirv_sim_ram/mem[1].non_last.mem_r_reg_0_0 has an input control pin system_top_i/system_e203_0/inst/dut/u_e203_subsys_top/u_e203_subsys_main/u_e203_cpu_top/u_e203_srams/u_e203_dtcm_ram/u_e203_dtcm_gnrl_ram/u_sirv_sim_ram/mem[1].non_last.mem_r_reg_0_0/ADDRARDADDR[14] (net: system_top_i/system_e203_0/inst/dut/u_e203_subsys_top/u_e203_subsys_main/u_e203_cpu_top/u_e203_srams/u_e203_dtcm_ram/u_e203_dtcm_gnrl_ram/u_sirv_sim_ram/ADDRARDADDR[13]) which is driven by a register (system_top_i/system_e203_0/inst/dut/u_e203_subsys_top/u_e203_subsys_main/u_e203_cpu_top/u_e203_cpu/u_e203_core/u_e203_exu/u_e203_exu_alu/u_e203_exu_alu_lsuagu/icb_state_dfflr/qout_r_reg[0]) that has an active asychronous set or reset. This may cause corruption of the memory contents and/or read values when the set/reset is asserted and is not analyzed by the default static timing analysis. It is suggested to eliminate the use of a set/reset to registers driving this RAMB pin or else use a synchronous reset in which the assertion of the reset is timed by default.
WARNING: [DRC REQP-1839] RAMB36 async control check: The RAMB36E1 system_top_i/system_e203_0/inst/dut/u_e203_subsys_top/u_e203_subsys_main/u_e203_cpu_top/u_e203_srams/u_e203_dtcm_ram/u_e203_dtcm_gnrl_ram/u_sirv_sim_ram/mem[1].non_last.mem_r_reg_0_0 has an input control pin system_top_i/system_e203_0/inst/dut/u_e203_subsys_top/u_e203_subsys_main/u_e203_cpu_top/u_e203_srams/u_e203_dtcm_ram/u_e203_dtcm_gnrl_ram/u_sirv_sim_ram/mem[1].non_last.mem_r_reg_0_0/ADDRARDADDR[14] (net: system_top_i/system_e203_0/inst/dut/u_e203_subsys_top/u_e203_subsys_main/u_e203_cpu_top/u_e203_srams/u_e203_dtcm_ram/u_e203_dtcm_gnrl_ram/u_sirv_sim_ram/ADDRARDADDR[13]) which is driven by a register (system_top_i/system_e203_0/inst/dut/u_e203_subsys_top/u_e203_subsys_main/u_e203_cpu_top/u_e203_cpu/u_e203_core/u_e203_exu/u_e203_exu_alu/u_e203_exu_alu_lsuagu/icb_state_dfflr/qout_r_reg[1]) that has an active asychronous set or reset. This may cause corruption of the memory contents and/or read values when the set/reset is asserted and is not analyzed by the default static timing analysis. It is suggested to eliminate the use of a set/reset to registers driving this RAMB pin or else use a synchronous reset in which the assertion of the reset is timed by default.
WARNING: [DRC REQP-1839] RAMB36 async control check: The RAMB36E1 system_top_i/system_e203_0/inst/dut/u_e203_subsys_top/u_e203_subsys_main/u_e203_cpu_top/u_e203_srams/u_e203_dtcm_ram/u_e203_dtcm_gnrl_ram/u_sirv_sim_ram/mem[1].non_last.mem_r_reg_0_0 has an input control pin system_top_i/system_e203_0/inst/dut/u_e203_subsys_top/u_e203_subsys_main/u_e203_cpu_top/u_e203_srams/u_e203_dtcm_ram/u_e203_dtcm_gnrl_ram/u_sirv_sim_ram/mem[1].non_last.mem_r_reg_0_0/ADDRARDADDR[14] (net: system_top_i/system_e203_0/inst/dut/u_e203_subsys_top/u_e203_subsys_main/u_e203_cpu_top/u_e203_srams/u_e203_dtcm_ram/u_e203_dtcm_gnrl_ram/u_sirv_sim_ram/ADDRARDADDR[13]) which is driven by a register (system_top_i/system_e203_0/inst/dut/u_e203_subsys_top/u_e203_subsys_main/u_e203_cpu_top/u_e203_cpu/u_e203_core/u_e203_exu/u_e203_exu_alu/u_e203_exu_alu_lsuagu/icb_state_dfflr/qout_r_reg[2]) that has an active asychronous set or reset. This may cause corruption of the memory contents and/or read values when the set/reset is asserted and is not analyzed by the default static timing analysis. It is suggested to eliminate the use of a set/reset to registers driving this RAMB pin or else use a synchronous reset in which the assertion of the reset is timed by default.
WARNING: [DRC REQP-1839] RAMB36 async control check: The RAMB36E1 system_top_i/system_e203_0/inst/dut/u_e203_subsys_top/u_e203_subsys_main/u_e203_cpu_top/u_e203_srams/u_e203_dtcm_ram/u_e203_dtcm_gnrl_ram/u_sirv_sim_ram/mem[1].non_last.mem_r_reg_0_0 has an input control pin system_top_i/system_e203_0/inst/dut/u_e203_subsys_top/u_e203_subsys_main/u_e203_cpu_top/u_e203_srams/u_e203_dtcm_ram/u_e203_dtcm_gnrl_ram/u_sirv_sim_ram/mem[1].non_last.mem_r_reg_0_0/ADDRARDADDR[14] (net: system_top_i/system_e203_0/inst/dut/u_e203_subsys_top/u_e203_subsys_main/u_e203_cpu_top/u_e203_srams/u_e203_dtcm_ram/u_e203_dtcm_gnrl_ram/u_sirv_sim_ram/ADDRARDADDR[13]) which is driven by a register (system_top_i/system_e203_0/inst/dut/u_e203_subsys_top/u_e203_subsys_main/u_e203_cpu_top/u_e203_cpu/u_e203_core/u_e203_exu/u_e203_exu_alu/u_e203_exu_alu_muldiv/exec_cnt_dfflr/qout_r_reg[0]) that has an active asychronous set or reset. This may cause corruption of the memory contents and/or read values when the set/reset is asserted and is not analyzed by the default static timing analysis. It is suggested to eliminate the use of a set/reset to registers driving this RAMB pin or else use a synchronous reset in which the assertion of the reset is timed by default.
WARNING: [DRC REQP-1839] RAMB36 async control check: The RAMB36E1 system_top_i/system_e203_0/inst/dut/u_e203_subsys_top/u_e203_subsys_main/u_e203_cpu_top/u_e203_srams/u_e203_dtcm_ram/u_e203_dtcm_gnrl_ram/u_sirv_sim_ram/mem[1].non_last.mem_r_reg_0_0 has an input control pin system_top_i/system_e203_0/inst/dut/u_e203_subsys_top/u_e203_subsys_main/u_e203_cpu_top/u_e203_srams/u_e203_dtcm_ram/u_e203_dtcm_gnrl_ram/u_sirv_sim_ram/mem[1].non_last.mem_r_reg_0_0/ADDRARDADDR[14] (net: system_top_i/system_e203_0/inst/dut/u_e203_subsys_top/u_e203_subsys_main/u_e203_cpu_top/u_e203_srams/u_e203_dtcm_ram/u_e203_dtcm_gnrl_ram/u_sirv_sim_ram/ADDRARDADDR[13]) which is driven by a register (system_top_i/system_e203_0/inst/dut/u_e203_subsys_top/u_e203_subsys_main/u_e203_cpu_top/u_e203_cpu/u_e203_core/u_e203_exu/u_e203_exu_alu/u_e203_exu_alu_muldiv/exec_cnt_dfflr/qout_r_reg[1]) that has an active asychronous set or reset. This may cause corruption of the memory contents and/or read values when the set/reset is asserted and is not analyzed by the default static timing analysis. It is suggested to eliminate the use of a set/reset to registers driving this RAMB pin or else use a synchronous reset in which the assertion of the reset is timed by default.
WARNING: [DRC REQP-1839] RAMB36 async control check: The RAMB36E1 system_top_i/system_e203_0/inst/dut/u_e203_subsys_top/u_e203_subsys_main/u_e203_cpu_top/u_e203_srams/u_e203_dtcm_ram/u_e203_dtcm_gnrl_ram/u_sirv_sim_ram/mem[1].non_last.mem_r_reg_0_0 has an input control pin system_top_i/system_e203_0/inst/dut/u_e203_subsys_top/u_e203_subsys_main/u_e203_cpu_top/u_e203_srams/u_e203_dtcm_ram/u_e203_dtcm_gnrl_ram/u_sirv_sim_ram/mem[1].non_last.mem_r_reg_0_0/ADDRARDADDR[14] (net: system_top_i/system_e203_0/inst/dut/u_e203_subsys_top/u_e203_subsys_main/u_e203_cpu_top/u_e203_srams/u_e203_dtcm_ram/u_e203_dtcm_gnrl_ram/u_sirv_sim_ram/ADDRARDADDR[13]) which is driven by a register (system_top_i/system_e203_0/inst/dut/u_e203_subsys_top/u_e203_subsys_main/u_e203_cpu_top/u_e203_cpu/u_e203_core/u_e203_exu/u_e203_exu_alu/u_e203_exu_alu_muldiv/exec_cnt_dfflr/qout_r_reg[2]) that has an active asychronous set or reset. This may cause corruption of the memory contents and/or read values when the set/reset is asserted and is not analyzed by the default static timing analysis. It is suggested to eliminate the use of a set/reset to registers driving this RAMB pin or else use a synchronous reset in which the assertion of the reset is timed by default.
WARNING: [DRC REQP-1839] RAMB36 async control check: The RAMB36E1 system_top_i/system_e203_0/inst/dut/u_e203_subsys_top/u_e203_subsys_main/u_e203_cpu_top/u_e203_srams/u_e203_dtcm_ram/u_e203_dtcm_gnrl_ram/u_sirv_sim_ram/mem[1].non_last.mem_r_reg_0_0 has an input control pin system_top_i/system_e203_0/inst/dut/u_e203_subsys_top/u_e203_subsys_main/u_e203_cpu_top/u_e203_srams/u_e203_dtcm_ram/u_e203_dtcm_gnrl_ram/u_sirv_sim_ram/mem[1].non_last.mem_r_reg_0_0/ADDRARDADDR[14] (net: system_top_i/system_e203_0/inst/dut/u_e203_subsys_top/u_e203_subsys_main/u_e203_cpu_top/u_e203_srams/u_e203_dtcm_ram/u_e203_dtcm_gnrl_ram/u_sirv_sim_ram/ADDRARDADDR[13]) which is driven by a register (system_top_i/system_e203_0/inst/dut/u_e203_subsys_top/u_e203_subsys_main/u_e203_cpu_top/u_e203_cpu/u_e203_core/u_e203_exu/u_e203_exu_alu/u_e203_exu_alu_muldiv/exec_cnt_dfflr/qout_r_reg[3]) that has an active asychronous set or reset. This may cause corruption of the memory contents and/or read values when the set/reset is asserted and is not analyzed by the default static timing analysis. It is suggested to eliminate the use of a set/reset to registers driving this RAMB pin or else use a synchronous reset in which the assertion of the reset is timed by default.
WARNING: [DRC REQP-1839] RAMB36 async control check: The RAMB36E1 system_top_i/system_e203_0/inst/dut/u_e203_subsys_top/u_e203_subsys_main/u_e203_cpu_top/u_e203_srams/u_e203_dtcm_ram/u_e203_dtcm_gnrl_ram/u_sirv_sim_ram/mem[1].non_last.mem_r_reg_0_0 has an input control pin system_top_i/system_e203_0/inst/dut/u_e203_subsys_top/u_e203_subsys_main/u_e203_cpu_top/u_e203_srams/u_e203_dtcm_ram/u_e203_dtcm_gnrl_ram/u_sirv_sim_ram/mem[1].non_last.mem_r_reg_0_0/ADDRARDADDR[14] (net: system_top_i/system_e203_0/inst/dut/u_e203_subsys_top/u_e203_subsys_main/u_e203_cpu_top/u_e203_srams/u_e203_dtcm_ram/u_e203_dtcm_gnrl_ram/u_sirv_sim_ram/ADDRARDADDR[13]) which is driven by a register (system_top_i/system_e203_0/inst/dut/u_e203_subsys_top/u_e203_subsys_main/u_e203_cpu_top/u_e203_cpu/u_e203_core/u_e203_exu/u_e203_exu_alu/u_e203_exu_alu_muldiv/exec_cnt_dfflr/qout_r_reg[4]) that has an active asychronous set or reset. This may cause corruption of the memory contents and/or read values when the set/reset is asserted and is not analyzed by the default static timing analysis. It is suggested to eliminate the use of a set/reset to registers driving this RAMB pin or else use a synchronous reset in which the assertion of the reset is timed by default.
WARNING: [DRC REQP-1839] RAMB36 async control check: The RAMB36E1 system_top_i/system_e203_0/inst/dut/u_e203_subsys_top/u_e203_subsys_main/u_e203_cpu_top/u_e203_srams/u_e203_dtcm_ram/u_e203_dtcm_gnrl_ram/u_sirv_sim_ram/mem[1].non_last.mem_r_reg_0_0 has an input control pin system_top_i/system_e203_0/inst/dut/u_e203_subsys_top/u_e203_subsys_main/u_e203_cpu_top/u_e203_srams/u_e203_dtcm_ram/u_e203_dtcm_gnrl_ram/u_sirv_sim_ram/mem[1].non_last.mem_r_reg_0_0/ADDRARDADDR[14] (net: system_top_i/system_e203_0/inst/dut/u_e203_subsys_top/u_e203_subsys_main/u_e203_cpu_top/u_e203_srams/u_e203_dtcm_ram/u_e203_dtcm_gnrl_ram/u_sirv_sim_ram/ADDRARDADDR[13]) which is driven by a register (system_top_i/system_e203_0/inst/dut/u_e203_subsys_top/u_e203_subsys_main/u_e203_cpu_top/u_e203_cpu/u_e203_core/u_e203_exu/u_e203_exu_alu/u_e203_exu_alu_muldiv/exec_cnt_dfflr/qout_r_reg[5]) that has an active asychronous set or reset. This may cause corruption of the memory contents and/or read values when the set/reset is asserted and is not analyzed by the default static timing analysis. It is suggested to eliminate the use of a set/reset to registers driving this RAMB pin or else use a synchronous reset in which the assertion of the reset is timed by default.
WARNING: [DRC REQP-1839] RAMB36 async control check: The RAMB36E1 system_top_i/system_e203_0/inst/dut/u_e203_subsys_top/u_e203_subsys_main/u_e203_cpu_top/u_e203_srams/u_e203_dtcm_ram/u_e203_dtcm_gnrl_ram/u_sirv_sim_ram/mem[1].non_last.mem_r_reg_0_0 has an input control pin system_top_i/system_e203_0/inst/dut/u_e203_subsys_top/u_e203_subsys_main/u_e203_cpu_top/u_e203_srams/u_e203_dtcm_ram/u_e203_dtcm_gnrl_ram/u_sirv_sim_ram/mem[1].non_last.mem_r_reg_0_0/ADDRARDADDR[14] (net: system_top_i/system_e203_0/inst/dut/u_e203_subsys_top/u_e203_subsys_main/u_e203_cpu_top/u_e203_srams/u_e203_dtcm_ram/u_e203_dtcm_gnrl_ram/u_sirv_sim_ram/ADDRARDADDR[13]) which is driven by a register (system_top_i/system_e203_0/inst/dut/u_e203_subsys_top/u_e203_subsys_main/u_e203_cpu_top/u_e203_cpu/u_e203_core/u_e203_exu/u_e203_exu_alu/u_e203_exu_alu_muldiv/muldiv_state_dfflr/qout_r_reg[0]) that has an active asychronous set or reset. This may cause corruption of the memory contents and/or read values when the set/reset is asserted and is not analyzed by the default static timing analysis. It is suggested to eliminate the use of a set/reset to registers driving this RAMB pin or else use a synchronous reset in which the assertion of the reset is timed by default.
WARNING: [DRC REQP-1839] RAMB36 async control check: The RAMB36E1 system_top_i/system_e203_0/inst/dut/u_e203_subsys_top/u_e203_subsys_main/u_e203_cpu_top/u_e203_srams/u_e203_dtcm_ram/u_e203_dtcm_gnrl_ram/u_sirv_sim_ram/mem[1].non_last.mem_r_reg_0_0 has an input control pin system_top_i/system_e203_0/inst/dut/u_e203_subsys_top/u_e203_subsys_main/u_e203_cpu_top/u_e203_srams/u_e203_dtcm_ram/u_e203_dtcm_gnrl_ram/u_sirv_sim_ram/mem[1].non_last.mem_r_reg_0_0/ADDRARDADDR[14] (net: system_top_i/system_e203_0/inst/dut/u_e203_subsys_top/u_e203_subsys_main/u_e203_cpu_top/u_e203_srams/u_e203_dtcm_ram/u_e203_dtcm_gnrl_ram/u_sirv_sim_ram/ADDRARDADDR[13]) which is driven by a register (system_top_i/system_e203_0/inst/dut/u_e203_subsys_top/u_e203_subsys_main/u_e203_cpu_top/u_e203_cpu/u_e203_nice_core/sbuf_cmd_cnt_dfflr/qout_r_reg[0]) that has an active asychronous set or reset. This may cause corruption of the memory contents and/or read values when the set/reset is asserted and is not analyzed by the default static timing analysis. It is suggested to eliminate the use of a set/reset to registers driving this RAMB pin or else use a synchronous reset in which the assertion of the reset is timed by default.
WARNING: [DRC REQP-1839] RAMB36 async control check: The RAMB36E1 system_top_i/system_e203_0/inst/dut/u_e203_subsys_top/u_e203_subsys_main/u_e203_cpu_top/u_e203_srams/u_e203_dtcm_ram/u_e203_dtcm_gnrl_ram/u_sirv_sim_ram/mem[1].non_last.mem_r_reg_0_0 has an input control pin system_top_i/system_e203_0/inst/dut/u_e203_subsys_top/u_e203_subsys_main/u_e203_cpu_top/u_e203_srams/u_e203_dtcm_ram/u_e203_dtcm_gnrl_ram/u_sirv_sim_ram/mem[1].non_last.mem_r_reg_0_0/ADDRARDADDR[14] (net: system_top_i/system_e203_0/inst/dut/u_e203_subsys_top/u_e203_subsys_main/u_e203_cpu_top/u_e203_srams/u_e203_dtcm_ram/u_e203_dtcm_gnrl_ram/u_sirv_sim_ram/ADDRARDADDR[13]) which is driven by a register (system_top_i/system_e203_0/inst/dut/u_e203_subsys_top/u_e203_subsys_main/u_e203_cpu_top/u_e203_cpu/u_e203_nice_core/sbuf_cmd_cnt_dfflr/qout_r_reg[1]) that has an active asychronous set or reset. This may cause corruption of the memory contents and/or read values when the set/reset is asserted and is not analyzed by the default static timing analysis. It is suggested to eliminate the use of a set/reset to registers driving this RAMB pin or else use a synchronous reset in which the assertion of the reset is timed by default.
WARNING: [DRC REQP-1839] RAMB36 async control check: The RAMB36E1 system_top_i/system_e203_0/inst/dut/u_e203_subsys_top/u_e203_subsys_main/u_e203_cpu_top/u_e203_srams/u_e203_dtcm_ram/u_e203_dtcm_gnrl_ram/u_sirv_sim_ram/mem[1].non_last.mem_r_reg_0_0 has an input control pin system_top_i/system_e203_0/inst/dut/u_e203_subsys_top/u_e203_subsys_main/u_e203_cpu_top/u_e203_srams/u_e203_dtcm_ram/u_e203_dtcm_gnrl_ram/u_sirv_sim_ram/mem[1].non_last.mem_r_reg_0_0/ADDRARDADDR[14] (net: system_top_i/system_e203_0/inst/dut/u_e203_subsys_top/u_e203_subsys_main/u_e203_cpu_top/u_e203_srams/u_e203_dtcm_ram/u_e203_dtcm_gnrl_ram/u_sirv_sim_ram/ADDRARDADDR[13]) which is driven by a register (system_top_i/system_e203_0/inst/dut/u_e203_subsys_top/u_e203_subsys_main/u_e203_cpu_top/u_e203_cpu/u_e203_nice_core/sbuf_cnt_dfflr/qout_r_reg[0]) that has an active asychronous set or reset. This may cause corruption of the memory contents and/or read values when the set/reset is asserted and is not analyzed by the default static timing analysis. It is suggested to eliminate the use of a set/reset to registers driving this RAMB pin or else use a synchronous reset in which the assertion of the reset is timed by default.
WARNING: [DRC REQP-1839] RAMB36 async control check: The RAMB36E1 system_top_i/system_e203_0/inst/dut/u_e203_subsys_top/u_e203_subsys_main/u_e203_cpu_top/u_e203_srams/u_e203_dtcm_ram/u_e203_dtcm_gnrl_ram/u_sirv_sim_ram/mem[1].non_last.mem_r_reg_0_0 has an input control pin system_top_i/system_e203_0/inst/dut/u_e203_subsys_top/u_e203_subsys_main/u_e203_cpu_top/u_e203_srams/u_e203_dtcm_ram/u_e203_dtcm_gnrl_ram/u_sirv_sim_ram/mem[1].non_last.mem_r_reg_0_0/ADDRARDADDR[14] (net: system_top_i/system_e203_0/inst/dut/u_e203_subsys_top/u_e203_subsys_main/u_e203_cpu_top/u_e203_srams/u_e203_dtcm_ram/u_e203_dtcm_gnrl_ram/u_sirv_sim_ram/ADDRARDADDR[13]) which is driven by a register (system_top_i/system_e203_0/inst/dut/u_e203_subsys_top/u_e203_subsys_main/u_e203_cpu_top/u_e203_cpu/u_e203_nice_core/sbuf_cnt_dfflr/qout_r_reg[1]) that has an active asychronous set or reset. This may cause corruption of the memory contents and/or read values when the set/reset is asserted and is not analyzed by the default static timing analysis. It is suggested to eliminate the use of a set/reset to registers driving this RAMB pin or else use a synchronous reset in which the assertion of the reset is timed by default.
WARNING: [DRC REQP-1839] RAMB36 async control check: The RAMB36E1 system_top_i/system_e203_0/inst/dut/u_e203_subsys_top/u_e203_subsys_main/u_e203_cpu_top/u_e203_srams/u_e203_dtcm_ram/u_e203_dtcm_gnrl_ram/u_sirv_sim_ram/mem[1].non_last.mem_r_reg_0_0 has an input control pin system_top_i/system_e203_0/inst/dut/u_e203_subsys_top/u_e203_subsys_main/u_e203_cpu_top/u_e203_srams/u_e203_dtcm_ram/u_e203_dtcm_gnrl_ram/u_sirv_sim_ram/mem[1].non_last.mem_r_reg_0_0/ADDRARDADDR[14] (net: system_top_i/system_e203_0/inst/dut/u_e203_subsys_top/u_e203_subsys_main/u_e203_cpu_top/u_e203_srams/u_e203_dtcm_ram/u_e203_dtcm_gnrl_ram/u_sirv_sim_ram/ADDRARDADDR[13]) which is driven by a register (system_top_i/system_e203_0/inst/dut/u_e203_subsys_top/u_e203_subsys_main/u_e203_cpu_top/u_e203_cpu/u_e203_nice_core/state_dfflr/qout_r_reg[0]) that has an active asychronous set or reset. This may cause corruption of the memory contents and/or read values when the set/reset is asserted and is not analyzed by the default static timing analysis. It is suggested to eliminate the use of a set/reset to registers driving this RAMB pin or else use a synchronous reset in which the assertion of the reset is timed by default.
WARNING: [DRC REQP-1839] RAMB36 async control check: The RAMB36E1 system_top_i/system_e203_0/inst/dut/u_e203_subsys_top/u_e203_subsys_main/u_e203_cpu_top/u_e203_srams/u_e203_dtcm_ram/u_e203_dtcm_gnrl_ram/u_sirv_sim_ram/mem[1].non_last.mem_r_reg_0_0 has an input control pin system_top_i/system_e203_0/inst/dut/u_e203_subsys_top/u_e203_subsys_main/u_e203_cpu_top/u_e203_srams/u_e203_dtcm_ram/u_e203_dtcm_gnrl_ram/u_sirv_sim_ram/mem[1].non_last.mem_r_reg_0_0/ADDRARDADDR[14] (net: system_top_i/system_e203_0/inst/dut/u_e203_subsys_top/u_e203_subsys_main/u_e203_cpu_top/u_e203_srams/u_e203_dtcm_ram/u_e203_dtcm_gnrl_ram/u_sirv_sim_ram/ADDRARDADDR[13]) which is driven by a register (system_top_i/system_e203_0/inst/dut/u_e203_subsys_top/u_e203_subsys_main/u_e203_cpu_top/u_e203_cpu/u_e203_nice_core/state_dfflr/qout_r_reg[1]) that has an active asychronous set or reset. This may cause corruption of the memory contents and/or read values when the set/reset is asserted and is not analyzed by the default static timing analysis. It is suggested to eliminate the use of a set/reset to registers driving this RAMB pin or else use a synchronous reset in which the assertion of the reset is timed by default.
WARNING: [DRC RTSTAT-10] No routable loads: 90 net(s) have no routable loads. The problem bus(es) and/or net(s) are system_top_i/axi_interconnect_0/m01_couplers/auto_cc/inst/gen_clock_conv.gen_async_conv.asyncfifo_axi/inst_fifo_gen/gaxi_full_lite.gread_ch.grach2.axi_rach/grf.rf/gntv_or_sync_fifo.gl0.rd/gr1.gr1_int.rfwft/aempty_fwft_i, system_top_i/axi_interconnect_0/m01_couplers/auto_cc/inst/gen_clock_conv.gen_async_conv.asyncfifo_axi/inst_fifo_gen/gaxi_full_lite.gwrite_ch.gwdch2.axi_wdch/grf.rf/gntv_or_sync_fifo.gl0.rd/gr1.gr1_int.rfwft/aempty_fwft_i, system_top_i/axi_interconnect_0/m01_couplers/auto_cc/inst/gen_clock_conv.gen_async_conv.asyncfifo_axi/inst_fifo_gen/gaxi_full_lite.gread_ch.grdch2.axi_rdch/grf.rf/gntv_or_sync_fifo.gl0.rd/gr1.gr1_int.rfwft/aempty_fwft_i, system_top_i/axi_interconnect_0/m00_couplers/auto_cc/inst/gen_clock_conv.gen_async_conv.asyncfifo_axi/inst_fifo_gen/gaxi_full_lite.gwrite_ch.gwach2.axi_wach/grf.rf/gntv_or_sync_fifo.gl0.rd/gr1.gr1_int.rfwft/aempty_fwft_i, system_top_i/axi_interconnect_0/m00_couplers/auto_cc/inst/gen_clock_conv.gen_async_conv.asyncfifo_axi/inst_fifo_gen/gaxi_full_lite.gwrite_ch.gwdch2.axi_wdch/grf.rf/gntv_or_sync_fifo.gl0.rd/gr1.gr1_int.rfwft/aempty_fwft_i, system_top_i/axi_interconnect_0/m01_couplers/auto_cc/inst/gen_clock_conv.gen_async_conv.asyncfifo_axi/inst_fifo_gen/gaxi_full_lite.gwrite_ch.gwach2.axi_wach/grf.rf/gntv_or_sync_fifo.gl0.rd/gr1.gr1_int.rfwft/aempty_fwft_i, system_top_i/axi_interconnect_0/m00_couplers/auto_cc/inst/gen_clock_conv.gen_async_conv.asyncfifo_axi/inst_fifo_gen/gaxi_full_lite.gread_ch.grdch2.axi_rdch/grf.rf/gntv_or_sync_fifo.gl0.rd/gr1.gr1_int.rfwft/aempty_fwft_i, system_top_i/axi_interconnect_0/m00_couplers/auto_cc/inst/gen_clock_conv.gen_async_conv.asyncfifo_axi/inst_fifo_gen/gaxi_full_lite.gwrite_ch.gwrch2.axi_wrch/grf.rf/gntv_or_sync_fifo.gl0.rd/gr1.gr1_int.rfwft/aempty_fwft_i, system_top_i/axi_interconnect_0/m00_couplers/auto_cc/inst/gen_clock_conv.gen_async_conv.asyncfifo_axi/inst_fifo_gen/gaxi_full_lite.gread_ch.grach2.axi_rach/grf.rf/gntv_or_sync_fifo.gl0.rd/gr1.gr1_int.rfwft/aempty_fwft_i, system_top_i/axi_interconnect_0/m01_couplers/auto_cc/inst/gen_clock_conv.gen_async_conv.asyncfifo_axi/inst_fifo_gen/gaxi_full_lite.gwrite_ch.gwrch2.axi_wrch/grf.rf/gntv_or_sync_fifo.gl0.rd/gr1.gr1_int.rfwft/aempty_fwft_i, system_top_i/axi_interconnect_0/m01_couplers/auto_cc/inst/gen_clock_conv.gen_async_conv.asyncfifo_axi/inst_fifo_gen/gaxi_full_lite.gwrite_ch.gwdch2.axi_wdch/grf.rf/gntv_or_sync_fifo.gl0.rd/gras.rsts/ram_empty_i, system_top_i/axi_interconnect_0/m01_couplers/auto_cc/inst/gen_clock_conv.gen_async_conv.asyncfifo_axi/inst_fifo_gen/gaxi_full_lite.gwrite_ch.gwach2.axi_wach/grf.rf/gntv_or_sync_fifo.gl0.rd/gras.rsts/ram_empty_i, system_top_i/axi_interconnect_0/m00_couplers/auto_cc/inst/gen_clock_conv.gen_async_conv.asyncfifo_axi/inst_fifo_gen/gaxi_full_lite.gwrite_ch.gwdch2.axi_wdch/grf.rf/gntv_or_sync_fifo.gl0.rd/gras.rsts/ram_empty_i, system_top_i/axi_interconnect_0/m00_couplers/auto_cc/inst/gen_clock_conv.gen_async_conv.asyncfifo_axi/inst_fifo_gen/gaxi_full_lite.gread_ch.grdch2.axi_rdch/grf.rf/gntv_or_sync_fifo.gl0.rd/gras.rsts/ram_empty_i, system_top_i/axi_interconnect_0/m00_couplers/auto_cc/inst/gen_clock_conv.gen_async_conv.asyncfifo_axi/inst_fifo_gen/gaxi_full_lite.gread_ch.grach2.axi_rach/grf.rf/gntv_or_sync_fifo.gl0.rd/gras.rsts/ram_empty_i... and (the first 15 of 50 listed).
INFO: [Vivado 12-3199] DRC finished with 0 Errors, 31 Warnings
INFO: [Vivado 12-3200] Please refer to the DRC report (report_drc) for more information.
INFO: [Designutils 20-2272] Running write_bitstream with 8 threads.
Loading data files...
Loading site data...
Loading route data...
Processing options...
Creating bitmap...
Creating bitstream...
Writing bitstream ./system_top_wrapper.bit...
INFO: [Vivado 12-1842] Bitgen Completed Successfully.
INFO: [Project 1-120] WebTalk data collection is mandatory when using a WebPACK part without a full Vivado license. To see the specific WebTalk data collected for your design, open the usage_statistics_webtalk.html or usage_statistics_webtalk.xml file in the implementation directory.
INFO: [Common 17-83] Releasing license: Implementation
12 Infos, 31 Warnings, 0 Critical Warnings and 0 Errors encountered.
write_bitstream completed successfully
write_bitstream: Time (s): cpu = 00:00:48 ; elapsed = 00:00:21 . Memory (MB): peak = 4110.590 ; gain = 241.805 ; free physical = 6719 ; free virtual = 11614
INFO: [Common 17-206] Exiting Vivado at Thu Feb  6 01:43:50 2025...
