Copyright 1986-2020 Xilinx, Inc. All Rights Reserved.
--------------------------------------------------------------------------------------------------------------------------------------------------------------------------------------------
| Tool Version : Vivado v.2020.2 (win64) Build 3064766 Wed Nov 18 09:12:45 MST 2020
| Date         : Sun Apr  6 11:28:03 2025
| Host         : Lab running 64-bit major release  (build 9200)
| Command      : report_methodology -file system_top_wrapper_methodology_drc_routed.rpt -pb system_top_wrapper_methodology_drc_routed.pb -rpx system_top_wrapper_methodology_drc_routed.rpx
| Design       : system_top_wrapper
| Device       : xc7a200tfbg484-2
| Speed File   : -2
| Design State : Fully Routed
--------------------------------------------------------------------------------------------------------------------------------------------------------------------------------------------

Report Methodology

Table of Contents
-----------------
1. REPORT SUMMARY
2. REPORT DETAILS

1. REPORT SUMMARY
-----------------
            Netlist: netlist
          Floorplan: design_1
      Design limits: <entire design considered>
             Max violations: <unlimited>
             Violations found: 629
+-----------+------------------+------------------------------------------------------+------------+
| Rule      | Severity         | Description                                          | Violations |
+-----------+------------------+------------------------------------------------------+------------+
| TIMING-6  | Critical Warning | No common primary clock between related clocks       | 2          |
| TIMING-7  | Critical Warning | No common node between related clocks                | 2          |
| TIMING-8  | Critical Warning | No common period between related clocks              | 2          |
| TIMING-17 | Critical Warning | Non-clocked sequential cell                          | 524        |
| HPDR-1    | Warning          | Port pin direction inconsistency                     | 5          |
| HPDR-2    | Warning          | Port pin INOUT inconsistency                         | 10         |
| LUTAR-1   | Warning          | LUT drives async reset alert                         | 6          |
| PDRC-190  | Warning          | Suboptimally placed synchronized register chain      | 12         |
| TIMING-18 | Warning          | Missing input or output delay                        | 6          |
| TIMING-20 | Warning          | Non-clocked latch                                    | 26         |
| XDCB-5    | Warning          | Runtime inefficient way to find pin objects          | 1          |
| XDCC-4    | Warning          | User Clock constraint overwritten with the same name | 1          |
| REQP-1959 | Advisory         | connects_SERDES_RST_driver_not_FF                    | 32         |
+-----------+------------------+------------------------------------------------------+------------+

2. REPORT DETAILS
-----------------
TIMING-6#1 Critical Warning
No common primary clock between related clocks  
The clocks clk_out2_system_top_clk_wiz_0_0 and sys_clk_pin are related (timed together) but they have no common primary clock. The design could fail in hardware. To find a timing path between these clocks, run the following command: report_timing -from [get_clocks clk_out2_system_top_clk_wiz_0_0] -to [get_clocks sys_clk_pin]
Related violations: <none>

TIMING-6#2 Critical Warning
No common primary clock between related clocks  
The clocks sys_clk_pin and clk_out2_system_top_clk_wiz_0_0 are related (timed together) but they have no common primary clock. The design could fail in hardware. To find a timing path between these clocks, run the following command: report_timing -from [get_clocks sys_clk_pin] -to [get_clocks clk_out2_system_top_clk_wiz_0_0]
Related violations: <none>

TIMING-7#1 Critical Warning
No common node between related clocks  
The clocks clk_out2_system_top_clk_wiz_0_0 and sys_clk_pin are related (timed together) but they have no common node. The design could fail in hardware. To find a timing path between these clocks, run the following command: report_timing -from [get_clocks clk_out2_system_top_clk_wiz_0_0] -to [get_clocks sys_clk_pin]
Related violations: <none>

TIMING-7#2 Critical Warning
No common node between related clocks  
The clocks sys_clk_pin and clk_out2_system_top_clk_wiz_0_0 are related (timed together) but they have no common node. The design could fail in hardware. To find a timing path between these clocks, run the following command: report_timing -from [get_clocks sys_clk_pin] -to [get_clocks clk_out2_system_top_clk_wiz_0_0]
Related violations: <none>

TIMING-8#1 Critical Warning
No common period between related clocks  
The clocks clk_out2_system_top_clk_wiz_0_0 and sys_clk_pin are found related (timed together) but have no common (expandable) period
Related violations: <none>

TIMING-8#2 Critical Warning
No common period between related clocks  
The clocks sys_clk_pin and clk_out2_system_top_clk_wiz_0_0 are found related (timed together) but have no common (expandable) period
Related violations: <none>

TIMING-17#1 Critical Warning
Non-clocked sequential cell  
The clock pin system_top_i/axi_lite_for_snake_0/inst/axi_lite_for_snake_v1_0_S00_AXI_inst/lcd_rgb_snake_u/u_lcd_driver/data_req_reg/C is not reached by a timing clock
Related violations: <none>

TIMING-17#2 Critical Warning
Non-clocked sequential cell  
The clock pin system_top_i/axi_lite_for_snake_0/inst/axi_lite_for_snake_v1_0_S00_AXI_inst/lcd_rgb_snake_u/u_lcd_driver/h_cnt_reg[0]/C is not reached by a timing clock
Related violations: <none>

TIMING-17#3 Critical Warning
Non-clocked sequential cell  
The clock pin system_top_i/axi_lite_for_snake_0/inst/axi_lite_for_snake_v1_0_S00_AXI_inst/lcd_rgb_snake_u/u_lcd_driver/h_cnt_reg[10]/C is not reached by a timing clock
Related violations: <none>

TIMING-17#4 Critical Warning
Non-clocked sequential cell  
The clock pin system_top_i/axi_lite_for_snake_0/inst/axi_lite_for_snake_v1_0_S00_AXI_inst/lcd_rgb_snake_u/u_lcd_driver/h_cnt_reg[1]/C is not reached by a timing clock
Related violations: <none>

TIMING-17#5 Critical Warning
Non-clocked sequential cell  
The clock pin system_top_i/axi_lite_for_snake_0/inst/axi_lite_for_snake_v1_0_S00_AXI_inst/lcd_rgb_snake_u/u_lcd_driver/h_cnt_reg[2]/C is not reached by a timing clock
Related violations: <none>

TIMING-17#6 Critical Warning
Non-clocked sequential cell  
The clock pin system_top_i/axi_lite_for_snake_0/inst/axi_lite_for_snake_v1_0_S00_AXI_inst/lcd_rgb_snake_u/u_lcd_driver/h_cnt_reg[3]/C is not reached by a timing clock
Related violations: <none>

TIMING-17#7 Critical Warning
Non-clocked sequential cell  
The clock pin system_top_i/axi_lite_for_snake_0/inst/axi_lite_for_snake_v1_0_S00_AXI_inst/lcd_rgb_snake_u/u_lcd_driver/h_cnt_reg[4]/C is not reached by a timing clock
Related violations: <none>

TIMING-17#8 Critical Warning
Non-clocked sequential cell  
The clock pin system_top_i/axi_lite_for_snake_0/inst/axi_lite_for_snake_v1_0_S00_AXI_inst/lcd_rgb_snake_u/u_lcd_driver/h_cnt_reg[5]/C is not reached by a timing clock
Related violations: <none>

TIMING-17#9 Critical Warning
Non-clocked sequential cell  
The clock pin system_top_i/axi_lite_for_snake_0/inst/axi_lite_for_snake_v1_0_S00_AXI_inst/lcd_rgb_snake_u/u_lcd_driver/h_cnt_reg[6]/C is not reached by a timing clock
Related violations: <none>

TIMING-17#10 Critical Warning
Non-clocked sequential cell  
The clock pin system_top_i/axi_lite_for_snake_0/inst/axi_lite_for_snake_v1_0_S00_AXI_inst/lcd_rgb_snake_u/u_lcd_driver/h_cnt_reg[7]/C is not reached by a timing clock
Related violations: <none>

TIMING-17#11 Critical Warning
Non-clocked sequential cell  
The clock pin system_top_i/axi_lite_for_snake_0/inst/axi_lite_for_snake_v1_0_S00_AXI_inst/lcd_rgb_snake_u/u_lcd_driver/h_cnt_reg[8]/C is not reached by a timing clock
Related violations: <none>

TIMING-17#12 Critical Warning
Non-clocked sequential cell  
The clock pin system_top_i/axi_lite_for_snake_0/inst/axi_lite_for_snake_v1_0_S00_AXI_inst/lcd_rgb_snake_u/u_lcd_driver/h_cnt_reg[9]/C is not reached by a timing clock
Related violations: <none>

TIMING-17#13 Critical Warning
Non-clocked sequential cell  
The clock pin system_top_i/axi_lite_for_snake_0/inst/axi_lite_for_snake_v1_0_S00_AXI_inst/lcd_rgb_snake_u/u_lcd_driver/lcd_de_reg/C is not reached by a timing clock
Related violations: <none>

TIMING-17#14 Critical Warning
Non-clocked sequential cell  
The clock pin system_top_i/axi_lite_for_snake_0/inst/axi_lite_for_snake_v1_0_S00_AXI_inst/lcd_rgb_snake_u/u_lcd_driver/lcd_de_reg_lopt_replica/C is not reached by a timing clock
Related violations: <none>

TIMING-17#15 Critical Warning
Non-clocked sequential cell  
The clock pin system_top_i/axi_lite_for_snake_0/inst/axi_lite_for_snake_v1_0_S00_AXI_inst/lcd_rgb_snake_u/u_lcd_driver/pixel_xpos_reg[0]/C is not reached by a timing clock
Related violations: <none>

TIMING-17#16 Critical Warning
Non-clocked sequential cell  
The clock pin system_top_i/axi_lite_for_snake_0/inst/axi_lite_for_snake_v1_0_S00_AXI_inst/lcd_rgb_snake_u/u_lcd_driver/pixel_xpos_reg[10]/C is not reached by a timing clock
Related violations: <none>

TIMING-17#17 Critical Warning
Non-clocked sequential cell  
The clock pin system_top_i/axi_lite_for_snake_0/inst/axi_lite_for_snake_v1_0_S00_AXI_inst/lcd_rgb_snake_u/u_lcd_driver/pixel_xpos_reg[1]/C is not reached by a timing clock
Related violations: <none>

TIMING-17#18 Critical Warning
Non-clocked sequential cell  
The clock pin system_top_i/axi_lite_for_snake_0/inst/axi_lite_for_snake_v1_0_S00_AXI_inst/lcd_rgb_snake_u/u_lcd_driver/pixel_xpos_reg[2]/C is not reached by a timing clock
Related violations: <none>

TIMING-17#19 Critical Warning
Non-clocked sequential cell  
The clock pin system_top_i/axi_lite_for_snake_0/inst/axi_lite_for_snake_v1_0_S00_AXI_inst/lcd_rgb_snake_u/u_lcd_driver/pixel_xpos_reg[3]/C is not reached by a timing clock
Related violations: <none>

TIMING-17#20 Critical Warning
Non-clocked sequential cell  
The clock pin system_top_i/axi_lite_for_snake_0/inst/axi_lite_for_snake_v1_0_S00_AXI_inst/lcd_rgb_snake_u/u_lcd_driver/pixel_xpos_reg[4]/C is not reached by a timing clock
Related violations: <none>

TIMING-17#21 Critical Warning
Non-clocked sequential cell  
The clock pin system_top_i/axi_lite_for_snake_0/inst/axi_lite_for_snake_v1_0_S00_AXI_inst/lcd_rgb_snake_u/u_lcd_driver/pixel_xpos_reg[5]/C is not reached by a timing clock
Related violations: <none>

TIMING-17#22 Critical Warning
Non-clocked sequential cell  
The clock pin system_top_i/axi_lite_for_snake_0/inst/axi_lite_for_snake_v1_0_S00_AXI_inst/lcd_rgb_snake_u/u_lcd_driver/pixel_xpos_reg[6]/C is not reached by a timing clock
Related violations: <none>

TIMING-17#23 Critical Warning
Non-clocked sequential cell  
The clock pin system_top_i/axi_lite_for_snake_0/inst/axi_lite_for_snake_v1_0_S00_AXI_inst/lcd_rgb_snake_u/u_lcd_driver/pixel_xpos_reg[7]/C is not reached by a timing clock
Related violations: <none>

TIMING-17#24 Critical Warning
Non-clocked sequential cell  
The clock pin system_top_i/axi_lite_for_snake_0/inst/axi_lite_for_snake_v1_0_S00_AXI_inst/lcd_rgb_snake_u/u_lcd_driver/pixel_xpos_reg[8]/C is not reached by a timing clock
Related violations: <none>

TIMING-17#25 Critical Warning
Non-clocked sequential cell  
The clock pin system_top_i/axi_lite_for_snake_0/inst/axi_lite_for_snake_v1_0_S00_AXI_inst/lcd_rgb_snake_u/u_lcd_driver/pixel_xpos_reg[9]/C is not reached by a timing clock
Related violations: <none>

TIMING-17#26 Critical Warning
Non-clocked sequential cell  
The clock pin system_top_i/axi_lite_for_snake_0/inst/axi_lite_for_snake_v1_0_S00_AXI_inst/lcd_rgb_snake_u/u_lcd_driver/pixel_ypos_reg[0]/C is not reached by a timing clock
Related violations: <none>

TIMING-17#27 Critical Warning
Non-clocked sequential cell  
The clock pin system_top_i/axi_lite_for_snake_0/inst/axi_lite_for_snake_v1_0_S00_AXI_inst/lcd_rgb_snake_u/u_lcd_driver/pixel_ypos_reg[1]/C is not reached by a timing clock
Related violations: <none>

TIMING-17#28 Critical Warning
Non-clocked sequential cell  
The clock pin system_top_i/axi_lite_for_snake_0/inst/axi_lite_for_snake_v1_0_S00_AXI_inst/lcd_rgb_snake_u/u_lcd_driver/pixel_ypos_reg[2]/C is not reached by a timing clock
Related violations: <none>

TIMING-17#29 Critical Warning
Non-clocked sequential cell  
The clock pin system_top_i/axi_lite_for_snake_0/inst/axi_lite_for_snake_v1_0_S00_AXI_inst/lcd_rgb_snake_u/u_lcd_driver/pixel_ypos_reg[3]/C is not reached by a timing clock
Related violations: <none>

TIMING-17#30 Critical Warning
Non-clocked sequential cell  
The clock pin system_top_i/axi_lite_for_snake_0/inst/axi_lite_for_snake_v1_0_S00_AXI_inst/lcd_rgb_snake_u/u_lcd_driver/pixel_ypos_reg[4]/C is not reached by a timing clock
Related violations: <none>

TIMING-17#31 Critical Warning
Non-clocked sequential cell  
The clock pin system_top_i/axi_lite_for_snake_0/inst/axi_lite_for_snake_v1_0_S00_AXI_inst/lcd_rgb_snake_u/u_lcd_driver/pixel_ypos_reg[5]/C is not reached by a timing clock
Related violations: <none>

TIMING-17#32 Critical Warning
Non-clocked sequential cell  
The clock pin system_top_i/axi_lite_for_snake_0/inst/axi_lite_for_snake_v1_0_S00_AXI_inst/lcd_rgb_snake_u/u_lcd_driver/pixel_ypos_reg[6]/C is not reached by a timing clock
Related violations: <none>

TIMING-17#33 Critical Warning
Non-clocked sequential cell  
The clock pin system_top_i/axi_lite_for_snake_0/inst/axi_lite_for_snake_v1_0_S00_AXI_inst/lcd_rgb_snake_u/u_lcd_driver/pixel_ypos_reg[7]/C is not reached by a timing clock
Related violations: <none>

TIMING-17#34 Critical Warning
Non-clocked sequential cell  
The clock pin system_top_i/axi_lite_for_snake_0/inst/axi_lite_for_snake_v1_0_S00_AXI_inst/lcd_rgb_snake_u/u_lcd_driver/pixel_ypos_reg[8]/C is not reached by a timing clock
Related violations: <none>

TIMING-17#35 Critical Warning
Non-clocked sequential cell  
The clock pin system_top_i/axi_lite_for_snake_0/inst/axi_lite_for_snake_v1_0_S00_AXI_inst/lcd_rgb_snake_u/u_lcd_driver/v_cnt_reg[0]/C is not reached by a timing clock
Related violations: <none>

TIMING-17#36 Critical Warning
Non-clocked sequential cell  
The clock pin system_top_i/axi_lite_for_snake_0/inst/axi_lite_for_snake_v1_0_S00_AXI_inst/lcd_rgb_snake_u/u_lcd_driver/v_cnt_reg[10]/C is not reached by a timing clock
Related violations: <none>

TIMING-17#37 Critical Warning
Non-clocked sequential cell  
The clock pin system_top_i/axi_lite_for_snake_0/inst/axi_lite_for_snake_v1_0_S00_AXI_inst/lcd_rgb_snake_u/u_lcd_driver/v_cnt_reg[1]/C is not reached by a timing clock
Related violations: <none>

TIMING-17#38 Critical Warning
Non-clocked sequential cell  
The clock pin system_top_i/axi_lite_for_snake_0/inst/axi_lite_for_snake_v1_0_S00_AXI_inst/lcd_rgb_snake_u/u_lcd_driver/v_cnt_reg[2]/C is not reached by a timing clock
Related violations: <none>

TIMING-17#39 Critical Warning
Non-clocked sequential cell  
The clock pin system_top_i/axi_lite_for_snake_0/inst/axi_lite_for_snake_v1_0_S00_AXI_inst/lcd_rgb_snake_u/u_lcd_driver/v_cnt_reg[3]/C is not reached by a timing clock
Related violations: <none>

TIMING-17#40 Critical Warning
Non-clocked sequential cell  
The clock pin system_top_i/axi_lite_for_snake_0/inst/axi_lite_for_snake_v1_0_S00_AXI_inst/lcd_rgb_snake_u/u_lcd_driver/v_cnt_reg[4]/C is not reached by a timing clock
Related violations: <none>

TIMING-17#41 Critical Warning
Non-clocked sequential cell  
The clock pin system_top_i/axi_lite_for_snake_0/inst/axi_lite_for_snake_v1_0_S00_AXI_inst/lcd_rgb_snake_u/u_lcd_driver/v_cnt_reg[5]/C is not reached by a timing clock
Related violations: <none>

TIMING-17#42 Critical Warning
Non-clocked sequential cell  
The clock pin system_top_i/axi_lite_for_snake_0/inst/axi_lite_for_snake_v1_0_S00_AXI_inst/lcd_rgb_snake_u/u_lcd_driver/v_cnt_reg[6]/C is not reached by a timing clock
Related violations: <none>

TIMING-17#43 Critical Warning
Non-clocked sequential cell  
The clock pin system_top_i/axi_lite_for_snake_0/inst/axi_lite_for_snake_v1_0_S00_AXI_inst/lcd_rgb_snake_u/u_lcd_driver/v_cnt_reg[7]/C is not reached by a timing clock
Related violations: <none>

TIMING-17#44 Critical Warning
Non-clocked sequential cell  
The clock pin system_top_i/axi_lite_for_snake_0/inst/axi_lite_for_snake_v1_0_S00_AXI_inst/lcd_rgb_snake_u/u_lcd_driver/v_cnt_reg[8]/C is not reached by a timing clock
Related violations: <none>

TIMING-17#45 Critical Warning
Non-clocked sequential cell  
The clock pin system_top_i/axi_lite_for_snake_0/inst/axi_lite_for_snake_v1_0_S00_AXI_inst/lcd_rgb_snake_u/u_lcd_driver/v_cnt_reg[9]/C is not reached by a timing clock
Related violations: <none>

TIMING-17#46 Critical Warning
Non-clocked sequential cell  
The clock pin system_top_i/axi_lite_for_snake_0/inst/axi_lite_for_snake_v1_0_S00_AXI_inst/lcd_rgb_snake_u/u_snake_top/U3/DIR_reg/C is not reached by a timing clock
Related violations: <none>

TIMING-17#47 Critical Warning
Non-clocked sequential cell  
The clock pin system_top_i/axi_lite_for_snake_0/inst/axi_lite_for_snake_v1_0_S00_AXI_inst/lcd_rgb_snake_u/u_snake_top/U3/cnt_js_reg[0]/C is not reached by a timing clock
Related violations: <none>

TIMING-17#48 Critical Warning
Non-clocked sequential cell  
The clock pin system_top_i/axi_lite_for_snake_0/inst/axi_lite_for_snake_v1_0_S00_AXI_inst/lcd_rgb_snake_u/u_snake_top/U3/cnt_js_reg[10]/C is not reached by a timing clock
Related violations: <none>

TIMING-17#49 Critical Warning
Non-clocked sequential cell  
The clock pin system_top_i/axi_lite_for_snake_0/inst/axi_lite_for_snake_v1_0_S00_AXI_inst/lcd_rgb_snake_u/u_snake_top/U3/cnt_js_reg[11]/C is not reached by a timing clock
Related violations: <none>

TIMING-17#50 Critical Warning
Non-clocked sequential cell  
The clock pin system_top_i/axi_lite_for_snake_0/inst/axi_lite_for_snake_v1_0_S00_AXI_inst/lcd_rgb_snake_u/u_snake_top/U3/cnt_js_reg[12]/C is not reached by a timing clock
Related violations: <none>

TIMING-17#51 Critical Warning
Non-clocked sequential cell  
The clock pin system_top_i/axi_lite_for_snake_0/inst/axi_lite_for_snake_v1_0_S00_AXI_inst/lcd_rgb_snake_u/u_snake_top/U3/cnt_js_reg[13]/C is not reached by a timing clock
Related violations: <none>

TIMING-17#52 Critical Warning
Non-clocked sequential cell  
The clock pin system_top_i/axi_lite_for_snake_0/inst/axi_lite_for_snake_v1_0_S00_AXI_inst/lcd_rgb_snake_u/u_snake_top/U3/cnt_js_reg[14]/C is not reached by a timing clock
Related violations: <none>

TIMING-17#53 Critical Warning
Non-clocked sequential cell  
The clock pin system_top_i/axi_lite_for_snake_0/inst/axi_lite_for_snake_v1_0_S00_AXI_inst/lcd_rgb_snake_u/u_snake_top/U3/cnt_js_reg[15]/C is not reached by a timing clock
Related violations: <none>

TIMING-17#54 Critical Warning
Non-clocked sequential cell  
The clock pin system_top_i/axi_lite_for_snake_0/inst/axi_lite_for_snake_v1_0_S00_AXI_inst/lcd_rgb_snake_u/u_snake_top/U3/cnt_js_reg[16]/C is not reached by a timing clock
Related violations: <none>

TIMING-17#55 Critical Warning
Non-clocked sequential cell  
The clock pin system_top_i/axi_lite_for_snake_0/inst/axi_lite_for_snake_v1_0_S00_AXI_inst/lcd_rgb_snake_u/u_snake_top/U3/cnt_js_reg[17]/C is not reached by a timing clock
Related violations: <none>

TIMING-17#56 Critical Warning
Non-clocked sequential cell  
The clock pin system_top_i/axi_lite_for_snake_0/inst/axi_lite_for_snake_v1_0_S00_AXI_inst/lcd_rgb_snake_u/u_snake_top/U3/cnt_js_reg[18]/C is not reached by a timing clock
Related violations: <none>

TIMING-17#57 Critical Warning
Non-clocked sequential cell  
The clock pin system_top_i/axi_lite_for_snake_0/inst/axi_lite_for_snake_v1_0_S00_AXI_inst/lcd_rgb_snake_u/u_snake_top/U3/cnt_js_reg[19]/C is not reached by a timing clock
Related violations: <none>

TIMING-17#58 Critical Warning
Non-clocked sequential cell  
The clock pin system_top_i/axi_lite_for_snake_0/inst/axi_lite_for_snake_v1_0_S00_AXI_inst/lcd_rgb_snake_u/u_snake_top/U3/cnt_js_reg[1]/C is not reached by a timing clock
Related violations: <none>

TIMING-17#59 Critical Warning
Non-clocked sequential cell  
The clock pin system_top_i/axi_lite_for_snake_0/inst/axi_lite_for_snake_v1_0_S00_AXI_inst/lcd_rgb_snake_u/u_snake_top/U3/cnt_js_reg[20]/C is not reached by a timing clock
Related violations: <none>

TIMING-17#60 Critical Warning
Non-clocked sequential cell  
The clock pin system_top_i/axi_lite_for_snake_0/inst/axi_lite_for_snake_v1_0_S00_AXI_inst/lcd_rgb_snake_u/u_snake_top/U3/cnt_js_reg[21]/C is not reached by a timing clock
Related violations: <none>

TIMING-17#61 Critical Warning
Non-clocked sequential cell  
The clock pin system_top_i/axi_lite_for_snake_0/inst/axi_lite_for_snake_v1_0_S00_AXI_inst/lcd_rgb_snake_u/u_snake_top/U3/cnt_js_reg[22]/C is not reached by a timing clock
Related violations: <none>

TIMING-17#62 Critical Warning
Non-clocked sequential cell  
The clock pin system_top_i/axi_lite_for_snake_0/inst/axi_lite_for_snake_v1_0_S00_AXI_inst/lcd_rgb_snake_u/u_snake_top/U3/cnt_js_reg[23]/C is not reached by a timing clock
Related violations: <none>

TIMING-17#63 Critical Warning
Non-clocked sequential cell  
The clock pin system_top_i/axi_lite_for_snake_0/inst/axi_lite_for_snake_v1_0_S00_AXI_inst/lcd_rgb_snake_u/u_snake_top/U3/cnt_js_reg[24]/C is not reached by a timing clock
Related violations: <none>

TIMING-17#64 Critical Warning
Non-clocked sequential cell  
The clock pin system_top_i/axi_lite_for_snake_0/inst/axi_lite_for_snake_v1_0_S00_AXI_inst/lcd_rgb_snake_u/u_snake_top/U3/cnt_js_reg[25]/C is not reached by a timing clock
Related violations: <none>

TIMING-17#65 Critical Warning
Non-clocked sequential cell  
The clock pin system_top_i/axi_lite_for_snake_0/inst/axi_lite_for_snake_v1_0_S00_AXI_inst/lcd_rgb_snake_u/u_snake_top/U3/cnt_js_reg[2]/C is not reached by a timing clock
Related violations: <none>

TIMING-17#66 Critical Warning
Non-clocked sequential cell  
The clock pin system_top_i/axi_lite_for_snake_0/inst/axi_lite_for_snake_v1_0_S00_AXI_inst/lcd_rgb_snake_u/u_snake_top/U3/cnt_js_reg[3]/C is not reached by a timing clock
Related violations: <none>

TIMING-17#67 Critical Warning
Non-clocked sequential cell  
The clock pin system_top_i/axi_lite_for_snake_0/inst/axi_lite_for_snake_v1_0_S00_AXI_inst/lcd_rgb_snake_u/u_snake_top/U3/cnt_js_reg[4]/C is not reached by a timing clock
Related violations: <none>

TIMING-17#68 Critical Warning
Non-clocked sequential cell  
The clock pin system_top_i/axi_lite_for_snake_0/inst/axi_lite_for_snake_v1_0_S00_AXI_inst/lcd_rgb_snake_u/u_snake_top/U3/cnt_js_reg[5]/C is not reached by a timing clock
Related violations: <none>

TIMING-17#69 Critical Warning
Non-clocked sequential cell  
The clock pin system_top_i/axi_lite_for_snake_0/inst/axi_lite_for_snake_v1_0_S00_AXI_inst/lcd_rgb_snake_u/u_snake_top/U3/cnt_js_reg[6]/C is not reached by a timing clock
Related violations: <none>

TIMING-17#70 Critical Warning
Non-clocked sequential cell  
The clock pin system_top_i/axi_lite_for_snake_0/inst/axi_lite_for_snake_v1_0_S00_AXI_inst/lcd_rgb_snake_u/u_snake_top/U3/cnt_js_reg[7]/C is not reached by a timing clock
Related violations: <none>

TIMING-17#71 Critical Warning
Non-clocked sequential cell  
The clock pin system_top_i/axi_lite_for_snake_0/inst/axi_lite_for_snake_v1_0_S00_AXI_inst/lcd_rgb_snake_u/u_snake_top/U3/cnt_js_reg[8]/C is not reached by a timing clock
Related violations: <none>

TIMING-17#72 Critical Warning
Non-clocked sequential cell  
The clock pin system_top_i/axi_lite_for_snake_0/inst/axi_lite_for_snake_v1_0_S00_AXI_inst/lcd_rgb_snake_u/u_snake_top/U3/cnt_js_reg[9]/C is not reached by a timing clock
Related violations: <none>

TIMING-17#73 Critical Warning
Non-clocked sequential cell  
The clock pin system_top_i/axi_lite_for_snake_0/inst/axi_lite_for_snake_v1_0_S00_AXI_inst/lcd_rgb_snake_u/u_snake_top/U3/cs_reg[0]/C is not reached by a timing clock
Related violations: <none>

TIMING-17#74 Critical Warning
Non-clocked sequential cell  
The clock pin system_top_i/axi_lite_for_snake_0/inst/axi_lite_for_snake_v1_0_S00_AXI_inst/lcd_rgb_snake_u/u_snake_top/U3/cs_reg[1]/C is not reached by a timing clock
Related violations: <none>

TIMING-17#75 Critical Warning
Non-clocked sequential cell  
The clock pin system_top_i/axi_lite_for_snake_0/inst/axi_lite_for_snake_v1_0_S00_AXI_inst/lcd_rgb_snake_u/u_snake_top/U3/diff_reg[0]/C is not reached by a timing clock
Related violations: <none>

TIMING-17#76 Critical Warning
Non-clocked sequential cell  
The clock pin system_top_i/axi_lite_for_snake_0/inst/axi_lite_for_snake_v1_0_S00_AXI_inst/lcd_rgb_snake_u/u_snake_top/U3/diff_reg[1]/C is not reached by a timing clock
Related violations: <none>

TIMING-17#77 Critical Warning
Non-clocked sequential cell  
The clock pin system_top_i/axi_lite_for_snake_0/inst/axi_lite_for_snake_v1_0_S00_AXI_inst/lcd_rgb_snake_u/u_snake_top/U3/food_x_reg[2]/C is not reached by a timing clock
Related violations: <none>

TIMING-17#78 Critical Warning
Non-clocked sequential cell  
The clock pin system_top_i/axi_lite_for_snake_0/inst/axi_lite_for_snake_v1_0_S00_AXI_inst/lcd_rgb_snake_u/u_snake_top/U3/food_x_reg[3]/C is not reached by a timing clock
Related violations: <none>

TIMING-17#79 Critical Warning
Non-clocked sequential cell  
The clock pin system_top_i/axi_lite_for_snake_0/inst/axi_lite_for_snake_v1_0_S00_AXI_inst/lcd_rgb_snake_u/u_snake_top/U3/food_x_reg[4]/C is not reached by a timing clock
Related violations: <none>

TIMING-17#80 Critical Warning
Non-clocked sequential cell  
The clock pin system_top_i/axi_lite_for_snake_0/inst/axi_lite_for_snake_v1_0_S00_AXI_inst/lcd_rgb_snake_u/u_snake_top/U3/food_x_reg[5]/C is not reached by a timing clock
Related violations: <none>

TIMING-17#81 Critical Warning
Non-clocked sequential cell  
The clock pin system_top_i/axi_lite_for_snake_0/inst/axi_lite_for_snake_v1_0_S00_AXI_inst/lcd_rgb_snake_u/u_snake_top/U3/food_x_reg[6]/C is not reached by a timing clock
Related violations: <none>

TIMING-17#82 Critical Warning
Non-clocked sequential cell  
The clock pin system_top_i/axi_lite_for_snake_0/inst/axi_lite_for_snake_v1_0_S00_AXI_inst/lcd_rgb_snake_u/u_snake_top/U3/food_x_reg[7]/C is not reached by a timing clock
Related violations: <none>

TIMING-17#83 Critical Warning
Non-clocked sequential cell  
The clock pin system_top_i/axi_lite_for_snake_0/inst/axi_lite_for_snake_v1_0_S00_AXI_inst/lcd_rgb_snake_u/u_snake_top/U3/food_x_reg[8]/C is not reached by a timing clock
Related violations: <none>

TIMING-17#84 Critical Warning
Non-clocked sequential cell  
The clock pin system_top_i/axi_lite_for_snake_0/inst/axi_lite_for_snake_v1_0_S00_AXI_inst/lcd_rgb_snake_u/u_snake_top/U3/food_x_reg[9]/C is not reached by a timing clock
Related violations: <none>

TIMING-17#85 Critical Warning
Non-clocked sequential cell  
The clock pin system_top_i/axi_lite_for_snake_0/inst/axi_lite_for_snake_v1_0_S00_AXI_inst/lcd_rgb_snake_u/u_snake_top/U3/food_y_reg[2]/C is not reached by a timing clock
Related violations: <none>

TIMING-17#86 Critical Warning
Non-clocked sequential cell  
The clock pin system_top_i/axi_lite_for_snake_0/inst/axi_lite_for_snake_v1_0_S00_AXI_inst/lcd_rgb_snake_u/u_snake_top/U3/food_y_reg[3]/C is not reached by a timing clock
Related violations: <none>

TIMING-17#87 Critical Warning
Non-clocked sequential cell  
The clock pin system_top_i/axi_lite_for_snake_0/inst/axi_lite_for_snake_v1_0_S00_AXI_inst/lcd_rgb_snake_u/u_snake_top/U3/food_y_reg[4]/C is not reached by a timing clock
Related violations: <none>

TIMING-17#88 Critical Warning
Non-clocked sequential cell  
The clock pin system_top_i/axi_lite_for_snake_0/inst/axi_lite_for_snake_v1_0_S00_AXI_inst/lcd_rgb_snake_u/u_snake_top/U3/food_y_reg[5]/C is not reached by a timing clock
Related violations: <none>

TIMING-17#89 Critical Warning
Non-clocked sequential cell  
The clock pin system_top_i/axi_lite_for_snake_0/inst/axi_lite_for_snake_v1_0_S00_AXI_inst/lcd_rgb_snake_u/u_snake_top/U3/food_y_reg[6]/C is not reached by a timing clock
Related violations: <none>

TIMING-17#90 Critical Warning
Non-clocked sequential cell  
The clock pin system_top_i/axi_lite_for_snake_0/inst/axi_lite_for_snake_v1_0_S00_AXI_inst/lcd_rgb_snake_u/u_snake_top/U3/food_y_reg[7]/C is not reached by a timing clock
Related violations: <none>

TIMING-17#91 Critical Warning
Non-clocked sequential cell  
The clock pin system_top_i/axi_lite_for_snake_0/inst/axi_lite_for_snake_v1_0_S00_AXI_inst/lcd_rgb_snake_u/u_snake_top/U3/food_y_reg[8]/C is not reached by a timing clock
Related violations: <none>

TIMING-17#92 Critical Warning
Non-clocked sequential cell  
The clock pin system_top_i/axi_lite_for_snake_0/inst/axi_lite_for_snake_v1_0_S00_AXI_inst/lcd_rgb_snake_u/u_snake_top/U3/food_y_reg[9]/C is not reached by a timing clock
Related violations: <none>

TIMING-17#93 Critical Warning
Non-clocked sequential cell  
The clock pin system_top_i/axi_lite_for_snake_0/inst/axi_lite_for_snake_v1_0_S00_AXI_inst/lcd_rgb_snake_u/u_snake_top/U3/foodflag_reg_inv/C is not reached by a timing clock
Related violations: <none>

TIMING-17#94 Critical Warning
Non-clocked sequential cell  
The clock pin system_top_i/axi_lite_for_snake_0/inst/axi_lite_for_snake_v1_0_S00_AXI_inst/lcd_rgb_snake_u/u_snake_top/U3/h_all_reg[12]/C is not reached by a timing clock
Related violations: <none>

TIMING-17#95 Critical Warning
Non-clocked sequential cell  
The clock pin system_top_i/axi_lite_for_snake_0/inst/axi_lite_for_snake_v1_0_S00_AXI_inst/lcd_rgb_snake_u/u_snake_top/U3/h_all_reg[13]/C is not reached by a timing clock
Related violations: <none>

TIMING-17#96 Critical Warning
Non-clocked sequential cell  
The clock pin system_top_i/axi_lite_for_snake_0/inst/axi_lite_for_snake_v1_0_S00_AXI_inst/lcd_rgb_snake_u/u_snake_top/U3/h_all_reg[14]/C is not reached by a timing clock
Related violations: <none>

TIMING-17#97 Critical Warning
Non-clocked sequential cell  
The clock pin system_top_i/axi_lite_for_snake_0/inst/axi_lite_for_snake_v1_0_S00_AXI_inst/lcd_rgb_snake_u/u_snake_top/U3/h_all_reg[15]/C is not reached by a timing clock
Related violations: <none>

TIMING-17#98 Critical Warning
Non-clocked sequential cell  
The clock pin system_top_i/axi_lite_for_snake_0/inst/axi_lite_for_snake_v1_0_S00_AXI_inst/lcd_rgb_snake_u/u_snake_top/U3/h_all_reg[16]/C is not reached by a timing clock
Related violations: <none>

TIMING-17#99 Critical Warning
Non-clocked sequential cell  
The clock pin system_top_i/axi_lite_for_snake_0/inst/axi_lite_for_snake_v1_0_S00_AXI_inst/lcd_rgb_snake_u/u_snake_top/U3/h_all_reg[17]/C is not reached by a timing clock
Related violations: <none>

TIMING-17#100 Critical Warning
Non-clocked sequential cell  
The clock pin system_top_i/axi_lite_for_snake_0/inst/axi_lite_for_snake_v1_0_S00_AXI_inst/lcd_rgb_snake_u/u_snake_top/U3/h_all_reg[18]/C is not reached by a timing clock
Related violations: <none>

TIMING-17#101 Critical Warning
Non-clocked sequential cell  
The clock pin system_top_i/axi_lite_for_snake_0/inst/axi_lite_for_snake_v1_0_S00_AXI_inst/lcd_rgb_snake_u/u_snake_top/U3/h_all_reg[19]/C is not reached by a timing clock
Related violations: <none>

TIMING-17#102 Critical Warning
Non-clocked sequential cell  
The clock pin system_top_i/axi_lite_for_snake_0/inst/axi_lite_for_snake_v1_0_S00_AXI_inst/lcd_rgb_snake_u/u_snake_top/U3/h_all_reg[20]/C is not reached by a timing clock
Related violations: <none>

TIMING-17#103 Critical Warning
Non-clocked sequential cell  
The clock pin system_top_i/axi_lite_for_snake_0/inst/axi_lite_for_snake_v1_0_S00_AXI_inst/lcd_rgb_snake_u/u_snake_top/U3/h_all_reg[21]/C is not reached by a timing clock
Related violations: <none>

TIMING-17#104 Critical Warning
Non-clocked sequential cell  
The clock pin system_top_i/axi_lite_for_snake_0/inst/axi_lite_for_snake_v1_0_S00_AXI_inst/lcd_rgb_snake_u/u_snake_top/U3/h_all_reg[22]/C is not reached by a timing clock
Related violations: <none>

TIMING-17#105 Critical Warning
Non-clocked sequential cell  
The clock pin system_top_i/axi_lite_for_snake_0/inst/axi_lite_for_snake_v1_0_S00_AXI_inst/lcd_rgb_snake_u/u_snake_top/U3/h_all_reg[23]/C is not reached by a timing clock
Related violations: <none>

TIMING-17#106 Critical Warning
Non-clocked sequential cell  
The clock pin system_top_i/axi_lite_for_snake_0/inst/axi_lite_for_snake_v1_0_S00_AXI_inst/lcd_rgb_snake_u/u_snake_top/U3/h_all_reg[24]/C is not reached by a timing clock
Related violations: <none>

TIMING-17#107 Critical Warning
Non-clocked sequential cell  
The clock pin system_top_i/axi_lite_for_snake_0/inst/axi_lite_for_snake_v1_0_S00_AXI_inst/lcd_rgb_snake_u/u_snake_top/U3/h_all_reg[25]/C is not reached by a timing clock
Related violations: <none>

TIMING-17#108 Critical Warning
Non-clocked sequential cell  
The clock pin system_top_i/axi_lite_for_snake_0/inst/axi_lite_for_snake_v1_0_S00_AXI_inst/lcd_rgb_snake_u/u_snake_top/U3/h_all_reg[26]/C is not reached by a timing clock
Related violations: <none>

TIMING-17#109 Critical Warning
Non-clocked sequential cell  
The clock pin system_top_i/axi_lite_for_snake_0/inst/axi_lite_for_snake_v1_0_S00_AXI_inst/lcd_rgb_snake_u/u_snake_top/U3/h_all_reg[27]/C is not reached by a timing clock
Related violations: <none>

TIMING-17#110 Critical Warning
Non-clocked sequential cell  
The clock pin system_top_i/axi_lite_for_snake_0/inst/axi_lite_for_snake_v1_0_S00_AXI_inst/lcd_rgb_snake_u/u_snake_top/U3/h_all_reg[28]/C is not reached by a timing clock
Related violations: <none>

TIMING-17#111 Critical Warning
Non-clocked sequential cell  
The clock pin system_top_i/axi_lite_for_snake_0/inst/axi_lite_for_snake_v1_0_S00_AXI_inst/lcd_rgb_snake_u/u_snake_top/U3/h_all_reg[29]/C is not reached by a timing clock
Related violations: <none>

TIMING-17#112 Critical Warning
Non-clocked sequential cell  
The clock pin system_top_i/axi_lite_for_snake_0/inst/axi_lite_for_snake_v1_0_S00_AXI_inst/lcd_rgb_snake_u/u_snake_top/U3/h_all_reg[2]/C is not reached by a timing clock
Related violations: <none>

TIMING-17#113 Critical Warning
Non-clocked sequential cell  
The clock pin system_top_i/axi_lite_for_snake_0/inst/axi_lite_for_snake_v1_0_S00_AXI_inst/lcd_rgb_snake_u/u_snake_top/U3/h_all_reg[30]/C is not reached by a timing clock
Related violations: <none>

TIMING-17#114 Critical Warning
Non-clocked sequential cell  
The clock pin system_top_i/axi_lite_for_snake_0/inst/axi_lite_for_snake_v1_0_S00_AXI_inst/lcd_rgb_snake_u/u_snake_top/U3/h_all_reg[31]/C is not reached by a timing clock
Related violations: <none>

TIMING-17#115 Critical Warning
Non-clocked sequential cell  
The clock pin system_top_i/axi_lite_for_snake_0/inst/axi_lite_for_snake_v1_0_S00_AXI_inst/lcd_rgb_snake_u/u_snake_top/U3/h_all_reg[32]/C is not reached by a timing clock
Related violations: <none>

TIMING-17#116 Critical Warning
Non-clocked sequential cell  
The clock pin system_top_i/axi_lite_for_snake_0/inst/axi_lite_for_snake_v1_0_S00_AXI_inst/lcd_rgb_snake_u/u_snake_top/U3/h_all_reg[33]/C is not reached by a timing clock
Related violations: <none>

TIMING-17#117 Critical Warning
Non-clocked sequential cell  
The clock pin system_top_i/axi_lite_for_snake_0/inst/axi_lite_for_snake_v1_0_S00_AXI_inst/lcd_rgb_snake_u/u_snake_top/U3/h_all_reg[34]/C is not reached by a timing clock
Related violations: <none>

TIMING-17#118 Critical Warning
Non-clocked sequential cell  
The clock pin system_top_i/axi_lite_for_snake_0/inst/axi_lite_for_snake_v1_0_S00_AXI_inst/lcd_rgb_snake_u/u_snake_top/U3/h_all_reg[35]/C is not reached by a timing clock
Related violations: <none>

TIMING-17#119 Critical Warning
Non-clocked sequential cell  
The clock pin system_top_i/axi_lite_for_snake_0/inst/axi_lite_for_snake_v1_0_S00_AXI_inst/lcd_rgb_snake_u/u_snake_top/U3/h_all_reg[36]/C is not reached by a timing clock
Related violations: <none>

TIMING-17#120 Critical Warning
Non-clocked sequential cell  
The clock pin system_top_i/axi_lite_for_snake_0/inst/axi_lite_for_snake_v1_0_S00_AXI_inst/lcd_rgb_snake_u/u_snake_top/U3/h_all_reg[37]/C is not reached by a timing clock
Related violations: <none>

TIMING-17#121 Critical Warning
Non-clocked sequential cell  
The clock pin system_top_i/axi_lite_for_snake_0/inst/axi_lite_for_snake_v1_0_S00_AXI_inst/lcd_rgb_snake_u/u_snake_top/U3/h_all_reg[38]/C is not reached by a timing clock
Related violations: <none>

TIMING-17#122 Critical Warning
Non-clocked sequential cell  
The clock pin system_top_i/axi_lite_for_snake_0/inst/axi_lite_for_snake_v1_0_S00_AXI_inst/lcd_rgb_snake_u/u_snake_top/U3/h_all_reg[39]/C is not reached by a timing clock
Related violations: <none>

TIMING-17#123 Critical Warning
Non-clocked sequential cell  
The clock pin system_top_i/axi_lite_for_snake_0/inst/axi_lite_for_snake_v1_0_S00_AXI_inst/lcd_rgb_snake_u/u_snake_top/U3/h_all_reg[3]/C is not reached by a timing clock
Related violations: <none>

TIMING-17#124 Critical Warning
Non-clocked sequential cell  
The clock pin system_top_i/axi_lite_for_snake_0/inst/axi_lite_for_snake_v1_0_S00_AXI_inst/lcd_rgb_snake_u/u_snake_top/U3/h_all_reg[40]/C is not reached by a timing clock
Related violations: <none>

TIMING-17#125 Critical Warning
Non-clocked sequential cell  
The clock pin system_top_i/axi_lite_for_snake_0/inst/axi_lite_for_snake_v1_0_S00_AXI_inst/lcd_rgb_snake_u/u_snake_top/U3/h_all_reg[41]/C is not reached by a timing clock
Related violations: <none>

TIMING-17#126 Critical Warning
Non-clocked sequential cell  
The clock pin system_top_i/axi_lite_for_snake_0/inst/axi_lite_for_snake_v1_0_S00_AXI_inst/lcd_rgb_snake_u/u_snake_top/U3/h_all_reg[42]/C is not reached by a timing clock
Related violations: <none>

TIMING-17#127 Critical Warning
Non-clocked sequential cell  
The clock pin system_top_i/axi_lite_for_snake_0/inst/axi_lite_for_snake_v1_0_S00_AXI_inst/lcd_rgb_snake_u/u_snake_top/U3/h_all_reg[43]/C is not reached by a timing clock
Related violations: <none>

TIMING-17#128 Critical Warning
Non-clocked sequential cell  
The clock pin system_top_i/axi_lite_for_snake_0/inst/axi_lite_for_snake_v1_0_S00_AXI_inst/lcd_rgb_snake_u/u_snake_top/U3/h_all_reg[44]/C is not reached by a timing clock
Related violations: <none>

TIMING-17#129 Critical Warning
Non-clocked sequential cell  
The clock pin system_top_i/axi_lite_for_snake_0/inst/axi_lite_for_snake_v1_0_S00_AXI_inst/lcd_rgb_snake_u/u_snake_top/U3/h_all_reg[45]/C is not reached by a timing clock
Related violations: <none>

TIMING-17#130 Critical Warning
Non-clocked sequential cell  
The clock pin system_top_i/axi_lite_for_snake_0/inst/axi_lite_for_snake_v1_0_S00_AXI_inst/lcd_rgb_snake_u/u_snake_top/U3/h_all_reg[46]/C is not reached by a timing clock
Related violations: <none>

TIMING-17#131 Critical Warning
Non-clocked sequential cell  
The clock pin system_top_i/axi_lite_for_snake_0/inst/axi_lite_for_snake_v1_0_S00_AXI_inst/lcd_rgb_snake_u/u_snake_top/U3/h_all_reg[47]/C is not reached by a timing clock
Related violations: <none>

TIMING-17#132 Critical Warning
Non-clocked sequential cell  
The clock pin system_top_i/axi_lite_for_snake_0/inst/axi_lite_for_snake_v1_0_S00_AXI_inst/lcd_rgb_snake_u/u_snake_top/U3/h_all_reg[48]/C is not reached by a timing clock
Related violations: <none>

TIMING-17#133 Critical Warning
Non-clocked sequential cell  
The clock pin system_top_i/axi_lite_for_snake_0/inst/axi_lite_for_snake_v1_0_S00_AXI_inst/lcd_rgb_snake_u/u_snake_top/U3/h_all_reg[49]/C is not reached by a timing clock
Related violations: <none>

TIMING-17#134 Critical Warning
Non-clocked sequential cell  
The clock pin system_top_i/axi_lite_for_snake_0/inst/axi_lite_for_snake_v1_0_S00_AXI_inst/lcd_rgb_snake_u/u_snake_top/U3/h_all_reg[4]/C is not reached by a timing clock
Related violations: <none>

TIMING-17#135 Critical Warning
Non-clocked sequential cell  
The clock pin system_top_i/axi_lite_for_snake_0/inst/axi_lite_for_snake_v1_0_S00_AXI_inst/lcd_rgb_snake_u/u_snake_top/U3/h_all_reg[50]/C is not reached by a timing clock
Related violations: <none>

TIMING-17#136 Critical Warning
Non-clocked sequential cell  
The clock pin system_top_i/axi_lite_for_snake_0/inst/axi_lite_for_snake_v1_0_S00_AXI_inst/lcd_rgb_snake_u/u_snake_top/U3/h_all_reg[51]/C is not reached by a timing clock
Related violations: <none>

TIMING-17#137 Critical Warning
Non-clocked sequential cell  
The clock pin system_top_i/axi_lite_for_snake_0/inst/axi_lite_for_snake_v1_0_S00_AXI_inst/lcd_rgb_snake_u/u_snake_top/U3/h_all_reg[52]/C is not reached by a timing clock
Related violations: <none>

TIMING-17#138 Critical Warning
Non-clocked sequential cell  
The clock pin system_top_i/axi_lite_for_snake_0/inst/axi_lite_for_snake_v1_0_S00_AXI_inst/lcd_rgb_snake_u/u_snake_top/U3/h_all_reg[53]/C is not reached by a timing clock
Related violations: <none>

TIMING-17#139 Critical Warning
Non-clocked sequential cell  
The clock pin system_top_i/axi_lite_for_snake_0/inst/axi_lite_for_snake_v1_0_S00_AXI_inst/lcd_rgb_snake_u/u_snake_top/U3/h_all_reg[54]/C is not reached by a timing clock
Related violations: <none>

TIMING-17#140 Critical Warning
Non-clocked sequential cell  
The clock pin system_top_i/axi_lite_for_snake_0/inst/axi_lite_for_snake_v1_0_S00_AXI_inst/lcd_rgb_snake_u/u_snake_top/U3/h_all_reg[55]/C is not reached by a timing clock
Related violations: <none>

TIMING-17#141 Critical Warning
Non-clocked sequential cell  
The clock pin system_top_i/axi_lite_for_snake_0/inst/axi_lite_for_snake_v1_0_S00_AXI_inst/lcd_rgb_snake_u/u_snake_top/U3/h_all_reg[56]/C is not reached by a timing clock
Related violations: <none>

TIMING-17#142 Critical Warning
Non-clocked sequential cell  
The clock pin system_top_i/axi_lite_for_snake_0/inst/axi_lite_for_snake_v1_0_S00_AXI_inst/lcd_rgb_snake_u/u_snake_top/U3/h_all_reg[57]/C is not reached by a timing clock
Related violations: <none>

TIMING-17#143 Critical Warning
Non-clocked sequential cell  
The clock pin system_top_i/axi_lite_for_snake_0/inst/axi_lite_for_snake_v1_0_S00_AXI_inst/lcd_rgb_snake_u/u_snake_top/U3/h_all_reg[58]/C is not reached by a timing clock
Related violations: <none>

TIMING-17#144 Critical Warning
Non-clocked sequential cell  
The clock pin system_top_i/axi_lite_for_snake_0/inst/axi_lite_for_snake_v1_0_S00_AXI_inst/lcd_rgb_snake_u/u_snake_top/U3/h_all_reg[59]/C is not reached by a timing clock
Related violations: <none>

TIMING-17#145 Critical Warning
Non-clocked sequential cell  
The clock pin system_top_i/axi_lite_for_snake_0/inst/axi_lite_for_snake_v1_0_S00_AXI_inst/lcd_rgb_snake_u/u_snake_top/U3/h_all_reg[5]/C is not reached by a timing clock
Related violations: <none>

TIMING-17#146 Critical Warning
Non-clocked sequential cell  
The clock pin system_top_i/axi_lite_for_snake_0/inst/axi_lite_for_snake_v1_0_S00_AXI_inst/lcd_rgb_snake_u/u_snake_top/U3/h_all_reg[60]/C is not reached by a timing clock
Related violations: <none>

TIMING-17#147 Critical Warning
Non-clocked sequential cell  
The clock pin system_top_i/axi_lite_for_snake_0/inst/axi_lite_for_snake_v1_0_S00_AXI_inst/lcd_rgb_snake_u/u_snake_top/U3/h_all_reg[61]/C is not reached by a timing clock
Related violations: <none>

TIMING-17#148 Critical Warning
Non-clocked sequential cell  
The clock pin system_top_i/axi_lite_for_snake_0/inst/axi_lite_for_snake_v1_0_S00_AXI_inst/lcd_rgb_snake_u/u_snake_top/U3/h_all_reg[62]/C is not reached by a timing clock
Related violations: <none>

TIMING-17#149 Critical Warning
Non-clocked sequential cell  
The clock pin system_top_i/axi_lite_for_snake_0/inst/axi_lite_for_snake_v1_0_S00_AXI_inst/lcd_rgb_snake_u/u_snake_top/U3/h_all_reg[63]/C is not reached by a timing clock
Related violations: <none>

TIMING-17#150 Critical Warning
Non-clocked sequential cell  
The clock pin system_top_i/axi_lite_for_snake_0/inst/axi_lite_for_snake_v1_0_S00_AXI_inst/lcd_rgb_snake_u/u_snake_top/U3/h_all_reg[64]/C is not reached by a timing clock
Related violations: <none>

TIMING-17#151 Critical Warning
Non-clocked sequential cell  
The clock pin system_top_i/axi_lite_for_snake_0/inst/axi_lite_for_snake_v1_0_S00_AXI_inst/lcd_rgb_snake_u/u_snake_top/U3/h_all_reg[65]/C is not reached by a timing clock
Related violations: <none>

TIMING-17#152 Critical Warning
Non-clocked sequential cell  
The clock pin system_top_i/axi_lite_for_snake_0/inst/axi_lite_for_snake_v1_0_S00_AXI_inst/lcd_rgb_snake_u/u_snake_top/U3/h_all_reg[66]/C is not reached by a timing clock
Related violations: <none>

TIMING-17#153 Critical Warning
Non-clocked sequential cell  
The clock pin system_top_i/axi_lite_for_snake_0/inst/axi_lite_for_snake_v1_0_S00_AXI_inst/lcd_rgb_snake_u/u_snake_top/U3/h_all_reg[67]/C is not reached by a timing clock
Related violations: <none>

TIMING-17#154 Critical Warning
Non-clocked sequential cell  
The clock pin system_top_i/axi_lite_for_snake_0/inst/axi_lite_for_snake_v1_0_S00_AXI_inst/lcd_rgb_snake_u/u_snake_top/U3/h_all_reg[68]/C is not reached by a timing clock
Related violations: <none>

TIMING-17#155 Critical Warning
Non-clocked sequential cell  
The clock pin system_top_i/axi_lite_for_snake_0/inst/axi_lite_for_snake_v1_0_S00_AXI_inst/lcd_rgb_snake_u/u_snake_top/U3/h_all_reg[69]/C is not reached by a timing clock
Related violations: <none>

TIMING-17#156 Critical Warning
Non-clocked sequential cell  
The clock pin system_top_i/axi_lite_for_snake_0/inst/axi_lite_for_snake_v1_0_S00_AXI_inst/lcd_rgb_snake_u/u_snake_top/U3/h_all_reg[6]/C is not reached by a timing clock
Related violations: <none>

TIMING-17#157 Critical Warning
Non-clocked sequential cell  
The clock pin system_top_i/axi_lite_for_snake_0/inst/axi_lite_for_snake_v1_0_S00_AXI_inst/lcd_rgb_snake_u/u_snake_top/U3/h_all_reg[70]/C is not reached by a timing clock
Related violations: <none>

TIMING-17#158 Critical Warning
Non-clocked sequential cell  
The clock pin system_top_i/axi_lite_for_snake_0/inst/axi_lite_for_snake_v1_0_S00_AXI_inst/lcd_rgb_snake_u/u_snake_top/U3/h_all_reg[71]/C is not reached by a timing clock
Related violations: <none>

TIMING-17#159 Critical Warning
Non-clocked sequential cell  
The clock pin system_top_i/axi_lite_for_snake_0/inst/axi_lite_for_snake_v1_0_S00_AXI_inst/lcd_rgb_snake_u/u_snake_top/U3/h_all_reg[72]/C is not reached by a timing clock
Related violations: <none>

TIMING-17#160 Critical Warning
Non-clocked sequential cell  
The clock pin system_top_i/axi_lite_for_snake_0/inst/axi_lite_for_snake_v1_0_S00_AXI_inst/lcd_rgb_snake_u/u_snake_top/U3/h_all_reg[73]/C is not reached by a timing clock
Related violations: <none>

TIMING-17#161 Critical Warning
Non-clocked sequential cell  
The clock pin system_top_i/axi_lite_for_snake_0/inst/axi_lite_for_snake_v1_0_S00_AXI_inst/lcd_rgb_snake_u/u_snake_top/U3/h_all_reg[74]/C is not reached by a timing clock
Related violations: <none>

TIMING-17#162 Critical Warning
Non-clocked sequential cell  
The clock pin system_top_i/axi_lite_for_snake_0/inst/axi_lite_for_snake_v1_0_S00_AXI_inst/lcd_rgb_snake_u/u_snake_top/U3/h_all_reg[75]/C is not reached by a timing clock
Related violations: <none>

TIMING-17#163 Critical Warning
Non-clocked sequential cell  
The clock pin system_top_i/axi_lite_for_snake_0/inst/axi_lite_for_snake_v1_0_S00_AXI_inst/lcd_rgb_snake_u/u_snake_top/U3/h_all_reg[76]/C is not reached by a timing clock
Related violations: <none>

TIMING-17#164 Critical Warning
Non-clocked sequential cell  
The clock pin system_top_i/axi_lite_for_snake_0/inst/axi_lite_for_snake_v1_0_S00_AXI_inst/lcd_rgb_snake_u/u_snake_top/U3/h_all_reg[77]/C is not reached by a timing clock
Related violations: <none>

TIMING-17#165 Critical Warning
Non-clocked sequential cell  
The clock pin system_top_i/axi_lite_for_snake_0/inst/axi_lite_for_snake_v1_0_S00_AXI_inst/lcd_rgb_snake_u/u_snake_top/U3/h_all_reg[78]/C is not reached by a timing clock
Related violations: <none>

TIMING-17#166 Critical Warning
Non-clocked sequential cell  
The clock pin system_top_i/axi_lite_for_snake_0/inst/axi_lite_for_snake_v1_0_S00_AXI_inst/lcd_rgb_snake_u/u_snake_top/U3/h_all_reg[79]/C is not reached by a timing clock
Related violations: <none>

TIMING-17#167 Critical Warning
Non-clocked sequential cell  
The clock pin system_top_i/axi_lite_for_snake_0/inst/axi_lite_for_snake_v1_0_S00_AXI_inst/lcd_rgb_snake_u/u_snake_top/U3/h_all_reg[7]/C is not reached by a timing clock
Related violations: <none>

TIMING-17#168 Critical Warning
Non-clocked sequential cell  
The clock pin system_top_i/axi_lite_for_snake_0/inst/axi_lite_for_snake_v1_0_S00_AXI_inst/lcd_rgb_snake_u/u_snake_top/U3/h_all_reg[80]/C is not reached by a timing clock
Related violations: <none>

TIMING-17#169 Critical Warning
Non-clocked sequential cell  
The clock pin system_top_i/axi_lite_for_snake_0/inst/axi_lite_for_snake_v1_0_S00_AXI_inst/lcd_rgb_snake_u/u_snake_top/U3/h_all_reg[81]/C is not reached by a timing clock
Related violations: <none>

TIMING-17#170 Critical Warning
Non-clocked sequential cell  
The clock pin system_top_i/axi_lite_for_snake_0/inst/axi_lite_for_snake_v1_0_S00_AXI_inst/lcd_rgb_snake_u/u_snake_top/U3/h_all_reg[82]/C is not reached by a timing clock
Related violations: <none>

TIMING-17#171 Critical Warning
Non-clocked sequential cell  
The clock pin system_top_i/axi_lite_for_snake_0/inst/axi_lite_for_snake_v1_0_S00_AXI_inst/lcd_rgb_snake_u/u_snake_top/U3/h_all_reg[83]/C is not reached by a timing clock
Related violations: <none>

TIMING-17#172 Critical Warning
Non-clocked sequential cell  
The clock pin system_top_i/axi_lite_for_snake_0/inst/axi_lite_for_snake_v1_0_S00_AXI_inst/lcd_rgb_snake_u/u_snake_top/U3/h_all_reg[84]/C is not reached by a timing clock
Related violations: <none>

TIMING-17#173 Critical Warning
Non-clocked sequential cell  
The clock pin system_top_i/axi_lite_for_snake_0/inst/axi_lite_for_snake_v1_0_S00_AXI_inst/lcd_rgb_snake_u/u_snake_top/U3/h_all_reg[85]/C is not reached by a timing clock
Related violations: <none>

TIMING-17#174 Critical Warning
Non-clocked sequential cell  
The clock pin system_top_i/axi_lite_for_snake_0/inst/axi_lite_for_snake_v1_0_S00_AXI_inst/lcd_rgb_snake_u/u_snake_top/U3/h_all_reg[86]/C is not reached by a timing clock
Related violations: <none>

TIMING-17#175 Critical Warning
Non-clocked sequential cell  
The clock pin system_top_i/axi_lite_for_snake_0/inst/axi_lite_for_snake_v1_0_S00_AXI_inst/lcd_rgb_snake_u/u_snake_top/U3/h_all_reg[87]/C is not reached by a timing clock
Related violations: <none>

TIMING-17#176 Critical Warning
Non-clocked sequential cell  
The clock pin system_top_i/axi_lite_for_snake_0/inst/axi_lite_for_snake_v1_0_S00_AXI_inst/lcd_rgb_snake_u/u_snake_top/U3/h_all_reg[88]/C is not reached by a timing clock
Related violations: <none>

TIMING-17#177 Critical Warning
Non-clocked sequential cell  
The clock pin system_top_i/axi_lite_for_snake_0/inst/axi_lite_for_snake_v1_0_S00_AXI_inst/lcd_rgb_snake_u/u_snake_top/U3/h_all_reg[89]/C is not reached by a timing clock
Related violations: <none>

TIMING-17#178 Critical Warning
Non-clocked sequential cell  
The clock pin system_top_i/axi_lite_for_snake_0/inst/axi_lite_for_snake_v1_0_S00_AXI_inst/lcd_rgb_snake_u/u_snake_top/U3/h_all_reg[8]/C is not reached by a timing clock
Related violations: <none>

TIMING-17#179 Critical Warning
Non-clocked sequential cell  
The clock pin system_top_i/axi_lite_for_snake_0/inst/axi_lite_for_snake_v1_0_S00_AXI_inst/lcd_rgb_snake_u/u_snake_top/U3/h_all_reg[90]/C is not reached by a timing clock
Related violations: <none>

TIMING-17#180 Critical Warning
Non-clocked sequential cell  
The clock pin system_top_i/axi_lite_for_snake_0/inst/axi_lite_for_snake_v1_0_S00_AXI_inst/lcd_rgb_snake_u/u_snake_top/U3/h_all_reg[91]/C is not reached by a timing clock
Related violations: <none>

TIMING-17#181 Critical Warning
Non-clocked sequential cell  
The clock pin system_top_i/axi_lite_for_snake_0/inst/axi_lite_for_snake_v1_0_S00_AXI_inst/lcd_rgb_snake_u/u_snake_top/U3/h_all_reg[92]/C is not reached by a timing clock
Related violations: <none>

TIMING-17#182 Critical Warning
Non-clocked sequential cell  
The clock pin system_top_i/axi_lite_for_snake_0/inst/axi_lite_for_snake_v1_0_S00_AXI_inst/lcd_rgb_snake_u/u_snake_top/U3/h_all_reg[93]/C is not reached by a timing clock
Related violations: <none>

TIMING-17#183 Critical Warning
Non-clocked sequential cell  
The clock pin system_top_i/axi_lite_for_snake_0/inst/axi_lite_for_snake_v1_0_S00_AXI_inst/lcd_rgb_snake_u/u_snake_top/U3/h_all_reg[94]/C is not reached by a timing clock
Related violations: <none>

TIMING-17#184 Critical Warning
Non-clocked sequential cell  
The clock pin system_top_i/axi_lite_for_snake_0/inst/axi_lite_for_snake_v1_0_S00_AXI_inst/lcd_rgb_snake_u/u_snake_top/U3/h_all_reg[95]/C is not reached by a timing clock
Related violations: <none>

TIMING-17#185 Critical Warning
Non-clocked sequential cell  
The clock pin system_top_i/axi_lite_for_snake_0/inst/axi_lite_for_snake_v1_0_S00_AXI_inst/lcd_rgb_snake_u/u_snake_top/U3/h_all_reg[96]/C is not reached by a timing clock
Related violations: <none>

TIMING-17#186 Critical Warning
Non-clocked sequential cell  
The clock pin system_top_i/axi_lite_for_snake_0/inst/axi_lite_for_snake_v1_0_S00_AXI_inst/lcd_rgb_snake_u/u_snake_top/U3/h_all_reg[97]/C is not reached by a timing clock
Related violations: <none>

TIMING-17#187 Critical Warning
Non-clocked sequential cell  
The clock pin system_top_i/axi_lite_for_snake_0/inst/axi_lite_for_snake_v1_0_S00_AXI_inst/lcd_rgb_snake_u/u_snake_top/U3/h_all_reg[98]/C is not reached by a timing clock
Related violations: <none>

TIMING-17#188 Critical Warning
Non-clocked sequential cell  
The clock pin system_top_i/axi_lite_for_snake_0/inst/axi_lite_for_snake_v1_0_S00_AXI_inst/lcd_rgb_snake_u/u_snake_top/U3/h_all_reg[99]/C is not reached by a timing clock
Related violations: <none>

TIMING-17#189 Critical Warning
Non-clocked sequential cell  
The clock pin system_top_i/axi_lite_for_snake_0/inst/axi_lite_for_snake_v1_0_S00_AXI_inst/lcd_rgb_snake_u/u_snake_top/U3/h_all_reg[9]/C is not reached by a timing clock
Related violations: <none>

TIMING-17#190 Critical Warning
Non-clocked sequential cell  
The clock pin system_top_i/axi_lite_for_snake_0/inst/axi_lite_for_snake_v1_0_S00_AXI_inst/lcd_rgb_snake_u/u_snake_top/U3/ishit1_reg/C is not reached by a timing clock
Related violations: <none>

TIMING-17#191 Critical Warning
Non-clocked sequential cell  
The clock pin system_top_i/axi_lite_for_snake_0/inst/axi_lite_for_snake_v1_0_S00_AXI_inst/lcd_rgb_snake_u/u_snake_top/U3/num_reg[0]/C is not reached by a timing clock
Related violations: <none>

TIMING-17#192 Critical Warning
Non-clocked sequential cell  
The clock pin system_top_i/axi_lite_for_snake_0/inst/axi_lite_for_snake_v1_0_S00_AXI_inst/lcd_rgb_snake_u/u_snake_top/U3/num_reg[0]_rep/C is not reached by a timing clock
Related violations: <none>

TIMING-17#193 Critical Warning
Non-clocked sequential cell  
The clock pin system_top_i/axi_lite_for_snake_0/inst/axi_lite_for_snake_v1_0_S00_AXI_inst/lcd_rgb_snake_u/u_snake_top/U3/num_reg[0]_rep__0/C is not reached by a timing clock
Related violations: <none>

TIMING-17#194 Critical Warning
Non-clocked sequential cell  
The clock pin system_top_i/axi_lite_for_snake_0/inst/axi_lite_for_snake_v1_0_S00_AXI_inst/lcd_rgb_snake_u/u_snake_top/U3/num_reg[0]_rep__1/C is not reached by a timing clock
Related violations: <none>

TIMING-17#195 Critical Warning
Non-clocked sequential cell  
The clock pin system_top_i/axi_lite_for_snake_0/inst/axi_lite_for_snake_v1_0_S00_AXI_inst/lcd_rgb_snake_u/u_snake_top/U3/num_reg[0]_rep__2/C is not reached by a timing clock
Related violations: <none>

TIMING-17#196 Critical Warning
Non-clocked sequential cell  
The clock pin system_top_i/axi_lite_for_snake_0/inst/axi_lite_for_snake_v1_0_S00_AXI_inst/lcd_rgb_snake_u/u_snake_top/U3/num_reg[0]_rep__3/C is not reached by a timing clock
Related violations: <none>

TIMING-17#197 Critical Warning
Non-clocked sequential cell  
The clock pin system_top_i/axi_lite_for_snake_0/inst/axi_lite_for_snake_v1_0_S00_AXI_inst/lcd_rgb_snake_u/u_snake_top/U3/num_reg[1]/C is not reached by a timing clock
Related violations: <none>

TIMING-17#198 Critical Warning
Non-clocked sequential cell  
The clock pin system_top_i/axi_lite_for_snake_0/inst/axi_lite_for_snake_v1_0_S00_AXI_inst/lcd_rgb_snake_u/u_snake_top/U3/num_reg[1]_rep/C is not reached by a timing clock
Related violations: <none>

TIMING-17#199 Critical Warning
Non-clocked sequential cell  
The clock pin system_top_i/axi_lite_for_snake_0/inst/axi_lite_for_snake_v1_0_S00_AXI_inst/lcd_rgb_snake_u/u_snake_top/U3/num_reg[1]_rep__0/C is not reached by a timing clock
Related violations: <none>

TIMING-17#200 Critical Warning
Non-clocked sequential cell  
The clock pin system_top_i/axi_lite_for_snake_0/inst/axi_lite_for_snake_v1_0_S00_AXI_inst/lcd_rgb_snake_u/u_snake_top/U3/num_reg[1]_rep__1/C is not reached by a timing clock
Related violations: <none>

TIMING-17#201 Critical Warning
Non-clocked sequential cell  
The clock pin system_top_i/axi_lite_for_snake_0/inst/axi_lite_for_snake_v1_0_S00_AXI_inst/lcd_rgb_snake_u/u_snake_top/U3/num_reg[1]_rep__2/C is not reached by a timing clock
Related violations: <none>

TIMING-17#202 Critical Warning
Non-clocked sequential cell  
The clock pin system_top_i/axi_lite_for_snake_0/inst/axi_lite_for_snake_v1_0_S00_AXI_inst/lcd_rgb_snake_u/u_snake_top/U3/num_reg[2]/C is not reached by a timing clock
Related violations: <none>

TIMING-17#203 Critical Warning
Non-clocked sequential cell  
The clock pin system_top_i/axi_lite_for_snake_0/inst/axi_lite_for_snake_v1_0_S00_AXI_inst/lcd_rgb_snake_u/u_snake_top/U3/num_reg[2]_rep/C is not reached by a timing clock
Related violations: <none>

TIMING-17#204 Critical Warning
Non-clocked sequential cell  
The clock pin system_top_i/axi_lite_for_snake_0/inst/axi_lite_for_snake_v1_0_S00_AXI_inst/lcd_rgb_snake_u/u_snake_top/U3/num_reg[2]_rep__0/C is not reached by a timing clock
Related violations: <none>

TIMING-17#205 Critical Warning
Non-clocked sequential cell  
The clock pin system_top_i/axi_lite_for_snake_0/inst/axi_lite_for_snake_v1_0_S00_AXI_inst/lcd_rgb_snake_u/u_snake_top/U3/num_reg[2]_rep__1/C is not reached by a timing clock
Related violations: <none>

TIMING-17#206 Critical Warning
Non-clocked sequential cell  
The clock pin system_top_i/axi_lite_for_snake_0/inst/axi_lite_for_snake_v1_0_S00_AXI_inst/lcd_rgb_snake_u/u_snake_top/U3/num_reg[3]/C is not reached by a timing clock
Related violations: <none>

TIMING-17#207 Critical Warning
Non-clocked sequential cell  
The clock pin system_top_i/axi_lite_for_snake_0/inst/axi_lite_for_snake_v1_0_S00_AXI_inst/lcd_rgb_snake_u/u_snake_top/U3/num_reg[3]_rep/C is not reached by a timing clock
Related violations: <none>

TIMING-17#208 Critical Warning
Non-clocked sequential cell  
The clock pin system_top_i/axi_lite_for_snake_0/inst/axi_lite_for_snake_v1_0_S00_AXI_inst/lcd_rgb_snake_u/u_snake_top/U3/num_reg[3]_rep__0/C is not reached by a timing clock
Related violations: <none>

TIMING-17#209 Critical Warning
Non-clocked sequential cell  
The clock pin system_top_i/axi_lite_for_snake_0/inst/axi_lite_for_snake_v1_0_S00_AXI_inst/lcd_rgb_snake_u/u_snake_top/U3/num_reg[3]_rep__1/C is not reached by a timing clock
Related violations: <none>

TIMING-17#210 Critical Warning
Non-clocked sequential cell  
The clock pin system_top_i/axi_lite_for_snake_0/inst/axi_lite_for_snake_v1_0_S00_AXI_inst/lcd_rgb_snake_u/u_snake_top/U3/pos_reg[0]/C is not reached by a timing clock
Related violations: <none>

TIMING-17#211 Critical Warning
Non-clocked sequential cell  
The clock pin system_top_i/axi_lite_for_snake_0/inst/axi_lite_for_snake_v1_0_S00_AXI_inst/lcd_rgb_snake_u/u_snake_top/U3/pos_reg[0]_rep/C is not reached by a timing clock
Related violations: <none>

TIMING-17#212 Critical Warning
Non-clocked sequential cell  
The clock pin system_top_i/axi_lite_for_snake_0/inst/axi_lite_for_snake_v1_0_S00_AXI_inst/lcd_rgb_snake_u/u_snake_top/U3/pos_reg[1]/C is not reached by a timing clock
Related violations: <none>

TIMING-17#213 Critical Warning
Non-clocked sequential cell  
The clock pin system_top_i/axi_lite_for_snake_0/inst/axi_lite_for_snake_v1_0_S00_AXI_inst/lcd_rgb_snake_u/u_snake_top/U3/rand_x_reg[0]/C is not reached by a timing clock
Related violations: <none>

TIMING-17#214 Critical Warning
Non-clocked sequential cell  
The clock pin system_top_i/axi_lite_for_snake_0/inst/axi_lite_for_snake_v1_0_S00_AXI_inst/lcd_rgb_snake_u/u_snake_top/U3/rand_x_reg[1]/C is not reached by a timing clock
Related violations: <none>

TIMING-17#215 Critical Warning
Non-clocked sequential cell  
The clock pin system_top_i/axi_lite_for_snake_0/inst/axi_lite_for_snake_v1_0_S00_AXI_inst/lcd_rgb_snake_u/u_snake_top/U3/rand_x_reg[2]/C is not reached by a timing clock
Related violations: <none>

TIMING-17#216 Critical Warning
Non-clocked sequential cell  
The clock pin system_top_i/axi_lite_for_snake_0/inst/axi_lite_for_snake_v1_0_S00_AXI_inst/lcd_rgb_snake_u/u_snake_top/U3/rand_x_reg[3]/C is not reached by a timing clock
Related violations: <none>

TIMING-17#217 Critical Warning
Non-clocked sequential cell  
The clock pin system_top_i/axi_lite_for_snake_0/inst/axi_lite_for_snake_v1_0_S00_AXI_inst/lcd_rgb_snake_u/u_snake_top/U3/rand_x_reg[4]/C is not reached by a timing clock
Related violations: <none>

TIMING-17#218 Critical Warning
Non-clocked sequential cell  
The clock pin system_top_i/axi_lite_for_snake_0/inst/axi_lite_for_snake_v1_0_S00_AXI_inst/lcd_rgb_snake_u/u_snake_top/U3/rand_y_reg[0]/C is not reached by a timing clock
Related violations: <none>

TIMING-17#219 Critical Warning
Non-clocked sequential cell  
The clock pin system_top_i/axi_lite_for_snake_0/inst/axi_lite_for_snake_v1_0_S00_AXI_inst/lcd_rgb_snake_u/u_snake_top/U3/rand_y_reg[1]/C is not reached by a timing clock
Related violations: <none>

TIMING-17#220 Critical Warning
Non-clocked sequential cell  
The clock pin system_top_i/axi_lite_for_snake_0/inst/axi_lite_for_snake_v1_0_S00_AXI_inst/lcd_rgb_snake_u/u_snake_top/U3/rand_y_reg[2]/C is not reached by a timing clock
Related violations: <none>

TIMING-17#221 Critical Warning
Non-clocked sequential cell  
The clock pin system_top_i/axi_lite_for_snake_0/inst/axi_lite_for_snake_v1_0_S00_AXI_inst/lcd_rgb_snake_u/u_snake_top/U3/rand_y_reg[3]/C is not reached by a timing clock
Related violations: <none>

TIMING-17#222 Critical Warning
Non-clocked sequential cell  
The clock pin system_top_i/axi_lite_for_snake_0/inst/axi_lite_for_snake_v1_0_S00_AXI_inst/lcd_rgb_snake_u/u_snake_top/U3/rand_y_reg[4]/C is not reached by a timing clock
Related violations: <none>

TIMING-17#223 Critical Warning
Non-clocked sequential cell  
The clock pin system_top_i/axi_lite_for_snake_0/inst/axi_lite_for_snake_v1_0_S00_AXI_inst/lcd_rgb_snake_u/u_snake_top/U3/speed_reg[0]/C is not reached by a timing clock
Related violations: <none>

TIMING-17#224 Critical Warning
Non-clocked sequential cell  
The clock pin system_top_i/axi_lite_for_snake_0/inst/axi_lite_for_snake_v1_0_S00_AXI_inst/lcd_rgb_snake_u/u_snake_top/U3/speed_reg[12]/C is not reached by a timing clock
Related violations: <none>

TIMING-17#225 Critical Warning
Non-clocked sequential cell  
The clock pin system_top_i/axi_lite_for_snake_0/inst/axi_lite_for_snake_v1_0_S00_AXI_inst/lcd_rgb_snake_u/u_snake_top/U3/speed_reg[1]/C is not reached by a timing clock
Related violations: <none>

TIMING-17#226 Critical Warning
Non-clocked sequential cell  
The clock pin system_top_i/axi_lite_for_snake_0/inst/axi_lite_for_snake_v1_0_S00_AXI_inst/lcd_rgb_snake_u/u_snake_top/U3/speed_reg[2]/C is not reached by a timing clock
Related violations: <none>

TIMING-17#227 Critical Warning
Non-clocked sequential cell  
The clock pin system_top_i/axi_lite_for_snake_0/inst/axi_lite_for_snake_v1_0_S00_AXI_inst/lcd_rgb_snake_u/u_snake_top/U3/speed_reg[3]/C is not reached by a timing clock
Related violations: <none>

TIMING-17#228 Critical Warning
Non-clocked sequential cell  
The clock pin system_top_i/axi_lite_for_snake_0/inst/axi_lite_for_snake_v1_0_S00_AXI_inst/lcd_rgb_snake_u/u_snake_top/U3/speed_reg[4]/C is not reached by a timing clock
Related violations: <none>

TIMING-17#229 Critical Warning
Non-clocked sequential cell  
The clock pin system_top_i/axi_lite_for_snake_0/inst/axi_lite_for_snake_v1_0_S00_AXI_inst/lcd_rgb_snake_u/u_snake_top/U3/state_reg[0]/C is not reached by a timing clock
Related violations: <none>

TIMING-17#230 Critical Warning
Non-clocked sequential cell  
The clock pin system_top_i/axi_lite_for_snake_0/inst/axi_lite_for_snake_v1_0_S00_AXI_inst/lcd_rgb_snake_u/u_snake_top/U3/state_reg[1]/C is not reached by a timing clock
Related violations: <none>

TIMING-17#231 Critical Warning
Non-clocked sequential cell  
The clock pin system_top_i/axi_lite_for_snake_0/inst/axi_lite_for_snake_v1_0_S00_AXI_inst/lcd_rgb_snake_u/u_snake_top/U3/state_reg[2]/C is not reached by a timing clock
Related violations: <none>

TIMING-17#232 Critical Warning
Non-clocked sequential cell  
The clock pin system_top_i/axi_lite_for_snake_0/inst/axi_lite_for_snake_v1_0_S00_AXI_inst/lcd_rgb_snake_u/u_snake_top/U3/v_all_reg[12]/C is not reached by a timing clock
Related violations: <none>

TIMING-17#233 Critical Warning
Non-clocked sequential cell  
The clock pin system_top_i/axi_lite_for_snake_0/inst/axi_lite_for_snake_v1_0_S00_AXI_inst/lcd_rgb_snake_u/u_snake_top/U3/v_all_reg[13]/C is not reached by a timing clock
Related violations: <none>

TIMING-17#234 Critical Warning
Non-clocked sequential cell  
The clock pin system_top_i/axi_lite_for_snake_0/inst/axi_lite_for_snake_v1_0_S00_AXI_inst/lcd_rgb_snake_u/u_snake_top/U3/v_all_reg[14]/C is not reached by a timing clock
Related violations: <none>

TIMING-17#235 Critical Warning
Non-clocked sequential cell  
The clock pin system_top_i/axi_lite_for_snake_0/inst/axi_lite_for_snake_v1_0_S00_AXI_inst/lcd_rgb_snake_u/u_snake_top/U3/v_all_reg[15]/C is not reached by a timing clock
Related violations: <none>

TIMING-17#236 Critical Warning
Non-clocked sequential cell  
The clock pin system_top_i/axi_lite_for_snake_0/inst/axi_lite_for_snake_v1_0_S00_AXI_inst/lcd_rgb_snake_u/u_snake_top/U3/v_all_reg[16]/C is not reached by a timing clock
Related violations: <none>

TIMING-17#237 Critical Warning
Non-clocked sequential cell  
The clock pin system_top_i/axi_lite_for_snake_0/inst/axi_lite_for_snake_v1_0_S00_AXI_inst/lcd_rgb_snake_u/u_snake_top/U3/v_all_reg[17]/C is not reached by a timing clock
Related violations: <none>

TIMING-17#238 Critical Warning
Non-clocked sequential cell  
The clock pin system_top_i/axi_lite_for_snake_0/inst/axi_lite_for_snake_v1_0_S00_AXI_inst/lcd_rgb_snake_u/u_snake_top/U3/v_all_reg[18]/C is not reached by a timing clock
Related violations: <none>

TIMING-17#239 Critical Warning
Non-clocked sequential cell  
The clock pin system_top_i/axi_lite_for_snake_0/inst/axi_lite_for_snake_v1_0_S00_AXI_inst/lcd_rgb_snake_u/u_snake_top/U3/v_all_reg[19]/C is not reached by a timing clock
Related violations: <none>

TIMING-17#240 Critical Warning
Non-clocked sequential cell  
The clock pin system_top_i/axi_lite_for_snake_0/inst/axi_lite_for_snake_v1_0_S00_AXI_inst/lcd_rgb_snake_u/u_snake_top/U3/v_all_reg[20]/C is not reached by a timing clock
Related violations: <none>

TIMING-17#241 Critical Warning
Non-clocked sequential cell  
The clock pin system_top_i/axi_lite_for_snake_0/inst/axi_lite_for_snake_v1_0_S00_AXI_inst/lcd_rgb_snake_u/u_snake_top/U3/v_all_reg[21]/C is not reached by a timing clock
Related violations: <none>

TIMING-17#242 Critical Warning
Non-clocked sequential cell  
The clock pin system_top_i/axi_lite_for_snake_0/inst/axi_lite_for_snake_v1_0_S00_AXI_inst/lcd_rgb_snake_u/u_snake_top/U3/v_all_reg[22]/C is not reached by a timing clock
Related violations: <none>

TIMING-17#243 Critical Warning
Non-clocked sequential cell  
The clock pin system_top_i/axi_lite_for_snake_0/inst/axi_lite_for_snake_v1_0_S00_AXI_inst/lcd_rgb_snake_u/u_snake_top/U3/v_all_reg[23]/C is not reached by a timing clock
Related violations: <none>

TIMING-17#244 Critical Warning
Non-clocked sequential cell  
The clock pin system_top_i/axi_lite_for_snake_0/inst/axi_lite_for_snake_v1_0_S00_AXI_inst/lcd_rgb_snake_u/u_snake_top/U3/v_all_reg[24]/C is not reached by a timing clock
Related violations: <none>

TIMING-17#245 Critical Warning
Non-clocked sequential cell  
The clock pin system_top_i/axi_lite_for_snake_0/inst/axi_lite_for_snake_v1_0_S00_AXI_inst/lcd_rgb_snake_u/u_snake_top/U3/v_all_reg[25]/C is not reached by a timing clock
Related violations: <none>

TIMING-17#246 Critical Warning
Non-clocked sequential cell  
The clock pin system_top_i/axi_lite_for_snake_0/inst/axi_lite_for_snake_v1_0_S00_AXI_inst/lcd_rgb_snake_u/u_snake_top/U3/v_all_reg[26]/C is not reached by a timing clock
Related violations: <none>

TIMING-17#247 Critical Warning
Non-clocked sequential cell  
The clock pin system_top_i/axi_lite_for_snake_0/inst/axi_lite_for_snake_v1_0_S00_AXI_inst/lcd_rgb_snake_u/u_snake_top/U3/v_all_reg[27]/C is not reached by a timing clock
Related violations: <none>

TIMING-17#248 Critical Warning
Non-clocked sequential cell  
The clock pin system_top_i/axi_lite_for_snake_0/inst/axi_lite_for_snake_v1_0_S00_AXI_inst/lcd_rgb_snake_u/u_snake_top/U3/v_all_reg[28]/C is not reached by a timing clock
Related violations: <none>

TIMING-17#249 Critical Warning
Non-clocked sequential cell  
The clock pin system_top_i/axi_lite_for_snake_0/inst/axi_lite_for_snake_v1_0_S00_AXI_inst/lcd_rgb_snake_u/u_snake_top/U3/v_all_reg[29]/C is not reached by a timing clock
Related violations: <none>

TIMING-17#250 Critical Warning
Non-clocked sequential cell  
The clock pin system_top_i/axi_lite_for_snake_0/inst/axi_lite_for_snake_v1_0_S00_AXI_inst/lcd_rgb_snake_u/u_snake_top/U3/v_all_reg[2]/C is not reached by a timing clock
Related violations: <none>

TIMING-17#251 Critical Warning
Non-clocked sequential cell  
The clock pin system_top_i/axi_lite_for_snake_0/inst/axi_lite_for_snake_v1_0_S00_AXI_inst/lcd_rgb_snake_u/u_snake_top/U3/v_all_reg[30]/C is not reached by a timing clock
Related violations: <none>

TIMING-17#252 Critical Warning
Non-clocked sequential cell  
The clock pin system_top_i/axi_lite_for_snake_0/inst/axi_lite_for_snake_v1_0_S00_AXI_inst/lcd_rgb_snake_u/u_snake_top/U3/v_all_reg[31]/C is not reached by a timing clock
Related violations: <none>

TIMING-17#253 Critical Warning
Non-clocked sequential cell  
The clock pin system_top_i/axi_lite_for_snake_0/inst/axi_lite_for_snake_v1_0_S00_AXI_inst/lcd_rgb_snake_u/u_snake_top/U3/v_all_reg[32]/C is not reached by a timing clock
Related violations: <none>

TIMING-17#254 Critical Warning
Non-clocked sequential cell  
The clock pin system_top_i/axi_lite_for_snake_0/inst/axi_lite_for_snake_v1_0_S00_AXI_inst/lcd_rgb_snake_u/u_snake_top/U3/v_all_reg[33]/C is not reached by a timing clock
Related violations: <none>

TIMING-17#255 Critical Warning
Non-clocked sequential cell  
The clock pin system_top_i/axi_lite_for_snake_0/inst/axi_lite_for_snake_v1_0_S00_AXI_inst/lcd_rgb_snake_u/u_snake_top/U3/v_all_reg[34]/C is not reached by a timing clock
Related violations: <none>

TIMING-17#256 Critical Warning
Non-clocked sequential cell  
The clock pin system_top_i/axi_lite_for_snake_0/inst/axi_lite_for_snake_v1_0_S00_AXI_inst/lcd_rgb_snake_u/u_snake_top/U3/v_all_reg[35]/C is not reached by a timing clock
Related violations: <none>

TIMING-17#257 Critical Warning
Non-clocked sequential cell  
The clock pin system_top_i/axi_lite_for_snake_0/inst/axi_lite_for_snake_v1_0_S00_AXI_inst/lcd_rgb_snake_u/u_snake_top/U3/v_all_reg[36]/C is not reached by a timing clock
Related violations: <none>

TIMING-17#258 Critical Warning
Non-clocked sequential cell  
The clock pin system_top_i/axi_lite_for_snake_0/inst/axi_lite_for_snake_v1_0_S00_AXI_inst/lcd_rgb_snake_u/u_snake_top/U3/v_all_reg[37]/C is not reached by a timing clock
Related violations: <none>

TIMING-17#259 Critical Warning
Non-clocked sequential cell  
The clock pin system_top_i/axi_lite_for_snake_0/inst/axi_lite_for_snake_v1_0_S00_AXI_inst/lcd_rgb_snake_u/u_snake_top/U3/v_all_reg[38]/C is not reached by a timing clock
Related violations: <none>

TIMING-17#260 Critical Warning
Non-clocked sequential cell  
The clock pin system_top_i/axi_lite_for_snake_0/inst/axi_lite_for_snake_v1_0_S00_AXI_inst/lcd_rgb_snake_u/u_snake_top/U3/v_all_reg[39]/C is not reached by a timing clock
Related violations: <none>

TIMING-17#261 Critical Warning
Non-clocked sequential cell  
The clock pin system_top_i/axi_lite_for_snake_0/inst/axi_lite_for_snake_v1_0_S00_AXI_inst/lcd_rgb_snake_u/u_snake_top/U3/v_all_reg[3]/C is not reached by a timing clock
Related violations: <none>

TIMING-17#262 Critical Warning
Non-clocked sequential cell  
The clock pin system_top_i/axi_lite_for_snake_0/inst/axi_lite_for_snake_v1_0_S00_AXI_inst/lcd_rgb_snake_u/u_snake_top/U3/v_all_reg[40]/C is not reached by a timing clock
Related violations: <none>

TIMING-17#263 Critical Warning
Non-clocked sequential cell  
The clock pin system_top_i/axi_lite_for_snake_0/inst/axi_lite_for_snake_v1_0_S00_AXI_inst/lcd_rgb_snake_u/u_snake_top/U3/v_all_reg[41]/C is not reached by a timing clock
Related violations: <none>

TIMING-17#264 Critical Warning
Non-clocked sequential cell  
The clock pin system_top_i/axi_lite_for_snake_0/inst/axi_lite_for_snake_v1_0_S00_AXI_inst/lcd_rgb_snake_u/u_snake_top/U3/v_all_reg[42]/C is not reached by a timing clock
Related violations: <none>

TIMING-17#265 Critical Warning
Non-clocked sequential cell  
The clock pin system_top_i/axi_lite_for_snake_0/inst/axi_lite_for_snake_v1_0_S00_AXI_inst/lcd_rgb_snake_u/u_snake_top/U3/v_all_reg[43]/C is not reached by a timing clock
Related violations: <none>

TIMING-17#266 Critical Warning
Non-clocked sequential cell  
The clock pin system_top_i/axi_lite_for_snake_0/inst/axi_lite_for_snake_v1_0_S00_AXI_inst/lcd_rgb_snake_u/u_snake_top/U3/v_all_reg[44]/C is not reached by a timing clock
Related violations: <none>

TIMING-17#267 Critical Warning
Non-clocked sequential cell  
The clock pin system_top_i/axi_lite_for_snake_0/inst/axi_lite_for_snake_v1_0_S00_AXI_inst/lcd_rgb_snake_u/u_snake_top/U3/v_all_reg[45]/C is not reached by a timing clock
Related violations: <none>

TIMING-17#268 Critical Warning
Non-clocked sequential cell  
The clock pin system_top_i/axi_lite_for_snake_0/inst/axi_lite_for_snake_v1_0_S00_AXI_inst/lcd_rgb_snake_u/u_snake_top/U3/v_all_reg[46]/C is not reached by a timing clock
Related violations: <none>

TIMING-17#269 Critical Warning
Non-clocked sequential cell  
The clock pin system_top_i/axi_lite_for_snake_0/inst/axi_lite_for_snake_v1_0_S00_AXI_inst/lcd_rgb_snake_u/u_snake_top/U3/v_all_reg[47]/C is not reached by a timing clock
Related violations: <none>

TIMING-17#270 Critical Warning
Non-clocked sequential cell  
The clock pin system_top_i/axi_lite_for_snake_0/inst/axi_lite_for_snake_v1_0_S00_AXI_inst/lcd_rgb_snake_u/u_snake_top/U3/v_all_reg[48]/C is not reached by a timing clock
Related violations: <none>

TIMING-17#271 Critical Warning
Non-clocked sequential cell  
The clock pin system_top_i/axi_lite_for_snake_0/inst/axi_lite_for_snake_v1_0_S00_AXI_inst/lcd_rgb_snake_u/u_snake_top/U3/v_all_reg[49]/C is not reached by a timing clock
Related violations: <none>

TIMING-17#272 Critical Warning
Non-clocked sequential cell  
The clock pin system_top_i/axi_lite_for_snake_0/inst/axi_lite_for_snake_v1_0_S00_AXI_inst/lcd_rgb_snake_u/u_snake_top/U3/v_all_reg[4]/C is not reached by a timing clock
Related violations: <none>

TIMING-17#273 Critical Warning
Non-clocked sequential cell  
The clock pin system_top_i/axi_lite_for_snake_0/inst/axi_lite_for_snake_v1_0_S00_AXI_inst/lcd_rgb_snake_u/u_snake_top/U3/v_all_reg[50]/C is not reached by a timing clock
Related violations: <none>

TIMING-17#274 Critical Warning
Non-clocked sequential cell  
The clock pin system_top_i/axi_lite_for_snake_0/inst/axi_lite_for_snake_v1_0_S00_AXI_inst/lcd_rgb_snake_u/u_snake_top/U3/v_all_reg[51]/C is not reached by a timing clock
Related violations: <none>

TIMING-17#275 Critical Warning
Non-clocked sequential cell  
The clock pin system_top_i/axi_lite_for_snake_0/inst/axi_lite_for_snake_v1_0_S00_AXI_inst/lcd_rgb_snake_u/u_snake_top/U3/v_all_reg[52]/C is not reached by a timing clock
Related violations: <none>

TIMING-17#276 Critical Warning
Non-clocked sequential cell  
The clock pin system_top_i/axi_lite_for_snake_0/inst/axi_lite_for_snake_v1_0_S00_AXI_inst/lcd_rgb_snake_u/u_snake_top/U3/v_all_reg[53]/C is not reached by a timing clock
Related violations: <none>

TIMING-17#277 Critical Warning
Non-clocked sequential cell  
The clock pin system_top_i/axi_lite_for_snake_0/inst/axi_lite_for_snake_v1_0_S00_AXI_inst/lcd_rgb_snake_u/u_snake_top/U3/v_all_reg[54]/C is not reached by a timing clock
Related violations: <none>

TIMING-17#278 Critical Warning
Non-clocked sequential cell  
The clock pin system_top_i/axi_lite_for_snake_0/inst/axi_lite_for_snake_v1_0_S00_AXI_inst/lcd_rgb_snake_u/u_snake_top/U3/v_all_reg[55]/C is not reached by a timing clock
Related violations: <none>

TIMING-17#279 Critical Warning
Non-clocked sequential cell  
The clock pin system_top_i/axi_lite_for_snake_0/inst/axi_lite_for_snake_v1_0_S00_AXI_inst/lcd_rgb_snake_u/u_snake_top/U3/v_all_reg[56]/C is not reached by a timing clock
Related violations: <none>

TIMING-17#280 Critical Warning
Non-clocked sequential cell  
The clock pin system_top_i/axi_lite_for_snake_0/inst/axi_lite_for_snake_v1_0_S00_AXI_inst/lcd_rgb_snake_u/u_snake_top/U3/v_all_reg[57]/C is not reached by a timing clock
Related violations: <none>

TIMING-17#281 Critical Warning
Non-clocked sequential cell  
The clock pin system_top_i/axi_lite_for_snake_0/inst/axi_lite_for_snake_v1_0_S00_AXI_inst/lcd_rgb_snake_u/u_snake_top/U3/v_all_reg[58]/C is not reached by a timing clock
Related violations: <none>

TIMING-17#282 Critical Warning
Non-clocked sequential cell  
The clock pin system_top_i/axi_lite_for_snake_0/inst/axi_lite_for_snake_v1_0_S00_AXI_inst/lcd_rgb_snake_u/u_snake_top/U3/v_all_reg[59]/C is not reached by a timing clock
Related violations: <none>

TIMING-17#283 Critical Warning
Non-clocked sequential cell  
The clock pin system_top_i/axi_lite_for_snake_0/inst/axi_lite_for_snake_v1_0_S00_AXI_inst/lcd_rgb_snake_u/u_snake_top/U3/v_all_reg[5]/C is not reached by a timing clock
Related violations: <none>

TIMING-17#284 Critical Warning
Non-clocked sequential cell  
The clock pin system_top_i/axi_lite_for_snake_0/inst/axi_lite_for_snake_v1_0_S00_AXI_inst/lcd_rgb_snake_u/u_snake_top/U3/v_all_reg[60]/C is not reached by a timing clock
Related violations: <none>

TIMING-17#285 Critical Warning
Non-clocked sequential cell  
The clock pin system_top_i/axi_lite_for_snake_0/inst/axi_lite_for_snake_v1_0_S00_AXI_inst/lcd_rgb_snake_u/u_snake_top/U3/v_all_reg[61]/C is not reached by a timing clock
Related violations: <none>

TIMING-17#286 Critical Warning
Non-clocked sequential cell  
The clock pin system_top_i/axi_lite_for_snake_0/inst/axi_lite_for_snake_v1_0_S00_AXI_inst/lcd_rgb_snake_u/u_snake_top/U3/v_all_reg[62]/C is not reached by a timing clock
Related violations: <none>

TIMING-17#287 Critical Warning
Non-clocked sequential cell  
The clock pin system_top_i/axi_lite_for_snake_0/inst/axi_lite_for_snake_v1_0_S00_AXI_inst/lcd_rgb_snake_u/u_snake_top/U3/v_all_reg[63]/C is not reached by a timing clock
Related violations: <none>

TIMING-17#288 Critical Warning
Non-clocked sequential cell  
The clock pin system_top_i/axi_lite_for_snake_0/inst/axi_lite_for_snake_v1_0_S00_AXI_inst/lcd_rgb_snake_u/u_snake_top/U3/v_all_reg[64]/C is not reached by a timing clock
Related violations: <none>

TIMING-17#289 Critical Warning
Non-clocked sequential cell  
The clock pin system_top_i/axi_lite_for_snake_0/inst/axi_lite_for_snake_v1_0_S00_AXI_inst/lcd_rgb_snake_u/u_snake_top/U3/v_all_reg[65]/C is not reached by a timing clock
Related violations: <none>

TIMING-17#290 Critical Warning
Non-clocked sequential cell  
The clock pin system_top_i/axi_lite_for_snake_0/inst/axi_lite_for_snake_v1_0_S00_AXI_inst/lcd_rgb_snake_u/u_snake_top/U3/v_all_reg[66]/C is not reached by a timing clock
Related violations: <none>

TIMING-17#291 Critical Warning
Non-clocked sequential cell  
The clock pin system_top_i/axi_lite_for_snake_0/inst/axi_lite_for_snake_v1_0_S00_AXI_inst/lcd_rgb_snake_u/u_snake_top/U3/v_all_reg[67]/C is not reached by a timing clock
Related violations: <none>

TIMING-17#292 Critical Warning
Non-clocked sequential cell  
The clock pin system_top_i/axi_lite_for_snake_0/inst/axi_lite_for_snake_v1_0_S00_AXI_inst/lcd_rgb_snake_u/u_snake_top/U3/v_all_reg[68]/C is not reached by a timing clock
Related violations: <none>

TIMING-17#293 Critical Warning
Non-clocked sequential cell  
The clock pin system_top_i/axi_lite_for_snake_0/inst/axi_lite_for_snake_v1_0_S00_AXI_inst/lcd_rgb_snake_u/u_snake_top/U3/v_all_reg[69]/C is not reached by a timing clock
Related violations: <none>

TIMING-17#294 Critical Warning
Non-clocked sequential cell  
The clock pin system_top_i/axi_lite_for_snake_0/inst/axi_lite_for_snake_v1_0_S00_AXI_inst/lcd_rgb_snake_u/u_snake_top/U3/v_all_reg[6]/C is not reached by a timing clock
Related violations: <none>

TIMING-17#295 Critical Warning
Non-clocked sequential cell  
The clock pin system_top_i/axi_lite_for_snake_0/inst/axi_lite_for_snake_v1_0_S00_AXI_inst/lcd_rgb_snake_u/u_snake_top/U3/v_all_reg[70]/C is not reached by a timing clock
Related violations: <none>

TIMING-17#296 Critical Warning
Non-clocked sequential cell  
The clock pin system_top_i/axi_lite_for_snake_0/inst/axi_lite_for_snake_v1_0_S00_AXI_inst/lcd_rgb_snake_u/u_snake_top/U3/v_all_reg[71]/C is not reached by a timing clock
Related violations: <none>

TIMING-17#297 Critical Warning
Non-clocked sequential cell  
The clock pin system_top_i/axi_lite_for_snake_0/inst/axi_lite_for_snake_v1_0_S00_AXI_inst/lcd_rgb_snake_u/u_snake_top/U3/v_all_reg[72]/C is not reached by a timing clock
Related violations: <none>

TIMING-17#298 Critical Warning
Non-clocked sequential cell  
The clock pin system_top_i/axi_lite_for_snake_0/inst/axi_lite_for_snake_v1_0_S00_AXI_inst/lcd_rgb_snake_u/u_snake_top/U3/v_all_reg[73]/C is not reached by a timing clock
Related violations: <none>

TIMING-17#299 Critical Warning
Non-clocked sequential cell  
The clock pin system_top_i/axi_lite_for_snake_0/inst/axi_lite_for_snake_v1_0_S00_AXI_inst/lcd_rgb_snake_u/u_snake_top/U3/v_all_reg[74]/C is not reached by a timing clock
Related violations: <none>

TIMING-17#300 Critical Warning
Non-clocked sequential cell  
The clock pin system_top_i/axi_lite_for_snake_0/inst/axi_lite_for_snake_v1_0_S00_AXI_inst/lcd_rgb_snake_u/u_snake_top/U3/v_all_reg[75]/C is not reached by a timing clock
Related violations: <none>

TIMING-17#301 Critical Warning
Non-clocked sequential cell  
The clock pin system_top_i/axi_lite_for_snake_0/inst/axi_lite_for_snake_v1_0_S00_AXI_inst/lcd_rgb_snake_u/u_snake_top/U3/v_all_reg[76]/C is not reached by a timing clock
Related violations: <none>

TIMING-17#302 Critical Warning
Non-clocked sequential cell  
The clock pin system_top_i/axi_lite_for_snake_0/inst/axi_lite_for_snake_v1_0_S00_AXI_inst/lcd_rgb_snake_u/u_snake_top/U3/v_all_reg[77]/C is not reached by a timing clock
Related violations: <none>

TIMING-17#303 Critical Warning
Non-clocked sequential cell  
The clock pin system_top_i/axi_lite_for_snake_0/inst/axi_lite_for_snake_v1_0_S00_AXI_inst/lcd_rgb_snake_u/u_snake_top/U3/v_all_reg[78]/C is not reached by a timing clock
Related violations: <none>

TIMING-17#304 Critical Warning
Non-clocked sequential cell  
The clock pin system_top_i/axi_lite_for_snake_0/inst/axi_lite_for_snake_v1_0_S00_AXI_inst/lcd_rgb_snake_u/u_snake_top/U3/v_all_reg[79]/C is not reached by a timing clock
Related violations: <none>

TIMING-17#305 Critical Warning
Non-clocked sequential cell  
The clock pin system_top_i/axi_lite_for_snake_0/inst/axi_lite_for_snake_v1_0_S00_AXI_inst/lcd_rgb_snake_u/u_snake_top/U3/v_all_reg[7]/C is not reached by a timing clock
Related violations: <none>

TIMING-17#306 Critical Warning
Non-clocked sequential cell  
The clock pin system_top_i/axi_lite_for_snake_0/inst/axi_lite_for_snake_v1_0_S00_AXI_inst/lcd_rgb_snake_u/u_snake_top/U3/v_all_reg[80]/C is not reached by a timing clock
Related violations: <none>

TIMING-17#307 Critical Warning
Non-clocked sequential cell  
The clock pin system_top_i/axi_lite_for_snake_0/inst/axi_lite_for_snake_v1_0_S00_AXI_inst/lcd_rgb_snake_u/u_snake_top/U3/v_all_reg[81]/C is not reached by a timing clock
Related violations: <none>

TIMING-17#308 Critical Warning
Non-clocked sequential cell  
The clock pin system_top_i/axi_lite_for_snake_0/inst/axi_lite_for_snake_v1_0_S00_AXI_inst/lcd_rgb_snake_u/u_snake_top/U3/v_all_reg[82]/C is not reached by a timing clock
Related violations: <none>

TIMING-17#309 Critical Warning
Non-clocked sequential cell  
The clock pin system_top_i/axi_lite_for_snake_0/inst/axi_lite_for_snake_v1_0_S00_AXI_inst/lcd_rgb_snake_u/u_snake_top/U3/v_all_reg[83]/C is not reached by a timing clock
Related violations: <none>

TIMING-17#310 Critical Warning
Non-clocked sequential cell  
The clock pin system_top_i/axi_lite_for_snake_0/inst/axi_lite_for_snake_v1_0_S00_AXI_inst/lcd_rgb_snake_u/u_snake_top/U3/v_all_reg[84]/C is not reached by a timing clock
Related violations: <none>

TIMING-17#311 Critical Warning
Non-clocked sequential cell  
The clock pin system_top_i/axi_lite_for_snake_0/inst/axi_lite_for_snake_v1_0_S00_AXI_inst/lcd_rgb_snake_u/u_snake_top/U3/v_all_reg[85]/C is not reached by a timing clock
Related violations: <none>

TIMING-17#312 Critical Warning
Non-clocked sequential cell  
The clock pin system_top_i/axi_lite_for_snake_0/inst/axi_lite_for_snake_v1_0_S00_AXI_inst/lcd_rgb_snake_u/u_snake_top/U3/v_all_reg[86]/C is not reached by a timing clock
Related violations: <none>

TIMING-17#313 Critical Warning
Non-clocked sequential cell  
The clock pin system_top_i/axi_lite_for_snake_0/inst/axi_lite_for_snake_v1_0_S00_AXI_inst/lcd_rgb_snake_u/u_snake_top/U3/v_all_reg[87]/C is not reached by a timing clock
Related violations: <none>

TIMING-17#314 Critical Warning
Non-clocked sequential cell  
The clock pin system_top_i/axi_lite_for_snake_0/inst/axi_lite_for_snake_v1_0_S00_AXI_inst/lcd_rgb_snake_u/u_snake_top/U3/v_all_reg[88]/C is not reached by a timing clock
Related violations: <none>

TIMING-17#315 Critical Warning
Non-clocked sequential cell  
The clock pin system_top_i/axi_lite_for_snake_0/inst/axi_lite_for_snake_v1_0_S00_AXI_inst/lcd_rgb_snake_u/u_snake_top/U3/v_all_reg[89]/C is not reached by a timing clock
Related violations: <none>

TIMING-17#316 Critical Warning
Non-clocked sequential cell  
The clock pin system_top_i/axi_lite_for_snake_0/inst/axi_lite_for_snake_v1_0_S00_AXI_inst/lcd_rgb_snake_u/u_snake_top/U3/v_all_reg[8]/C is not reached by a timing clock
Related violations: <none>

TIMING-17#317 Critical Warning
Non-clocked sequential cell  
The clock pin system_top_i/axi_lite_for_snake_0/inst/axi_lite_for_snake_v1_0_S00_AXI_inst/lcd_rgb_snake_u/u_snake_top/U3/v_all_reg[90]/C is not reached by a timing clock
Related violations: <none>

TIMING-17#318 Critical Warning
Non-clocked sequential cell  
The clock pin system_top_i/axi_lite_for_snake_0/inst/axi_lite_for_snake_v1_0_S00_AXI_inst/lcd_rgb_snake_u/u_snake_top/U3/v_all_reg[91]/C is not reached by a timing clock
Related violations: <none>

TIMING-17#319 Critical Warning
Non-clocked sequential cell  
The clock pin system_top_i/axi_lite_for_snake_0/inst/axi_lite_for_snake_v1_0_S00_AXI_inst/lcd_rgb_snake_u/u_snake_top/U3/v_all_reg[92]/C is not reached by a timing clock
Related violations: <none>

TIMING-17#320 Critical Warning
Non-clocked sequential cell  
The clock pin system_top_i/axi_lite_for_snake_0/inst/axi_lite_for_snake_v1_0_S00_AXI_inst/lcd_rgb_snake_u/u_snake_top/U3/v_all_reg[93]/C is not reached by a timing clock
Related violations: <none>

TIMING-17#321 Critical Warning
Non-clocked sequential cell  
The clock pin system_top_i/axi_lite_for_snake_0/inst/axi_lite_for_snake_v1_0_S00_AXI_inst/lcd_rgb_snake_u/u_snake_top/U3/v_all_reg[94]/C is not reached by a timing clock
Related violations: <none>

TIMING-17#322 Critical Warning
Non-clocked sequential cell  
The clock pin system_top_i/axi_lite_for_snake_0/inst/axi_lite_for_snake_v1_0_S00_AXI_inst/lcd_rgb_snake_u/u_snake_top/U3/v_all_reg[95]/C is not reached by a timing clock
Related violations: <none>

TIMING-17#323 Critical Warning
Non-clocked sequential cell  
The clock pin system_top_i/axi_lite_for_snake_0/inst/axi_lite_for_snake_v1_0_S00_AXI_inst/lcd_rgb_snake_u/u_snake_top/U3/v_all_reg[96]/C is not reached by a timing clock
Related violations: <none>

TIMING-17#324 Critical Warning
Non-clocked sequential cell  
The clock pin system_top_i/axi_lite_for_snake_0/inst/axi_lite_for_snake_v1_0_S00_AXI_inst/lcd_rgb_snake_u/u_snake_top/U3/v_all_reg[97]/C is not reached by a timing clock
Related violations: <none>

TIMING-17#325 Critical Warning
Non-clocked sequential cell  
The clock pin system_top_i/axi_lite_for_snake_0/inst/axi_lite_for_snake_v1_0_S00_AXI_inst/lcd_rgb_snake_u/u_snake_top/U3/v_all_reg[98]/C is not reached by a timing clock
Related violations: <none>

TIMING-17#326 Critical Warning
Non-clocked sequential cell  
The clock pin system_top_i/axi_lite_for_snake_0/inst/axi_lite_for_snake_v1_0_S00_AXI_inst/lcd_rgb_snake_u/u_snake_top/U3/v_all_reg[99]/C is not reached by a timing clock
Related violations: <none>

TIMING-17#327 Critical Warning
Non-clocked sequential cell  
The clock pin system_top_i/axi_lite_for_snake_0/inst/axi_lite_for_snake_v1_0_S00_AXI_inst/lcd_rgb_snake_u/u_snake_top/U3/v_all_reg[9]/C is not reached by a timing clock
Related violations: <none>

TIMING-17#328 Critical Warning
Non-clocked sequential cell  
The clock pin system_top_i/system_e203_0/inst/dut/u_e203_subsys_top/u_sirv_debug_module/jtag_dtm_gen.u_sirv_jtag_dtm/FSM_onehot_jtagStateReg_reg[0]/C is not reached by a timing clock
Related violations: <none>

TIMING-17#329 Critical Warning
Non-clocked sequential cell  
The clock pin system_top_i/system_e203_0/inst/dut/u_e203_subsys_top/u_sirv_debug_module/jtag_dtm_gen.u_sirv_jtag_dtm/FSM_onehot_jtagStateReg_reg[10]/C is not reached by a timing clock
Related violations: <none>

TIMING-17#330 Critical Warning
Non-clocked sequential cell  
The clock pin system_top_i/system_e203_0/inst/dut/u_e203_subsys_top/u_sirv_debug_module/jtag_dtm_gen.u_sirv_jtag_dtm/FSM_onehot_jtagStateReg_reg[11]/C is not reached by a timing clock
Related violations: <none>

TIMING-17#331 Critical Warning
Non-clocked sequential cell  
The clock pin system_top_i/system_e203_0/inst/dut/u_e203_subsys_top/u_sirv_debug_module/jtag_dtm_gen.u_sirv_jtag_dtm/FSM_onehot_jtagStateReg_reg[12]/C is not reached by a timing clock
Related violations: <none>

TIMING-17#332 Critical Warning
Non-clocked sequential cell  
The clock pin system_top_i/system_e203_0/inst/dut/u_e203_subsys_top/u_sirv_debug_module/jtag_dtm_gen.u_sirv_jtag_dtm/FSM_onehot_jtagStateReg_reg[13]/C is not reached by a timing clock
Related violations: <none>

TIMING-17#333 Critical Warning
Non-clocked sequential cell  
The clock pin system_top_i/system_e203_0/inst/dut/u_e203_subsys_top/u_sirv_debug_module/jtag_dtm_gen.u_sirv_jtag_dtm/FSM_onehot_jtagStateReg_reg[14]/C is not reached by a timing clock
Related violations: <none>

TIMING-17#334 Critical Warning
Non-clocked sequential cell  
The clock pin system_top_i/system_e203_0/inst/dut/u_e203_subsys_top/u_sirv_debug_module/jtag_dtm_gen.u_sirv_jtag_dtm/FSM_onehot_jtagStateReg_reg[15]/C is not reached by a timing clock
Related violations: <none>

TIMING-17#335 Critical Warning
Non-clocked sequential cell  
The clock pin system_top_i/system_e203_0/inst/dut/u_e203_subsys_top/u_sirv_debug_module/jtag_dtm_gen.u_sirv_jtag_dtm/FSM_onehot_jtagStateReg_reg[1]/C is not reached by a timing clock
Related violations: <none>

TIMING-17#336 Critical Warning
Non-clocked sequential cell  
The clock pin system_top_i/system_e203_0/inst/dut/u_e203_subsys_top/u_sirv_debug_module/jtag_dtm_gen.u_sirv_jtag_dtm/FSM_onehot_jtagStateReg_reg[2]/C is not reached by a timing clock
Related violations: <none>

TIMING-17#337 Critical Warning
Non-clocked sequential cell  
The clock pin system_top_i/system_e203_0/inst/dut/u_e203_subsys_top/u_sirv_debug_module/jtag_dtm_gen.u_sirv_jtag_dtm/FSM_onehot_jtagStateReg_reg[3]/C is not reached by a timing clock
Related violations: <none>

TIMING-17#338 Critical Warning
Non-clocked sequential cell  
The clock pin system_top_i/system_e203_0/inst/dut/u_e203_subsys_top/u_sirv_debug_module/jtag_dtm_gen.u_sirv_jtag_dtm/FSM_onehot_jtagStateReg_reg[4]/C is not reached by a timing clock
Related violations: <none>

TIMING-17#339 Critical Warning
Non-clocked sequential cell  
The clock pin system_top_i/system_e203_0/inst/dut/u_e203_subsys_top/u_sirv_debug_module/jtag_dtm_gen.u_sirv_jtag_dtm/FSM_onehot_jtagStateReg_reg[5]/C is not reached by a timing clock
Related violations: <none>

TIMING-17#340 Critical Warning
Non-clocked sequential cell  
The clock pin system_top_i/system_e203_0/inst/dut/u_e203_subsys_top/u_sirv_debug_module/jtag_dtm_gen.u_sirv_jtag_dtm/FSM_onehot_jtagStateReg_reg[6]/C is not reached by a timing clock
Related violations: <none>

TIMING-17#341 Critical Warning
Non-clocked sequential cell  
The clock pin system_top_i/system_e203_0/inst/dut/u_e203_subsys_top/u_sirv_debug_module/jtag_dtm_gen.u_sirv_jtag_dtm/FSM_onehot_jtagStateReg_reg[7]/C is not reached by a timing clock
Related violations: <none>

TIMING-17#342 Critical Warning
Non-clocked sequential cell  
The clock pin system_top_i/system_e203_0/inst/dut/u_e203_subsys_top/u_sirv_debug_module/jtag_dtm_gen.u_sirv_jtag_dtm/FSM_onehot_jtagStateReg_reg[8]/C is not reached by a timing clock
Related violations: <none>

TIMING-17#343 Critical Warning
Non-clocked sequential cell  
The clock pin system_top_i/system_e203_0/inst/dut/u_e203_subsys_top/u_sirv_debug_module/jtag_dtm_gen.u_sirv_jtag_dtm/FSM_onehot_jtagStateReg_reg[9]/C is not reached by a timing clock
Related violations: <none>

TIMING-17#344 Critical Warning
Non-clocked sequential cell  
The clock pin system_top_i/system_e203_0/inst/dut/u_e203_subsys_top/u_sirv_debug_module/jtag_dtm_gen.u_sirv_jtag_dtm/busyReg_reg/C is not reached by a timing clock
Related violations: <none>

TIMING-17#345 Critical Warning
Non-clocked sequential cell  
The clock pin system_top_i/system_e203_0/inst/dut/u_e203_subsys_top/u_sirv_debug_module/jtag_dtm_gen.u_sirv_jtag_dtm/dbusReg_reg[0]/C is not reached by a timing clock
Related violations: <none>

TIMING-17#346 Critical Warning
Non-clocked sequential cell  
The clock pin system_top_i/system_e203_0/inst/dut/u_e203_subsys_top/u_sirv_debug_module/jtag_dtm_gen.u_sirv_jtag_dtm/dbusReg_reg[10]/C is not reached by a timing clock
Related violations: <none>

TIMING-17#347 Critical Warning
Non-clocked sequential cell  
The clock pin system_top_i/system_e203_0/inst/dut/u_e203_subsys_top/u_sirv_debug_module/jtag_dtm_gen.u_sirv_jtag_dtm/dbusReg_reg[11]/C is not reached by a timing clock
Related violations: <none>

TIMING-17#348 Critical Warning
Non-clocked sequential cell  
The clock pin system_top_i/system_e203_0/inst/dut/u_e203_subsys_top/u_sirv_debug_module/jtag_dtm_gen.u_sirv_jtag_dtm/dbusReg_reg[12]/C is not reached by a timing clock
Related violations: <none>

TIMING-17#349 Critical Warning
Non-clocked sequential cell  
The clock pin system_top_i/system_e203_0/inst/dut/u_e203_subsys_top/u_sirv_debug_module/jtag_dtm_gen.u_sirv_jtag_dtm/dbusReg_reg[13]/C is not reached by a timing clock
Related violations: <none>

TIMING-17#350 Critical Warning
Non-clocked sequential cell  
The clock pin system_top_i/system_e203_0/inst/dut/u_e203_subsys_top/u_sirv_debug_module/jtag_dtm_gen.u_sirv_jtag_dtm/dbusReg_reg[14]/C is not reached by a timing clock
Related violations: <none>

TIMING-17#351 Critical Warning
Non-clocked sequential cell  
The clock pin system_top_i/system_e203_0/inst/dut/u_e203_subsys_top/u_sirv_debug_module/jtag_dtm_gen.u_sirv_jtag_dtm/dbusReg_reg[15]/C is not reached by a timing clock
Related violations: <none>

TIMING-17#352 Critical Warning
Non-clocked sequential cell  
The clock pin system_top_i/system_e203_0/inst/dut/u_e203_subsys_top/u_sirv_debug_module/jtag_dtm_gen.u_sirv_jtag_dtm/dbusReg_reg[16]/C is not reached by a timing clock
Related violations: <none>

TIMING-17#353 Critical Warning
Non-clocked sequential cell  
The clock pin system_top_i/system_e203_0/inst/dut/u_e203_subsys_top/u_sirv_debug_module/jtag_dtm_gen.u_sirv_jtag_dtm/dbusReg_reg[17]/C is not reached by a timing clock
Related violations: <none>

TIMING-17#354 Critical Warning
Non-clocked sequential cell  
The clock pin system_top_i/system_e203_0/inst/dut/u_e203_subsys_top/u_sirv_debug_module/jtag_dtm_gen.u_sirv_jtag_dtm/dbusReg_reg[18]/C is not reached by a timing clock
Related violations: <none>

TIMING-17#355 Critical Warning
Non-clocked sequential cell  
The clock pin system_top_i/system_e203_0/inst/dut/u_e203_subsys_top/u_sirv_debug_module/jtag_dtm_gen.u_sirv_jtag_dtm/dbusReg_reg[19]/C is not reached by a timing clock
Related violations: <none>

TIMING-17#356 Critical Warning
Non-clocked sequential cell  
The clock pin system_top_i/system_e203_0/inst/dut/u_e203_subsys_top/u_sirv_debug_module/jtag_dtm_gen.u_sirv_jtag_dtm/dbusReg_reg[1]/C is not reached by a timing clock
Related violations: <none>

TIMING-17#357 Critical Warning
Non-clocked sequential cell  
The clock pin system_top_i/system_e203_0/inst/dut/u_e203_subsys_top/u_sirv_debug_module/jtag_dtm_gen.u_sirv_jtag_dtm/dbusReg_reg[20]/C is not reached by a timing clock
Related violations: <none>

TIMING-17#358 Critical Warning
Non-clocked sequential cell  
The clock pin system_top_i/system_e203_0/inst/dut/u_e203_subsys_top/u_sirv_debug_module/jtag_dtm_gen.u_sirv_jtag_dtm/dbusReg_reg[21]/C is not reached by a timing clock
Related violations: <none>

TIMING-17#359 Critical Warning
Non-clocked sequential cell  
The clock pin system_top_i/system_e203_0/inst/dut/u_e203_subsys_top/u_sirv_debug_module/jtag_dtm_gen.u_sirv_jtag_dtm/dbusReg_reg[22]/C is not reached by a timing clock
Related violations: <none>

TIMING-17#360 Critical Warning
Non-clocked sequential cell  
The clock pin system_top_i/system_e203_0/inst/dut/u_e203_subsys_top/u_sirv_debug_module/jtag_dtm_gen.u_sirv_jtag_dtm/dbusReg_reg[23]/C is not reached by a timing clock
Related violations: <none>

TIMING-17#361 Critical Warning
Non-clocked sequential cell  
The clock pin system_top_i/system_e203_0/inst/dut/u_e203_subsys_top/u_sirv_debug_module/jtag_dtm_gen.u_sirv_jtag_dtm/dbusReg_reg[24]/C is not reached by a timing clock
Related violations: <none>

TIMING-17#362 Critical Warning
Non-clocked sequential cell  
The clock pin system_top_i/system_e203_0/inst/dut/u_e203_subsys_top/u_sirv_debug_module/jtag_dtm_gen.u_sirv_jtag_dtm/dbusReg_reg[25]/C is not reached by a timing clock
Related violations: <none>

TIMING-17#363 Critical Warning
Non-clocked sequential cell  
The clock pin system_top_i/system_e203_0/inst/dut/u_e203_subsys_top/u_sirv_debug_module/jtag_dtm_gen.u_sirv_jtag_dtm/dbusReg_reg[26]/C is not reached by a timing clock
Related violations: <none>

TIMING-17#364 Critical Warning
Non-clocked sequential cell  
The clock pin system_top_i/system_e203_0/inst/dut/u_e203_subsys_top/u_sirv_debug_module/jtag_dtm_gen.u_sirv_jtag_dtm/dbusReg_reg[27]/C is not reached by a timing clock
Related violations: <none>

TIMING-17#365 Critical Warning
Non-clocked sequential cell  
The clock pin system_top_i/system_e203_0/inst/dut/u_e203_subsys_top/u_sirv_debug_module/jtag_dtm_gen.u_sirv_jtag_dtm/dbusReg_reg[28]/C is not reached by a timing clock
Related violations: <none>

TIMING-17#366 Critical Warning
Non-clocked sequential cell  
The clock pin system_top_i/system_e203_0/inst/dut/u_e203_subsys_top/u_sirv_debug_module/jtag_dtm_gen.u_sirv_jtag_dtm/dbusReg_reg[29]/C is not reached by a timing clock
Related violations: <none>

TIMING-17#367 Critical Warning
Non-clocked sequential cell  
The clock pin system_top_i/system_e203_0/inst/dut/u_e203_subsys_top/u_sirv_debug_module/jtag_dtm_gen.u_sirv_jtag_dtm/dbusReg_reg[2]/C is not reached by a timing clock
Related violations: <none>

TIMING-17#368 Critical Warning
Non-clocked sequential cell  
The clock pin system_top_i/system_e203_0/inst/dut/u_e203_subsys_top/u_sirv_debug_module/jtag_dtm_gen.u_sirv_jtag_dtm/dbusReg_reg[30]/C is not reached by a timing clock
Related violations: <none>

TIMING-17#369 Critical Warning
Non-clocked sequential cell  
The clock pin system_top_i/system_e203_0/inst/dut/u_e203_subsys_top/u_sirv_debug_module/jtag_dtm_gen.u_sirv_jtag_dtm/dbusReg_reg[31]/C is not reached by a timing clock
Related violations: <none>

TIMING-17#370 Critical Warning
Non-clocked sequential cell  
The clock pin system_top_i/system_e203_0/inst/dut/u_e203_subsys_top/u_sirv_debug_module/jtag_dtm_gen.u_sirv_jtag_dtm/dbusReg_reg[32]/C is not reached by a timing clock
Related violations: <none>

TIMING-17#371 Critical Warning
Non-clocked sequential cell  
The clock pin system_top_i/system_e203_0/inst/dut/u_e203_subsys_top/u_sirv_debug_module/jtag_dtm_gen.u_sirv_jtag_dtm/dbusReg_reg[33]/C is not reached by a timing clock
Related violations: <none>

TIMING-17#372 Critical Warning
Non-clocked sequential cell  
The clock pin system_top_i/system_e203_0/inst/dut/u_e203_subsys_top/u_sirv_debug_module/jtag_dtm_gen.u_sirv_jtag_dtm/dbusReg_reg[34]/C is not reached by a timing clock
Related violations: <none>

TIMING-17#373 Critical Warning
Non-clocked sequential cell  
The clock pin system_top_i/system_e203_0/inst/dut/u_e203_subsys_top/u_sirv_debug_module/jtag_dtm_gen.u_sirv_jtag_dtm/dbusReg_reg[35]/C is not reached by a timing clock
Related violations: <none>

TIMING-17#374 Critical Warning
Non-clocked sequential cell  
The clock pin system_top_i/system_e203_0/inst/dut/u_e203_subsys_top/u_sirv_debug_module/jtag_dtm_gen.u_sirv_jtag_dtm/dbusReg_reg[36]/C is not reached by a timing clock
Related violations: <none>

TIMING-17#375 Critical Warning
Non-clocked sequential cell  
The clock pin system_top_i/system_e203_0/inst/dut/u_e203_subsys_top/u_sirv_debug_module/jtag_dtm_gen.u_sirv_jtag_dtm/dbusReg_reg[37]/C is not reached by a timing clock
Related violations: <none>

TIMING-17#376 Critical Warning
Non-clocked sequential cell  
The clock pin system_top_i/system_e203_0/inst/dut/u_e203_subsys_top/u_sirv_debug_module/jtag_dtm_gen.u_sirv_jtag_dtm/dbusReg_reg[38]/C is not reached by a timing clock
Related violations: <none>

TIMING-17#377 Critical Warning
Non-clocked sequential cell  
The clock pin system_top_i/system_e203_0/inst/dut/u_e203_subsys_top/u_sirv_debug_module/jtag_dtm_gen.u_sirv_jtag_dtm/dbusReg_reg[39]/C is not reached by a timing clock
Related violations: <none>

TIMING-17#378 Critical Warning
Non-clocked sequential cell  
The clock pin system_top_i/system_e203_0/inst/dut/u_e203_subsys_top/u_sirv_debug_module/jtag_dtm_gen.u_sirv_jtag_dtm/dbusReg_reg[3]/C is not reached by a timing clock
Related violations: <none>

TIMING-17#379 Critical Warning
Non-clocked sequential cell  
The clock pin system_top_i/system_e203_0/inst/dut/u_e203_subsys_top/u_sirv_debug_module/jtag_dtm_gen.u_sirv_jtag_dtm/dbusReg_reg[40]/C is not reached by a timing clock
Related violations: <none>

TIMING-17#380 Critical Warning
Non-clocked sequential cell  
The clock pin system_top_i/system_e203_0/inst/dut/u_e203_subsys_top/u_sirv_debug_module/jtag_dtm_gen.u_sirv_jtag_dtm/dbusReg_reg[4]/C is not reached by a timing clock
Related violations: <none>

TIMING-17#381 Critical Warning
Non-clocked sequential cell  
The clock pin system_top_i/system_e203_0/inst/dut/u_e203_subsys_top/u_sirv_debug_module/jtag_dtm_gen.u_sirv_jtag_dtm/dbusReg_reg[5]/C is not reached by a timing clock
Related violations: <none>

TIMING-17#382 Critical Warning
Non-clocked sequential cell  
The clock pin system_top_i/system_e203_0/inst/dut/u_e203_subsys_top/u_sirv_debug_module/jtag_dtm_gen.u_sirv_jtag_dtm/dbusReg_reg[6]/C is not reached by a timing clock
Related violations: <none>

TIMING-17#383 Critical Warning
Non-clocked sequential cell  
The clock pin system_top_i/system_e203_0/inst/dut/u_e203_subsys_top/u_sirv_debug_module/jtag_dtm_gen.u_sirv_jtag_dtm/dbusReg_reg[7]/C is not reached by a timing clock
Related violations: <none>

TIMING-17#384 Critical Warning
Non-clocked sequential cell  
The clock pin system_top_i/system_e203_0/inst/dut/u_e203_subsys_top/u_sirv_debug_module/jtag_dtm_gen.u_sirv_jtag_dtm/dbusReg_reg[8]/C is not reached by a timing clock
Related violations: <none>

TIMING-17#385 Critical Warning
Non-clocked sequential cell  
The clock pin system_top_i/system_e203_0/inst/dut/u_e203_subsys_top/u_sirv_debug_module/jtag_dtm_gen.u_sirv_jtag_dtm/dbusReg_reg[9]/C is not reached by a timing clock
Related violations: <none>

TIMING-17#386 Critical Warning
Non-clocked sequential cell  
The clock pin system_top_i/system_e203_0/inst/dut/u_e203_subsys_top/u_sirv_debug_module/jtag_dtm_gen.u_sirv_jtag_dtm/dbusValidReg_reg/C is not reached by a timing clock
Related violations: <none>

TIMING-17#387 Critical Warning
Non-clocked sequential cell  
The clock pin system_top_i/system_e203_0/inst/dut/u_e203_subsys_top/u_sirv_debug_module/jtag_dtm_gen.u_sirv_jtag_dtm/irReg_reg[0]/C is not reached by a timing clock
Related violations: <none>

TIMING-17#388 Critical Warning
Non-clocked sequential cell  
The clock pin system_top_i/system_e203_0/inst/dut/u_e203_subsys_top/u_sirv_debug_module/jtag_dtm_gen.u_sirv_jtag_dtm/irReg_reg[1]/C is not reached by a timing clock
Related violations: <none>

TIMING-17#389 Critical Warning
Non-clocked sequential cell  
The clock pin system_top_i/system_e203_0/inst/dut/u_e203_subsys_top/u_sirv_debug_module/jtag_dtm_gen.u_sirv_jtag_dtm/irReg_reg[2]/C is not reached by a timing clock
Related violations: <none>

TIMING-17#390 Critical Warning
Non-clocked sequential cell  
The clock pin system_top_i/system_e203_0/inst/dut/u_e203_subsys_top/u_sirv_debug_module/jtag_dtm_gen.u_sirv_jtag_dtm/irReg_reg[3]/C is not reached by a timing clock
Related violations: <none>

TIMING-17#391 Critical Warning
Non-clocked sequential cell  
The clock pin system_top_i/system_e203_0/inst/dut/u_e203_subsys_top/u_sirv_debug_module/jtag_dtm_gen.u_sirv_jtag_dtm/irReg_reg[4]/C is not reached by a timing clock
Related violations: <none>

TIMING-17#392 Critical Warning
Non-clocked sequential cell  
The clock pin system_top_i/system_e203_0/inst/dut/u_e203_subsys_top/u_sirv_debug_module/jtag_dtm_gen.u_sirv_jtag_dtm/jtag_DRV_TDO_reg_inv/C is not reached by a timing clock
Related violations: <none>

TIMING-17#393 Critical Warning
Non-clocked sequential cell  
The clock pin system_top_i/system_e203_0/inst/dut/u_e203_subsys_top/u_sirv_debug_module/jtag_dtm_gen.u_sirv_jtag_dtm/jtag_TDO_reg/C is not reached by a timing clock
Related violations: <none>

TIMING-17#394 Critical Warning
Non-clocked sequential cell  
The clock pin system_top_i/system_e203_0/inst/dut/u_e203_subsys_top/u_sirv_debug_module/jtag_dtm_gen.u_sirv_jtag_dtm/shiftReg_reg[0]/C is not reached by a timing clock
Related violations: <none>

TIMING-17#395 Critical Warning
Non-clocked sequential cell  
The clock pin system_top_i/system_e203_0/inst/dut/u_e203_subsys_top/u_sirv_debug_module/jtag_dtm_gen.u_sirv_jtag_dtm/shiftReg_reg[10]/C is not reached by a timing clock
Related violations: <none>

TIMING-17#396 Critical Warning
Non-clocked sequential cell  
The clock pin system_top_i/system_e203_0/inst/dut/u_e203_subsys_top/u_sirv_debug_module/jtag_dtm_gen.u_sirv_jtag_dtm/shiftReg_reg[11]/C is not reached by a timing clock
Related violations: <none>

TIMING-17#397 Critical Warning
Non-clocked sequential cell  
The clock pin system_top_i/system_e203_0/inst/dut/u_e203_subsys_top/u_sirv_debug_module/jtag_dtm_gen.u_sirv_jtag_dtm/shiftReg_reg[12]/C is not reached by a timing clock
Related violations: <none>

TIMING-17#398 Critical Warning
Non-clocked sequential cell  
The clock pin system_top_i/system_e203_0/inst/dut/u_e203_subsys_top/u_sirv_debug_module/jtag_dtm_gen.u_sirv_jtag_dtm/shiftReg_reg[13]/C is not reached by a timing clock
Related violations: <none>

TIMING-17#399 Critical Warning
Non-clocked sequential cell  
The clock pin system_top_i/system_e203_0/inst/dut/u_e203_subsys_top/u_sirv_debug_module/jtag_dtm_gen.u_sirv_jtag_dtm/shiftReg_reg[14]/C is not reached by a timing clock
Related violations: <none>

TIMING-17#400 Critical Warning
Non-clocked sequential cell  
The clock pin system_top_i/system_e203_0/inst/dut/u_e203_subsys_top/u_sirv_debug_module/jtag_dtm_gen.u_sirv_jtag_dtm/shiftReg_reg[15]/C is not reached by a timing clock
Related violations: <none>

TIMING-17#401 Critical Warning
Non-clocked sequential cell  
The clock pin system_top_i/system_e203_0/inst/dut/u_e203_subsys_top/u_sirv_debug_module/jtag_dtm_gen.u_sirv_jtag_dtm/shiftReg_reg[16]/C is not reached by a timing clock
Related violations: <none>

TIMING-17#402 Critical Warning
Non-clocked sequential cell  
The clock pin system_top_i/system_e203_0/inst/dut/u_e203_subsys_top/u_sirv_debug_module/jtag_dtm_gen.u_sirv_jtag_dtm/shiftReg_reg[17]/C is not reached by a timing clock
Related violations: <none>

TIMING-17#403 Critical Warning
Non-clocked sequential cell  
The clock pin system_top_i/system_e203_0/inst/dut/u_e203_subsys_top/u_sirv_debug_module/jtag_dtm_gen.u_sirv_jtag_dtm/shiftReg_reg[18]/C is not reached by a timing clock
Related violations: <none>

TIMING-17#404 Critical Warning
Non-clocked sequential cell  
The clock pin system_top_i/system_e203_0/inst/dut/u_e203_subsys_top/u_sirv_debug_module/jtag_dtm_gen.u_sirv_jtag_dtm/shiftReg_reg[19]/C is not reached by a timing clock
Related violations: <none>

TIMING-17#405 Critical Warning
Non-clocked sequential cell  
The clock pin system_top_i/system_e203_0/inst/dut/u_e203_subsys_top/u_sirv_debug_module/jtag_dtm_gen.u_sirv_jtag_dtm/shiftReg_reg[1]/C is not reached by a timing clock
Related violations: <none>

TIMING-17#406 Critical Warning
Non-clocked sequential cell  
The clock pin system_top_i/system_e203_0/inst/dut/u_e203_subsys_top/u_sirv_debug_module/jtag_dtm_gen.u_sirv_jtag_dtm/shiftReg_reg[20]/C is not reached by a timing clock
Related violations: <none>

TIMING-17#407 Critical Warning
Non-clocked sequential cell  
The clock pin system_top_i/system_e203_0/inst/dut/u_e203_subsys_top/u_sirv_debug_module/jtag_dtm_gen.u_sirv_jtag_dtm/shiftReg_reg[21]/C is not reached by a timing clock
Related violations: <none>

TIMING-17#408 Critical Warning
Non-clocked sequential cell  
The clock pin system_top_i/system_e203_0/inst/dut/u_e203_subsys_top/u_sirv_debug_module/jtag_dtm_gen.u_sirv_jtag_dtm/shiftReg_reg[22]/C is not reached by a timing clock
Related violations: <none>

TIMING-17#409 Critical Warning
Non-clocked sequential cell  
The clock pin system_top_i/system_e203_0/inst/dut/u_e203_subsys_top/u_sirv_debug_module/jtag_dtm_gen.u_sirv_jtag_dtm/shiftReg_reg[23]/C is not reached by a timing clock
Related violations: <none>

TIMING-17#410 Critical Warning
Non-clocked sequential cell  
The clock pin system_top_i/system_e203_0/inst/dut/u_e203_subsys_top/u_sirv_debug_module/jtag_dtm_gen.u_sirv_jtag_dtm/shiftReg_reg[24]/C is not reached by a timing clock
Related violations: <none>

TIMING-17#411 Critical Warning
Non-clocked sequential cell  
The clock pin system_top_i/system_e203_0/inst/dut/u_e203_subsys_top/u_sirv_debug_module/jtag_dtm_gen.u_sirv_jtag_dtm/shiftReg_reg[25]/C is not reached by a timing clock
Related violations: <none>

TIMING-17#412 Critical Warning
Non-clocked sequential cell  
The clock pin system_top_i/system_e203_0/inst/dut/u_e203_subsys_top/u_sirv_debug_module/jtag_dtm_gen.u_sirv_jtag_dtm/shiftReg_reg[26]/C is not reached by a timing clock
Related violations: <none>

TIMING-17#413 Critical Warning
Non-clocked sequential cell  
The clock pin system_top_i/system_e203_0/inst/dut/u_e203_subsys_top/u_sirv_debug_module/jtag_dtm_gen.u_sirv_jtag_dtm/shiftReg_reg[27]/C is not reached by a timing clock
Related violations: <none>

TIMING-17#414 Critical Warning
Non-clocked sequential cell  
The clock pin system_top_i/system_e203_0/inst/dut/u_e203_subsys_top/u_sirv_debug_module/jtag_dtm_gen.u_sirv_jtag_dtm/shiftReg_reg[28]/C is not reached by a timing clock
Related violations: <none>

TIMING-17#415 Critical Warning
Non-clocked sequential cell  
The clock pin system_top_i/system_e203_0/inst/dut/u_e203_subsys_top/u_sirv_debug_module/jtag_dtm_gen.u_sirv_jtag_dtm/shiftReg_reg[29]/C is not reached by a timing clock
Related violations: <none>

TIMING-17#416 Critical Warning
Non-clocked sequential cell  
The clock pin system_top_i/system_e203_0/inst/dut/u_e203_subsys_top/u_sirv_debug_module/jtag_dtm_gen.u_sirv_jtag_dtm/shiftReg_reg[2]/C is not reached by a timing clock
Related violations: <none>

TIMING-17#417 Critical Warning
Non-clocked sequential cell  
The clock pin system_top_i/system_e203_0/inst/dut/u_e203_subsys_top/u_sirv_debug_module/jtag_dtm_gen.u_sirv_jtag_dtm/shiftReg_reg[30]/C is not reached by a timing clock
Related violations: <none>

TIMING-17#418 Critical Warning
Non-clocked sequential cell  
The clock pin system_top_i/system_e203_0/inst/dut/u_e203_subsys_top/u_sirv_debug_module/jtag_dtm_gen.u_sirv_jtag_dtm/shiftReg_reg[31]/C is not reached by a timing clock
Related violations: <none>

TIMING-17#419 Critical Warning
Non-clocked sequential cell  
The clock pin system_top_i/system_e203_0/inst/dut/u_e203_subsys_top/u_sirv_debug_module/jtag_dtm_gen.u_sirv_jtag_dtm/shiftReg_reg[32]/C is not reached by a timing clock
Related violations: <none>

TIMING-17#420 Critical Warning
Non-clocked sequential cell  
The clock pin system_top_i/system_e203_0/inst/dut/u_e203_subsys_top/u_sirv_debug_module/jtag_dtm_gen.u_sirv_jtag_dtm/shiftReg_reg[33]/C is not reached by a timing clock
Related violations: <none>

TIMING-17#421 Critical Warning
Non-clocked sequential cell  
The clock pin system_top_i/system_e203_0/inst/dut/u_e203_subsys_top/u_sirv_debug_module/jtag_dtm_gen.u_sirv_jtag_dtm/shiftReg_reg[34]/C is not reached by a timing clock
Related violations: <none>

TIMING-17#422 Critical Warning
Non-clocked sequential cell  
The clock pin system_top_i/system_e203_0/inst/dut/u_e203_subsys_top/u_sirv_debug_module/jtag_dtm_gen.u_sirv_jtag_dtm/shiftReg_reg[35]/C is not reached by a timing clock
Related violations: <none>

TIMING-17#423 Critical Warning
Non-clocked sequential cell  
The clock pin system_top_i/system_e203_0/inst/dut/u_e203_subsys_top/u_sirv_debug_module/jtag_dtm_gen.u_sirv_jtag_dtm/shiftReg_reg[36]/C is not reached by a timing clock
Related violations: <none>

TIMING-17#424 Critical Warning
Non-clocked sequential cell  
The clock pin system_top_i/system_e203_0/inst/dut/u_e203_subsys_top/u_sirv_debug_module/jtag_dtm_gen.u_sirv_jtag_dtm/shiftReg_reg[37]/C is not reached by a timing clock
Related violations: <none>

TIMING-17#425 Critical Warning
Non-clocked sequential cell  
The clock pin system_top_i/system_e203_0/inst/dut/u_e203_subsys_top/u_sirv_debug_module/jtag_dtm_gen.u_sirv_jtag_dtm/shiftReg_reg[38]/C is not reached by a timing clock
Related violations: <none>

TIMING-17#426 Critical Warning
Non-clocked sequential cell  
The clock pin system_top_i/system_e203_0/inst/dut/u_e203_subsys_top/u_sirv_debug_module/jtag_dtm_gen.u_sirv_jtag_dtm/shiftReg_reg[39]/C is not reached by a timing clock
Related violations: <none>

TIMING-17#427 Critical Warning
Non-clocked sequential cell  
The clock pin system_top_i/system_e203_0/inst/dut/u_e203_subsys_top/u_sirv_debug_module/jtag_dtm_gen.u_sirv_jtag_dtm/shiftReg_reg[3]/C is not reached by a timing clock
Related violations: <none>

TIMING-17#428 Critical Warning
Non-clocked sequential cell  
The clock pin system_top_i/system_e203_0/inst/dut/u_e203_subsys_top/u_sirv_debug_module/jtag_dtm_gen.u_sirv_jtag_dtm/shiftReg_reg[40]/C is not reached by a timing clock
Related violations: <none>

TIMING-17#429 Critical Warning
Non-clocked sequential cell  
The clock pin system_top_i/system_e203_0/inst/dut/u_e203_subsys_top/u_sirv_debug_module/jtag_dtm_gen.u_sirv_jtag_dtm/shiftReg_reg[4]/C is not reached by a timing clock
Related violations: <none>

TIMING-17#430 Critical Warning
Non-clocked sequential cell  
The clock pin system_top_i/system_e203_0/inst/dut/u_e203_subsys_top/u_sirv_debug_module/jtag_dtm_gen.u_sirv_jtag_dtm/shiftReg_reg[5]/C is not reached by a timing clock
Related violations: <none>

TIMING-17#431 Critical Warning
Non-clocked sequential cell  
The clock pin system_top_i/system_e203_0/inst/dut/u_e203_subsys_top/u_sirv_debug_module/jtag_dtm_gen.u_sirv_jtag_dtm/shiftReg_reg[6]/C is not reached by a timing clock
Related violations: <none>

TIMING-17#432 Critical Warning
Non-clocked sequential cell  
The clock pin system_top_i/system_e203_0/inst/dut/u_e203_subsys_top/u_sirv_debug_module/jtag_dtm_gen.u_sirv_jtag_dtm/shiftReg_reg[7]/C is not reached by a timing clock
Related violations: <none>

TIMING-17#433 Critical Warning
Non-clocked sequential cell  
The clock pin system_top_i/system_e203_0/inst/dut/u_e203_subsys_top/u_sirv_debug_module/jtag_dtm_gen.u_sirv_jtag_dtm/shiftReg_reg[8]/C is not reached by a timing clock
Related violations: <none>

TIMING-17#434 Critical Warning
Non-clocked sequential cell  
The clock pin system_top_i/system_e203_0/inst/dut/u_e203_subsys_top/u_sirv_debug_module/jtag_dtm_gen.u_sirv_jtag_dtm/shiftReg_reg[9]/C is not reached by a timing clock
Related violations: <none>

TIMING-17#435 Critical Warning
Non-clocked sequential cell  
The clock pin system_top_i/system_e203_0/inst/dut/u_e203_subsys_top/u_sirv_debug_module/jtag_dtm_gen.u_sirv_jtag_dtm/skipOpReg_reg/C is not reached by a timing clock
Related violations: <none>

TIMING-17#436 Critical Warning
Non-clocked sequential cell  
The clock pin system_top_i/system_e203_0/inst/dut/u_e203_subsys_top/u_sirv_debug_module/jtag_dtm_gen.u_sirv_jtag_dtm/stickyBusyReg_reg/C is not reached by a timing clock
Related violations: <none>

TIMING-17#437 Critical Warning
Non-clocked sequential cell  
The clock pin system_top_i/system_e203_0/inst/dut/u_e203_subsys_top/u_sirv_debug_module/jtag_dtm_gen.u_sirv_jtag_dtm/u_jtag2debug_cdc_rx/buf_dat_dfflr/qout_r_reg[10]/C is not reached by a timing clock
Related violations: <none>

TIMING-17#438 Critical Warning
Non-clocked sequential cell  
The clock pin system_top_i/system_e203_0/inst/dut/u_e203_subsys_top/u_sirv_debug_module/jtag_dtm_gen.u_sirv_jtag_dtm/u_jtag2debug_cdc_rx/buf_dat_dfflr/qout_r_reg[11]/C is not reached by a timing clock
Related violations: <none>

TIMING-17#439 Critical Warning
Non-clocked sequential cell  
The clock pin system_top_i/system_e203_0/inst/dut/u_e203_subsys_top/u_sirv_debug_module/jtag_dtm_gen.u_sirv_jtag_dtm/u_jtag2debug_cdc_rx/buf_dat_dfflr/qout_r_reg[12]/C is not reached by a timing clock
Related violations: <none>

TIMING-17#440 Critical Warning
Non-clocked sequential cell  
The clock pin system_top_i/system_e203_0/inst/dut/u_e203_subsys_top/u_sirv_debug_module/jtag_dtm_gen.u_sirv_jtag_dtm/u_jtag2debug_cdc_rx/buf_dat_dfflr/qout_r_reg[13]/C is not reached by a timing clock
Related violations: <none>

TIMING-17#441 Critical Warning
Non-clocked sequential cell  
The clock pin system_top_i/system_e203_0/inst/dut/u_e203_subsys_top/u_sirv_debug_module/jtag_dtm_gen.u_sirv_jtag_dtm/u_jtag2debug_cdc_rx/buf_dat_dfflr/qout_r_reg[14]/C is not reached by a timing clock
Related violations: <none>

TIMING-17#442 Critical Warning
Non-clocked sequential cell  
The clock pin system_top_i/system_e203_0/inst/dut/u_e203_subsys_top/u_sirv_debug_module/jtag_dtm_gen.u_sirv_jtag_dtm/u_jtag2debug_cdc_rx/buf_dat_dfflr/qout_r_reg[15]/C is not reached by a timing clock
Related violations: <none>

TIMING-17#443 Critical Warning
Non-clocked sequential cell  
The clock pin system_top_i/system_e203_0/inst/dut/u_e203_subsys_top/u_sirv_debug_module/jtag_dtm_gen.u_sirv_jtag_dtm/u_jtag2debug_cdc_rx/buf_dat_dfflr/qout_r_reg[16]/C is not reached by a timing clock
Related violations: <none>

TIMING-17#444 Critical Warning
Non-clocked sequential cell  
The clock pin system_top_i/system_e203_0/inst/dut/u_e203_subsys_top/u_sirv_debug_module/jtag_dtm_gen.u_sirv_jtag_dtm/u_jtag2debug_cdc_rx/buf_dat_dfflr/qout_r_reg[17]/C is not reached by a timing clock
Related violations: <none>

TIMING-17#445 Critical Warning
Non-clocked sequential cell  
The clock pin system_top_i/system_e203_0/inst/dut/u_e203_subsys_top/u_sirv_debug_module/jtag_dtm_gen.u_sirv_jtag_dtm/u_jtag2debug_cdc_rx/buf_dat_dfflr/qout_r_reg[18]/C is not reached by a timing clock
Related violations: <none>

TIMING-17#446 Critical Warning
Non-clocked sequential cell  
The clock pin system_top_i/system_e203_0/inst/dut/u_e203_subsys_top/u_sirv_debug_module/jtag_dtm_gen.u_sirv_jtag_dtm/u_jtag2debug_cdc_rx/buf_dat_dfflr/qout_r_reg[19]/C is not reached by a timing clock
Related violations: <none>

TIMING-17#447 Critical Warning
Non-clocked sequential cell  
The clock pin system_top_i/system_e203_0/inst/dut/u_e203_subsys_top/u_sirv_debug_module/jtag_dtm_gen.u_sirv_jtag_dtm/u_jtag2debug_cdc_rx/buf_dat_dfflr/qout_r_reg[20]/C is not reached by a timing clock
Related violations: <none>

TIMING-17#448 Critical Warning
Non-clocked sequential cell  
The clock pin system_top_i/system_e203_0/inst/dut/u_e203_subsys_top/u_sirv_debug_module/jtag_dtm_gen.u_sirv_jtag_dtm/u_jtag2debug_cdc_rx/buf_dat_dfflr/qout_r_reg[21]/C is not reached by a timing clock
Related violations: <none>

TIMING-17#449 Critical Warning
Non-clocked sequential cell  
The clock pin system_top_i/system_e203_0/inst/dut/u_e203_subsys_top/u_sirv_debug_module/jtag_dtm_gen.u_sirv_jtag_dtm/u_jtag2debug_cdc_rx/buf_dat_dfflr/qout_r_reg[22]/C is not reached by a timing clock
Related violations: <none>

TIMING-17#450 Critical Warning
Non-clocked sequential cell  
The clock pin system_top_i/system_e203_0/inst/dut/u_e203_subsys_top/u_sirv_debug_module/jtag_dtm_gen.u_sirv_jtag_dtm/u_jtag2debug_cdc_rx/buf_dat_dfflr/qout_r_reg[23]/C is not reached by a timing clock
Related violations: <none>

TIMING-17#451 Critical Warning
Non-clocked sequential cell  
The clock pin system_top_i/system_e203_0/inst/dut/u_e203_subsys_top/u_sirv_debug_module/jtag_dtm_gen.u_sirv_jtag_dtm/u_jtag2debug_cdc_rx/buf_dat_dfflr/qout_r_reg[24]/C is not reached by a timing clock
Related violations: <none>

TIMING-17#452 Critical Warning
Non-clocked sequential cell  
The clock pin system_top_i/system_e203_0/inst/dut/u_e203_subsys_top/u_sirv_debug_module/jtag_dtm_gen.u_sirv_jtag_dtm/u_jtag2debug_cdc_rx/buf_dat_dfflr/qout_r_reg[25]/C is not reached by a timing clock
Related violations: <none>

TIMING-17#453 Critical Warning
Non-clocked sequential cell  
The clock pin system_top_i/system_e203_0/inst/dut/u_e203_subsys_top/u_sirv_debug_module/jtag_dtm_gen.u_sirv_jtag_dtm/u_jtag2debug_cdc_rx/buf_dat_dfflr/qout_r_reg[26]/C is not reached by a timing clock
Related violations: <none>

TIMING-17#454 Critical Warning
Non-clocked sequential cell  
The clock pin system_top_i/system_e203_0/inst/dut/u_e203_subsys_top/u_sirv_debug_module/jtag_dtm_gen.u_sirv_jtag_dtm/u_jtag2debug_cdc_rx/buf_dat_dfflr/qout_r_reg[27]/C is not reached by a timing clock
Related violations: <none>

TIMING-17#455 Critical Warning
Non-clocked sequential cell  
The clock pin system_top_i/system_e203_0/inst/dut/u_e203_subsys_top/u_sirv_debug_module/jtag_dtm_gen.u_sirv_jtag_dtm/u_jtag2debug_cdc_rx/buf_dat_dfflr/qout_r_reg[28]/C is not reached by a timing clock
Related violations: <none>

TIMING-17#456 Critical Warning
Non-clocked sequential cell  
The clock pin system_top_i/system_e203_0/inst/dut/u_e203_subsys_top/u_sirv_debug_module/jtag_dtm_gen.u_sirv_jtag_dtm/u_jtag2debug_cdc_rx/buf_dat_dfflr/qout_r_reg[29]/C is not reached by a timing clock
Related violations: <none>

TIMING-17#457 Critical Warning
Non-clocked sequential cell  
The clock pin system_top_i/system_e203_0/inst/dut/u_e203_subsys_top/u_sirv_debug_module/jtag_dtm_gen.u_sirv_jtag_dtm/u_jtag2debug_cdc_rx/buf_dat_dfflr/qout_r_reg[2]/C is not reached by a timing clock
Related violations: <none>

TIMING-17#458 Critical Warning
Non-clocked sequential cell  
The clock pin system_top_i/system_e203_0/inst/dut/u_e203_subsys_top/u_sirv_debug_module/jtag_dtm_gen.u_sirv_jtag_dtm/u_jtag2debug_cdc_rx/buf_dat_dfflr/qout_r_reg[30]/C is not reached by a timing clock
Related violations: <none>

TIMING-17#459 Critical Warning
Non-clocked sequential cell  
The clock pin system_top_i/system_e203_0/inst/dut/u_e203_subsys_top/u_sirv_debug_module/jtag_dtm_gen.u_sirv_jtag_dtm/u_jtag2debug_cdc_rx/buf_dat_dfflr/qout_r_reg[31]/C is not reached by a timing clock
Related violations: <none>

TIMING-17#460 Critical Warning
Non-clocked sequential cell  
The clock pin system_top_i/system_e203_0/inst/dut/u_e203_subsys_top/u_sirv_debug_module/jtag_dtm_gen.u_sirv_jtag_dtm/u_jtag2debug_cdc_rx/buf_dat_dfflr/qout_r_reg[32]/C is not reached by a timing clock
Related violations: <none>

TIMING-17#461 Critical Warning
Non-clocked sequential cell  
The clock pin system_top_i/system_e203_0/inst/dut/u_e203_subsys_top/u_sirv_debug_module/jtag_dtm_gen.u_sirv_jtag_dtm/u_jtag2debug_cdc_rx/buf_dat_dfflr/qout_r_reg[33]/C is not reached by a timing clock
Related violations: <none>

TIMING-17#462 Critical Warning
Non-clocked sequential cell  
The clock pin system_top_i/system_e203_0/inst/dut/u_e203_subsys_top/u_sirv_debug_module/jtag_dtm_gen.u_sirv_jtag_dtm/u_jtag2debug_cdc_rx/buf_dat_dfflr/qout_r_reg[34]/C is not reached by a timing clock
Related violations: <none>

TIMING-17#463 Critical Warning
Non-clocked sequential cell  
The clock pin system_top_i/system_e203_0/inst/dut/u_e203_subsys_top/u_sirv_debug_module/jtag_dtm_gen.u_sirv_jtag_dtm/u_jtag2debug_cdc_rx/buf_dat_dfflr/qout_r_reg[35]/C is not reached by a timing clock
Related violations: <none>

TIMING-17#464 Critical Warning
Non-clocked sequential cell  
The clock pin system_top_i/system_e203_0/inst/dut/u_e203_subsys_top/u_sirv_debug_module/jtag_dtm_gen.u_sirv_jtag_dtm/u_jtag2debug_cdc_rx/buf_dat_dfflr/qout_r_reg[3]/C is not reached by a timing clock
Related violations: <none>

TIMING-17#465 Critical Warning
Non-clocked sequential cell  
The clock pin system_top_i/system_e203_0/inst/dut/u_e203_subsys_top/u_sirv_debug_module/jtag_dtm_gen.u_sirv_jtag_dtm/u_jtag2debug_cdc_rx/buf_dat_dfflr/qout_r_reg[4]/C is not reached by a timing clock
Related violations: <none>

TIMING-17#466 Critical Warning
Non-clocked sequential cell  
The clock pin system_top_i/system_e203_0/inst/dut/u_e203_subsys_top/u_sirv_debug_module/jtag_dtm_gen.u_sirv_jtag_dtm/u_jtag2debug_cdc_rx/buf_dat_dfflr/qout_r_reg[5]/C is not reached by a timing clock
Related violations: <none>

TIMING-17#467 Critical Warning
Non-clocked sequential cell  
The clock pin system_top_i/system_e203_0/inst/dut/u_e203_subsys_top/u_sirv_debug_module/jtag_dtm_gen.u_sirv_jtag_dtm/u_jtag2debug_cdc_rx/buf_dat_dfflr/qout_r_reg[6]/C is not reached by a timing clock
Related violations: <none>

TIMING-17#468 Critical Warning
Non-clocked sequential cell  
The clock pin system_top_i/system_e203_0/inst/dut/u_e203_subsys_top/u_sirv_debug_module/jtag_dtm_gen.u_sirv_jtag_dtm/u_jtag2debug_cdc_rx/buf_dat_dfflr/qout_r_reg[7]/C is not reached by a timing clock
Related violations: <none>

TIMING-17#469 Critical Warning
Non-clocked sequential cell  
The clock pin system_top_i/system_e203_0/inst/dut/u_e203_subsys_top/u_sirv_debug_module/jtag_dtm_gen.u_sirv_jtag_dtm/u_jtag2debug_cdc_rx/buf_dat_dfflr/qout_r_reg[8]/C is not reached by a timing clock
Related violations: <none>

TIMING-17#470 Critical Warning
Non-clocked sequential cell  
The clock pin system_top_i/system_e203_0/inst/dut/u_e203_subsys_top/u_sirv_debug_module/jtag_dtm_gen.u_sirv_jtag_dtm/u_jtag2debug_cdc_rx/buf_dat_dfflr/qout_r_reg[9]/C is not reached by a timing clock
Related violations: <none>

TIMING-17#471 Critical Warning
Non-clocked sequential cell  
The clock pin system_top_i/system_e203_0/inst/dut/u_e203_subsys_top/u_sirv_debug_module/jtag_dtm_gen.u_sirv_jtag_dtm/u_jtag2debug_cdc_rx/buf_vld_dfflr/qout_r_reg[0]/C is not reached by a timing clock
Related violations: <none>

TIMING-17#472 Critical Warning
Non-clocked sequential cell  
The clock pin system_top_i/system_e203_0/inst/dut/u_e203_subsys_top/u_sirv_debug_module/jtag_dtm_gen.u_sirv_jtag_dtm/u_jtag2debug_cdc_rx/i_rdy_dfflr/qout_r_reg[0]/C is not reached by a timing clock
Related violations: <none>

TIMING-17#473 Critical Warning
Non-clocked sequential cell  
The clock pin system_top_i/system_e203_0/inst/dut/u_e203_subsys_top/u_sirv_debug_module/jtag_dtm_gen.u_sirv_jtag_dtm/u_jtag2debug_cdc_rx/i_vld_sync_dffr/qout_r_reg[0]/C is not reached by a timing clock
Related violations: <none>

TIMING-17#474 Critical Warning
Non-clocked sequential cell  
The clock pin system_top_i/system_e203_0/inst/dut/u_e203_subsys_top/u_sirv_debug_module/jtag_dtm_gen.u_sirv_jtag_dtm/u_jtag2debug_cdc_rx/u_i_vld_sync/sync_gen[0].i_is_0.sync_dffr/qout_r_reg[0]/C is not reached by a timing clock
Related violations: <none>

TIMING-17#475 Critical Warning
Non-clocked sequential cell  
The clock pin system_top_i/system_e203_0/inst/dut/u_e203_subsys_top/u_sirv_debug_module/jtag_dtm_gen.u_sirv_jtag_dtm/u_jtag2debug_cdc_rx/u_i_vld_sync/sync_gen[1].i_is_not_0.sync_dffr/qout_r_reg[0]/C is not reached by a timing clock
Related violations: <none>

TIMING-17#476 Critical Warning
Non-clocked sequential cell  
The clock pin system_top_i/system_e203_0/inst/dut/u_e203_subsys_top/u_sirv_debug_module/jtag_dtm_gen.u_sirv_jtag_dtm/u_jtag2debug_cdc_tx/buf_nrdy_dfflr/qout_r_reg[0]/C is not reached by a timing clock
Related violations: <none>

TIMING-17#477 Critical Warning
Non-clocked sequential cell  
The clock pin system_top_i/system_e203_0/inst/dut/u_e203_subsys_top/u_sirv_debug_module/jtag_dtm_gen.u_sirv_jtag_dtm/u_jtag2debug_cdc_tx/dat_dfflr/qout_r_reg[0]/C is not reached by a timing clock
Related violations: <none>

TIMING-17#478 Critical Warning
Non-clocked sequential cell  
The clock pin system_top_i/system_e203_0/inst/dut/u_e203_subsys_top/u_sirv_debug_module/jtag_dtm_gen.u_sirv_jtag_dtm/u_jtag2debug_cdc_tx/dat_dfflr/qout_r_reg[10]/C is not reached by a timing clock
Related violations: <none>

TIMING-17#479 Critical Warning
Non-clocked sequential cell  
The clock pin system_top_i/system_e203_0/inst/dut/u_e203_subsys_top/u_sirv_debug_module/jtag_dtm_gen.u_sirv_jtag_dtm/u_jtag2debug_cdc_tx/dat_dfflr/qout_r_reg[11]/C is not reached by a timing clock
Related violations: <none>

TIMING-17#480 Critical Warning
Non-clocked sequential cell  
The clock pin system_top_i/system_e203_0/inst/dut/u_e203_subsys_top/u_sirv_debug_module/jtag_dtm_gen.u_sirv_jtag_dtm/u_jtag2debug_cdc_tx/dat_dfflr/qout_r_reg[12]/C is not reached by a timing clock
Related violations: <none>

TIMING-17#481 Critical Warning
Non-clocked sequential cell  
The clock pin system_top_i/system_e203_0/inst/dut/u_e203_subsys_top/u_sirv_debug_module/jtag_dtm_gen.u_sirv_jtag_dtm/u_jtag2debug_cdc_tx/dat_dfflr/qout_r_reg[13]/C is not reached by a timing clock
Related violations: <none>

TIMING-17#482 Critical Warning
Non-clocked sequential cell  
The clock pin system_top_i/system_e203_0/inst/dut/u_e203_subsys_top/u_sirv_debug_module/jtag_dtm_gen.u_sirv_jtag_dtm/u_jtag2debug_cdc_tx/dat_dfflr/qout_r_reg[14]/C is not reached by a timing clock
Related violations: <none>

TIMING-17#483 Critical Warning
Non-clocked sequential cell  
The clock pin system_top_i/system_e203_0/inst/dut/u_e203_subsys_top/u_sirv_debug_module/jtag_dtm_gen.u_sirv_jtag_dtm/u_jtag2debug_cdc_tx/dat_dfflr/qout_r_reg[15]/C is not reached by a timing clock
Related violations: <none>

TIMING-17#484 Critical Warning
Non-clocked sequential cell  
The clock pin system_top_i/system_e203_0/inst/dut/u_e203_subsys_top/u_sirv_debug_module/jtag_dtm_gen.u_sirv_jtag_dtm/u_jtag2debug_cdc_tx/dat_dfflr/qout_r_reg[16]/C is not reached by a timing clock
Related violations: <none>

TIMING-17#485 Critical Warning
Non-clocked sequential cell  
The clock pin system_top_i/system_e203_0/inst/dut/u_e203_subsys_top/u_sirv_debug_module/jtag_dtm_gen.u_sirv_jtag_dtm/u_jtag2debug_cdc_tx/dat_dfflr/qout_r_reg[17]/C is not reached by a timing clock
Related violations: <none>

TIMING-17#486 Critical Warning
Non-clocked sequential cell  
The clock pin system_top_i/system_e203_0/inst/dut/u_e203_subsys_top/u_sirv_debug_module/jtag_dtm_gen.u_sirv_jtag_dtm/u_jtag2debug_cdc_tx/dat_dfflr/qout_r_reg[18]/C is not reached by a timing clock
Related violations: <none>

TIMING-17#487 Critical Warning
Non-clocked sequential cell  
The clock pin system_top_i/system_e203_0/inst/dut/u_e203_subsys_top/u_sirv_debug_module/jtag_dtm_gen.u_sirv_jtag_dtm/u_jtag2debug_cdc_tx/dat_dfflr/qout_r_reg[19]/C is not reached by a timing clock
Related violations: <none>

TIMING-17#488 Critical Warning
Non-clocked sequential cell  
The clock pin system_top_i/system_e203_0/inst/dut/u_e203_subsys_top/u_sirv_debug_module/jtag_dtm_gen.u_sirv_jtag_dtm/u_jtag2debug_cdc_tx/dat_dfflr/qout_r_reg[1]/C is not reached by a timing clock
Related violations: <none>

TIMING-17#489 Critical Warning
Non-clocked sequential cell  
The clock pin system_top_i/system_e203_0/inst/dut/u_e203_subsys_top/u_sirv_debug_module/jtag_dtm_gen.u_sirv_jtag_dtm/u_jtag2debug_cdc_tx/dat_dfflr/qout_r_reg[20]/C is not reached by a timing clock
Related violations: <none>

TIMING-17#490 Critical Warning
Non-clocked sequential cell  
The clock pin system_top_i/system_e203_0/inst/dut/u_e203_subsys_top/u_sirv_debug_module/jtag_dtm_gen.u_sirv_jtag_dtm/u_jtag2debug_cdc_tx/dat_dfflr/qout_r_reg[21]/C is not reached by a timing clock
Related violations: <none>

TIMING-17#491 Critical Warning
Non-clocked sequential cell  
The clock pin system_top_i/system_e203_0/inst/dut/u_e203_subsys_top/u_sirv_debug_module/jtag_dtm_gen.u_sirv_jtag_dtm/u_jtag2debug_cdc_tx/dat_dfflr/qout_r_reg[22]/C is not reached by a timing clock
Related violations: <none>

TIMING-17#492 Critical Warning
Non-clocked sequential cell  
The clock pin system_top_i/system_e203_0/inst/dut/u_e203_subsys_top/u_sirv_debug_module/jtag_dtm_gen.u_sirv_jtag_dtm/u_jtag2debug_cdc_tx/dat_dfflr/qout_r_reg[23]/C is not reached by a timing clock
Related violations: <none>

TIMING-17#493 Critical Warning
Non-clocked sequential cell  
The clock pin system_top_i/system_e203_0/inst/dut/u_e203_subsys_top/u_sirv_debug_module/jtag_dtm_gen.u_sirv_jtag_dtm/u_jtag2debug_cdc_tx/dat_dfflr/qout_r_reg[24]/C is not reached by a timing clock
Related violations: <none>

TIMING-17#494 Critical Warning
Non-clocked sequential cell  
The clock pin system_top_i/system_e203_0/inst/dut/u_e203_subsys_top/u_sirv_debug_module/jtag_dtm_gen.u_sirv_jtag_dtm/u_jtag2debug_cdc_tx/dat_dfflr/qout_r_reg[25]/C is not reached by a timing clock
Related violations: <none>

TIMING-17#495 Critical Warning
Non-clocked sequential cell  
The clock pin system_top_i/system_e203_0/inst/dut/u_e203_subsys_top/u_sirv_debug_module/jtag_dtm_gen.u_sirv_jtag_dtm/u_jtag2debug_cdc_tx/dat_dfflr/qout_r_reg[26]/C is not reached by a timing clock
Related violations: <none>

TIMING-17#496 Critical Warning
Non-clocked sequential cell  
The clock pin system_top_i/system_e203_0/inst/dut/u_e203_subsys_top/u_sirv_debug_module/jtag_dtm_gen.u_sirv_jtag_dtm/u_jtag2debug_cdc_tx/dat_dfflr/qout_r_reg[27]/C is not reached by a timing clock
Related violations: <none>

TIMING-17#497 Critical Warning
Non-clocked sequential cell  
The clock pin system_top_i/system_e203_0/inst/dut/u_e203_subsys_top/u_sirv_debug_module/jtag_dtm_gen.u_sirv_jtag_dtm/u_jtag2debug_cdc_tx/dat_dfflr/qout_r_reg[28]/C is not reached by a timing clock
Related violations: <none>

TIMING-17#498 Critical Warning
Non-clocked sequential cell  
The clock pin system_top_i/system_e203_0/inst/dut/u_e203_subsys_top/u_sirv_debug_module/jtag_dtm_gen.u_sirv_jtag_dtm/u_jtag2debug_cdc_tx/dat_dfflr/qout_r_reg[29]/C is not reached by a timing clock
Related violations: <none>

TIMING-17#499 Critical Warning
Non-clocked sequential cell  
The clock pin system_top_i/system_e203_0/inst/dut/u_e203_subsys_top/u_sirv_debug_module/jtag_dtm_gen.u_sirv_jtag_dtm/u_jtag2debug_cdc_tx/dat_dfflr/qout_r_reg[2]/C is not reached by a timing clock
Related violations: <none>

TIMING-17#500 Critical Warning
Non-clocked sequential cell  
The clock pin system_top_i/system_e203_0/inst/dut/u_e203_subsys_top/u_sirv_debug_module/jtag_dtm_gen.u_sirv_jtag_dtm/u_jtag2debug_cdc_tx/dat_dfflr/qout_r_reg[30]/C is not reached by a timing clock
Related violations: <none>

TIMING-17#501 Critical Warning
Non-clocked sequential cell  
The clock pin system_top_i/system_e203_0/inst/dut/u_e203_subsys_top/u_sirv_debug_module/jtag_dtm_gen.u_sirv_jtag_dtm/u_jtag2debug_cdc_tx/dat_dfflr/qout_r_reg[31]/C is not reached by a timing clock
Related violations: <none>

TIMING-17#502 Critical Warning
Non-clocked sequential cell  
The clock pin system_top_i/system_e203_0/inst/dut/u_e203_subsys_top/u_sirv_debug_module/jtag_dtm_gen.u_sirv_jtag_dtm/u_jtag2debug_cdc_tx/dat_dfflr/qout_r_reg[32]/C is not reached by a timing clock
Related violations: <none>

TIMING-17#503 Critical Warning
Non-clocked sequential cell  
The clock pin system_top_i/system_e203_0/inst/dut/u_e203_subsys_top/u_sirv_debug_module/jtag_dtm_gen.u_sirv_jtag_dtm/u_jtag2debug_cdc_tx/dat_dfflr/qout_r_reg[33]/C is not reached by a timing clock
Related violations: <none>

TIMING-17#504 Critical Warning
Non-clocked sequential cell  
The clock pin system_top_i/system_e203_0/inst/dut/u_e203_subsys_top/u_sirv_debug_module/jtag_dtm_gen.u_sirv_jtag_dtm/u_jtag2debug_cdc_tx/dat_dfflr/qout_r_reg[34]/C is not reached by a timing clock
Related violations: <none>

TIMING-17#505 Critical Warning
Non-clocked sequential cell  
The clock pin system_top_i/system_e203_0/inst/dut/u_e203_subsys_top/u_sirv_debug_module/jtag_dtm_gen.u_sirv_jtag_dtm/u_jtag2debug_cdc_tx/dat_dfflr/qout_r_reg[35]/C is not reached by a timing clock
Related violations: <none>

TIMING-17#506 Critical Warning
Non-clocked sequential cell  
The clock pin system_top_i/system_e203_0/inst/dut/u_e203_subsys_top/u_sirv_debug_module/jtag_dtm_gen.u_sirv_jtag_dtm/u_jtag2debug_cdc_tx/dat_dfflr/qout_r_reg[36]/C is not reached by a timing clock
Related violations: <none>

TIMING-17#507 Critical Warning
Non-clocked sequential cell  
The clock pin system_top_i/system_e203_0/inst/dut/u_e203_subsys_top/u_sirv_debug_module/jtag_dtm_gen.u_sirv_jtag_dtm/u_jtag2debug_cdc_tx/dat_dfflr/qout_r_reg[37]/C is not reached by a timing clock
Related violations: <none>

TIMING-17#508 Critical Warning
Non-clocked sequential cell  
The clock pin system_top_i/system_e203_0/inst/dut/u_e203_subsys_top/u_sirv_debug_module/jtag_dtm_gen.u_sirv_jtag_dtm/u_jtag2debug_cdc_tx/dat_dfflr/qout_r_reg[38]/C is not reached by a timing clock
Related violations: <none>

TIMING-17#509 Critical Warning
Non-clocked sequential cell  
The clock pin system_top_i/system_e203_0/inst/dut/u_e203_subsys_top/u_sirv_debug_module/jtag_dtm_gen.u_sirv_jtag_dtm/u_jtag2debug_cdc_tx/dat_dfflr/qout_r_reg[39]/C is not reached by a timing clock
Related violations: <none>

TIMING-17#510 Critical Warning
Non-clocked sequential cell  
The clock pin system_top_i/system_e203_0/inst/dut/u_e203_subsys_top/u_sirv_debug_module/jtag_dtm_gen.u_sirv_jtag_dtm/u_jtag2debug_cdc_tx/dat_dfflr/qout_r_reg[3]/C is not reached by a timing clock
Related violations: <none>

TIMING-17#511 Critical Warning
Non-clocked sequential cell  
The clock pin system_top_i/system_e203_0/inst/dut/u_e203_subsys_top/u_sirv_debug_module/jtag_dtm_gen.u_sirv_jtag_dtm/u_jtag2debug_cdc_tx/dat_dfflr/qout_r_reg[40]/C is not reached by a timing clock
Related violations: <none>

TIMING-17#512 Critical Warning
Non-clocked sequential cell  
The clock pin system_top_i/system_e203_0/inst/dut/u_e203_subsys_top/u_sirv_debug_module/jtag_dtm_gen.u_sirv_jtag_dtm/u_jtag2debug_cdc_tx/dat_dfflr/qout_r_reg[4]/C is not reached by a timing clock
Related violations: <none>

TIMING-17#513 Critical Warning
Non-clocked sequential cell  
The clock pin system_top_i/system_e203_0/inst/dut/u_e203_subsys_top/u_sirv_debug_module/jtag_dtm_gen.u_sirv_jtag_dtm/u_jtag2debug_cdc_tx/dat_dfflr/qout_r_reg[5]/C is not reached by a timing clock
Related violations: <none>

TIMING-17#514 Critical Warning
Non-clocked sequential cell  
The clock pin system_top_i/system_e203_0/inst/dut/u_e203_subsys_top/u_sirv_debug_module/jtag_dtm_gen.u_sirv_jtag_dtm/u_jtag2debug_cdc_tx/dat_dfflr/qout_r_reg[6]/C is not reached by a timing clock
Related violations: <none>

TIMING-17#515 Critical Warning
Non-clocked sequential cell  
The clock pin system_top_i/system_e203_0/inst/dut/u_e203_subsys_top/u_sirv_debug_module/jtag_dtm_gen.u_sirv_jtag_dtm/u_jtag2debug_cdc_tx/dat_dfflr/qout_r_reg[7]/C is not reached by a timing clock
Related violations: <none>

TIMING-17#516 Critical Warning
Non-clocked sequential cell  
The clock pin system_top_i/system_e203_0/inst/dut/u_e203_subsys_top/u_sirv_debug_module/jtag_dtm_gen.u_sirv_jtag_dtm/u_jtag2debug_cdc_tx/dat_dfflr/qout_r_reg[8]/C is not reached by a timing clock
Related violations: <none>

TIMING-17#517 Critical Warning
Non-clocked sequential cell  
The clock pin system_top_i/system_e203_0/inst/dut/u_e203_subsys_top/u_sirv_debug_module/jtag_dtm_gen.u_sirv_jtag_dtm/u_jtag2debug_cdc_tx/dat_dfflr/qout_r_reg[9]/C is not reached by a timing clock
Related violations: <none>

TIMING-17#518 Critical Warning
Non-clocked sequential cell  
The clock pin system_top_i/system_e203_0/inst/dut/u_e203_subsys_top/u_sirv_debug_module/jtag_dtm_gen.u_sirv_jtag_dtm/u_jtag2debug_cdc_tx/o_rdy_sync_dffr/qout_r_reg[0]/C is not reached by a timing clock
Related violations: <none>

TIMING-17#519 Critical Warning
Non-clocked sequential cell  
The clock pin system_top_i/system_e203_0/inst/dut/u_e203_subsys_top/u_sirv_debug_module/jtag_dtm_gen.u_sirv_jtag_dtm/u_jtag2debug_cdc_tx/u_o_rdy_sync/sync_gen[0].i_is_0.sync_dffr/qout_r_reg[0]/C is not reached by a timing clock
Related violations: <none>

TIMING-17#520 Critical Warning
Non-clocked sequential cell  
The clock pin system_top_i/system_e203_0/inst/dut/u_e203_subsys_top/u_sirv_debug_module/jtag_dtm_gen.u_sirv_jtag_dtm/u_jtag2debug_cdc_tx/u_o_rdy_sync/sync_gen[1].i_is_not_0.sync_dffr/qout_r_reg[0]/C is not reached by a timing clock
Related violations: <none>

TIMING-17#521 Critical Warning
Non-clocked sequential cell  
The clock pin system_top_i/system_e203_0/inst/dut/u_e203_subsys_top/u_sirv_debug_module/jtag_dtm_gen.u_sirv_jtag_dtm/u_jtag2debug_cdc_tx/vld_dfflr/qout_r_reg[0]/C is not reached by a timing clock
Related violations: <none>

TIMING-17#522 Critical Warning
Non-clocked sequential cell  
The clock pin system_top_i/system_e203_0/inst/dut/u_e203_subsys_top/u_sirv_debug_module/u_jtag_ResetCatchAndSync_3_1/reset_n_catch_reg/reg_0/q_reg/C is not reached by a timing clock
Related violations: <none>

TIMING-17#523 Critical Warning
Non-clocked sequential cell  
The clock pin system_top_i/system_e203_0/inst/dut/u_e203_subsys_top/u_sirv_debug_module/u_jtag_ResetCatchAndSync_3_1/reset_n_catch_reg/reg_1/q_reg/C is not reached by a timing clock
Related violations: <none>

TIMING-17#524 Critical Warning
Non-clocked sequential cell  
The clock pin system_top_i/system_e203_0/inst/dut/u_e203_subsys_top/u_sirv_debug_module/u_jtag_ResetCatchAndSync_3_1/reset_n_catch_reg/reg_2/q_reg/C is not reached by a timing clock
Related violations: <none>

HPDR-1#1 Warning
Port pin direction inconsistency  
Hierarchical port(pin) lcd_rgb[0] direction INOUT is not consistent with the directions of the cell pins/ports found at that level of the netlist hierarchy. Please review the design and consider changing the port(pin) direction. Both drivers and loads were expected for the net (lcd_rgb[0]) connected to this Port, but both were not found.
Related violations: <none>

HPDR-1#2 Warning
Port pin direction inconsistency  
Hierarchical port(pin) lcd_rgb[1] direction INOUT is not consistent with the directions of the cell pins/ports found at that level of the netlist hierarchy. Please review the design and consider changing the port(pin) direction. Both drivers and loads were expected for the net (lcd_rgb[1]) connected to this Port, but both were not found.
Related violations: <none>

HPDR-1#3 Warning
Port pin direction inconsistency  
Hierarchical port(pin) lcd_rgb[2] direction INOUT is not consistent with the directions of the cell pins/ports found at that level of the netlist hierarchy. Please review the design and consider changing the port(pin) direction. Both drivers and loads were expected for the net (lcd_rgb[2]) connected to this Port, but both were not found.
Related violations: <none>

HPDR-1#4 Warning
Port pin direction inconsistency  
Hierarchical port(pin) pmu_paden direction INOUT is not consistent with the directions of the cell pins/ports found at that level of the netlist hierarchy. Please review the design and consider changing the port(pin) direction. Both drivers and loads were expected for the net (pmu_paden) connected to this Port, but both were not found.
Related violations: <none>

HPDR-1#5 Warning
Port pin direction inconsistency  
Hierarchical port(pin) pmu_padrst direction INOUT is not consistent with the directions of the cell pins/ports found at that level of the netlist hierarchy. Please review the design and consider changing the port(pin) direction. Both drivers and loads were expected for the net (pmu_padrst) connected to this Port, but both were not found.
Related violations: <none>

HPDR-2#1 Warning
Port pin INOUT inconsistency  
Hierarchical port(pin) system_top_i/axi_lite_for_snake_0/lcd_rgb[0] direction INOUT is not consistent with the directions of the cell pins/ports found at that level of the netlist hierarchy. Please review the design and consider changing the port(pin) direction. Both drivers and loads were expected for the net (system_top_i/axi_lite_for_snake_0/lcd_rgb[0]) connected to this hierarchical pin/port, but both were not found.
Related violations: <none>

HPDR-2#2 Warning
Port pin INOUT inconsistency  
Hierarchical port(pin) system_top_i/axi_lite_for_snake_0/lcd_rgb[1] direction INOUT is not consistent with the directions of the cell pins/ports found at that level of the netlist hierarchy. Please review the design and consider changing the port(pin) direction. Both drivers and loads were expected for the net (system_top_i/axi_lite_for_snake_0/lcd_rgb[1]) connected to this hierarchical pin/port, but both were not found.
Related violations: <none>

HPDR-2#3 Warning
Port pin INOUT inconsistency  
Hierarchical port(pin) system_top_i/axi_lite_for_snake_0/lcd_rgb[2] direction INOUT is not consistent with the directions of the cell pins/ports found at that level of the netlist hierarchy. Please review the design and consider changing the port(pin) direction. Both drivers and loads were expected for the net (system_top_i/axi_lite_for_snake_0/lcd_rgb[2]) connected to this hierarchical pin/port, but both were not found.
Related violations: <none>

HPDR-2#4 Warning
Port pin INOUT inconsistency  
Hierarchical port(pin) system_top_i/lcd_rgb[0] direction INOUT is not consistent with the directions of the cell pins/ports found at that level of the netlist hierarchy. Please review the design and consider changing the port(pin) direction. Both drivers and loads were expected for the net (lcd_rgb_OBUF[0]) connected to this hierarchical pin/port, but both were not found.
Related violations: <none>

HPDR-2#5 Warning
Port pin INOUT inconsistency  
Hierarchical port(pin) system_top_i/lcd_rgb[1] direction INOUT is not consistent with the directions of the cell pins/ports found at that level of the netlist hierarchy. Please review the design and consider changing the port(pin) direction. Both drivers and loads were expected for the net (lcd_rgb_OBUF[1]) connected to this hierarchical pin/port, but both were not found.
Related violations: <none>

HPDR-2#6 Warning
Port pin INOUT inconsistency  
Hierarchical port(pin) system_top_i/lcd_rgb[2] direction INOUT is not consistent with the directions of the cell pins/ports found at that level of the netlist hierarchy. Please review the design and consider changing the port(pin) direction. Both drivers and loads were expected for the net (lcd_rgb_OBUF[2]) connected to this hierarchical pin/port, but both were not found.
Related violations: <none>

HPDR-2#7 Warning
Port pin INOUT inconsistency  
Hierarchical port(pin) system_top_i/pmu_paden direction INOUT is not consistent with the directions of the cell pins/ports found at that level of the netlist hierarchy. Please review the design and consider changing the port(pin) direction. Both drivers and loads were expected for the net (pmu_paden_OBUF) connected to this hierarchical pin/port, but both were not found.
Related violations: <none>

HPDR-2#8 Warning
Port pin INOUT inconsistency  
Hierarchical port(pin) system_top_i/pmu_padrst direction INOUT is not consistent with the directions of the cell pins/ports found at that level of the netlist hierarchy. Please review the design and consider changing the port(pin) direction. Both drivers and loads were expected for the net (pmu_padrst_OBUF) connected to this hierarchical pin/port, but both were not found.
Related violations: <none>

HPDR-2#9 Warning
Port pin INOUT inconsistency  
Hierarchical port(pin) system_top_i/system_e203_0/pmu_paden direction INOUT is not consistent with the directions of the cell pins/ports found at that level of the netlist hierarchy. Please review the design and consider changing the port(pin) direction. Both drivers and loads were expected for the net (system_top_i/system_e203_0/pmu_paden) connected to this hierarchical pin/port, but both were not found.
Related violations: <none>

HPDR-2#10 Warning
Port pin INOUT inconsistency  
Hierarchical port(pin) system_top_i/system_e203_0/pmu_padrst direction INOUT is not consistent with the directions of the cell pins/ports found at that level of the netlist hierarchy. Please review the design and consider changing the port(pin) direction. Both drivers and loads were expected for the net (system_top_i/system_e203_0/pmu_padrst) connected to this hierarchical pin/port, but both were not found.
Related violations: <none>

LUTAR-1#1 Warning
LUT drives async reset alert  
LUT cell system_top_i/axi_lite_for_snake_0/inst/axi_lite_for_snake_v1_0_S00_AXI_inst/lcd_rgb_snake_u/u_lcd_driver/color_reg[1]_i_3, with 2 or more inputs, drives asynchronous preset/clear pin(s) system_top_i/axi_lite_for_snake_0/inst/axi_lite_for_snake_v1_0_S00_AXI_inst/lcd_rgb_snake_u/u_snake_top/U3/color_reg[0]/PRE
system_top_i/axi_lite_for_snake_0/inst/axi_lite_for_snake_v1_0_S00_AXI_inst/lcd_rgb_snake_u/u_snake_top/U3/color_reg[1]/CLR. The LUT may glitch and trigger an unexpected reset, even if it is a properly timed path.
Related violations: <none>

LUTAR-1#2 Warning
LUT drives async reset alert  
LUT cell system_top_i/axi_lite_for_snake_0/inst/axi_lite_for_snake_v1_0_S00_AXI_inst/lcd_rgb_snake_u/u_snake_top/U3/v_all[99]_i_1, with 2 or more inputs, drives asynchronous preset/clear pin(s) system_top_i/axi_lite_for_snake_0/inst/axi_lite_for_snake_v1_0_S00_AXI_inst/lcd_rgb_snake_u/u_snake_top/U3/num_reg[0]/CLR,
system_top_i/axi_lite_for_snake_0/inst/axi_lite_for_snake_v1_0_S00_AXI_inst/lcd_rgb_snake_u/u_snake_top/U3/num_reg[0]_rep/CLR,
system_top_i/axi_lite_for_snake_0/inst/axi_lite_for_snake_v1_0_S00_AXI_inst/lcd_rgb_snake_u/u_snake_top/U3/num_reg[0]_rep__0/CLR,
system_top_i/axi_lite_for_snake_0/inst/axi_lite_for_snake_v1_0_S00_AXI_inst/lcd_rgb_snake_u/u_snake_top/U3/num_reg[0]_rep__1/CLR,
system_top_i/axi_lite_for_snake_0/inst/axi_lite_for_snake_v1_0_S00_AXI_inst/lcd_rgb_snake_u/u_snake_top/U3/num_reg[0]_rep__2/CLR,
system_top_i/axi_lite_for_snake_0/inst/axi_lite_for_snake_v1_0_S00_AXI_inst/lcd_rgb_snake_u/u_snake_top/U3/num_reg[0]_rep__3/CLR,
system_top_i/axi_lite_for_snake_0/inst/axi_lite_for_snake_v1_0_S00_AXI_inst/lcd_rgb_snake_u/u_snake_top/U3/num_reg[1]/CLR,
system_top_i/axi_lite_for_snake_0/inst/axi_lite_for_snake_v1_0_S00_AXI_inst/lcd_rgb_snake_u/u_snake_top/U3/num_reg[1]_rep/CLR,
system_top_i/axi_lite_for_snake_0/inst/axi_lite_for_snake_v1_0_S00_AXI_inst/lcd_rgb_snake_u/u_snake_top/U3/num_reg[1]_rep__0/CLR,
system_top_i/axi_lite_for_snake_0/inst/axi_lite_for_snake_v1_0_S00_AXI_inst/lcd_rgb_snake_u/u_snake_top/U3/num_reg[1]_rep__1/CLR,
system_top_i/axi_lite_for_snake_0/inst/axi_lite_for_snake_v1_0_S00_AXI_inst/lcd_rgb_snake_u/u_snake_top/U3/num_reg[1]_rep__2/CLR,
system_top_i/axi_lite_for_snake_0/inst/axi_lite_for_snake_v1_0_S00_AXI_inst/lcd_rgb_snake_u/u_snake_top/U3/num_reg[3]/CLR,
system_top_i/axi_lite_for_snake_0/inst/axi_lite_for_snake_v1_0_S00_AXI_inst/lcd_rgb_snake_u/u_snake_top/U3/num_reg[3]_rep/CLR,
system_top_i/axi_lite_for_snake_0/inst/axi_lite_for_snake_v1_0_S00_AXI_inst/lcd_rgb_snake_u/u_snake_top/U3/num_reg[3]_rep__0/CLR,
system_top_i/axi_lite_for_snake_0/inst/axi_lite_for_snake_v1_0_S00_AXI_inst/lcd_rgb_snake_u/u_snake_top/U3/num_reg[3]_rep__1/CLR
 (the first 15 of 19 listed). The LUT may glitch and trigger an unexpected reset, even if it is a properly timed path.
Related violations: <none>

LUTAR-1#3 Warning
LUT drives async reset alert  
LUT cell system_top_i/mig_7series_0/u_system_top_mig_7series_0_1_mig/u_memc_ui_top_axi/mem_intfc0/ddr_phy_top0/u_ddr_mc_phy_wrapper/u_ddr_mc_phy/ddr_phy_4lanes_0.u_ddr_phy_4lanes/rstdiv2_sync_r[11]_i_1, with 2 or more inputs, drives asynchronous preset/clear pin(s) system_top_i/mig_7series_0/u_system_top_mig_7series_0_1_mig/u_ddr3_infrastructure/rstdiv0_sync_r1_reg_rep/PRE,
system_top_i/mig_7series_0/u_system_top_mig_7series_0_1_mig/u_ddr3_infrastructure/rstdiv0_sync_r1_reg_rep__0/PRE,
system_top_i/mig_7series_0/u_system_top_mig_7series_0_1_mig/u_ddr3_infrastructure/rstdiv0_sync_r1_reg_rep__1/PRE,
system_top_i/mig_7series_0/u_system_top_mig_7series_0_1_mig/u_ddr3_infrastructure/rstdiv0_sync_r1_reg_rep__10/PRE,
system_top_i/mig_7series_0/u_system_top_mig_7series_0_1_mig/u_ddr3_infrastructure/rstdiv0_sync_r1_reg_rep__11/PRE,
system_top_i/mig_7series_0/u_system_top_mig_7series_0_1_mig/u_ddr3_infrastructure/rstdiv0_sync_r1_reg_rep__12/PRE,
system_top_i/mig_7series_0/u_system_top_mig_7series_0_1_mig/u_ddr3_infrastructure/rstdiv0_sync_r1_reg_rep__13/PRE,
system_top_i/mig_7series_0/u_system_top_mig_7series_0_1_mig/u_ddr3_infrastructure/rstdiv0_sync_r1_reg_rep__14/PRE,
system_top_i/mig_7series_0/u_system_top_mig_7series_0_1_mig/u_ddr3_infrastructure/rstdiv0_sync_r1_reg_rep__15/PRE,
system_top_i/mig_7series_0/u_system_top_mig_7series_0_1_mig/u_ddr3_infrastructure/rstdiv0_sync_r1_reg_rep__16/PRE,
system_top_i/mig_7series_0/u_system_top_mig_7series_0_1_mig/u_ddr3_infrastructure/rstdiv0_sync_r1_reg_rep__17/PRE,
system_top_i/mig_7series_0/u_system_top_mig_7series_0_1_mig/u_ddr3_infrastructure/rstdiv0_sync_r1_reg_rep__18/PRE,
system_top_i/mig_7series_0/u_system_top_mig_7series_0_1_mig/u_ddr3_infrastructure/rstdiv0_sync_r1_reg_rep__19/PRE,
system_top_i/mig_7series_0/u_system_top_mig_7series_0_1_mig/u_ddr3_infrastructure/rstdiv0_sync_r1_reg_rep__2/PRE,
system_top_i/mig_7series_0/u_system_top_mig_7series_0_1_mig/u_ddr3_infrastructure/rstdiv0_sync_r1_reg_rep__20/PRE
 (the first 15 of 36 listed). The LUT may glitch and trigger an unexpected reset, even if it is a properly timed path.
Related violations: <none>

LUTAR-1#4 Warning
LUT drives async reset alert  
LUT cell system_top_i/system_e203_0/inst/dut/u_e203_subsys_top/u_sirv_aon_top/u_sirv_aon_wrapper/u_sirv_aon/u_sirv_pmu/AsyncResetRegVec_1_1/reg_3/q_i_1__5, with 2 or more inputs, drives asynchronous preset/clear pin(s) system_top_i/system_e203_0/inst/dut/u_e203_subsys_top/u_sirv_aon_top/u_sirv_aon_wrapper/ResetCatchAndSync_1_1/reset_n_catch_reg/reg_0/q_reg/CLR,
system_top_i/system_e203_0/inst/dut/u_e203_subsys_top/u_sirv_aon_top/u_sirv_aon_wrapper/ResetCatchAndSync_1_1/reset_n_catch_reg/reg_1/q_reg/CLR
system_top_i/system_e203_0/inst/dut/u_e203_subsys_top/u_sirv_aon_top/u_sirv_aon_wrapper/ResetCatchAndSync_1_1/reset_n_catch_reg/reg_2/q_reg/CLR. The LUT may glitch and trigger an unexpected reset, even if it is a properly timed path.
Related violations: <none>

LUTAR-1#5 Warning
LUT drives async reset alert  
LUT cell system_top_i/system_e203_0/inst/dut/u_e203_subsys_top/u_sirv_aon_top/u_sirv_aon_wrapper/u_sirv_aon/wdog/AsyncResetRegVec_6_1/reg_0/q_i_1__4, with 2 or more inputs, drives asynchronous preset/clear pin(s) system_top_i/system_e203_0/inst/dut/u_e203_subsys_top/u_sirv_aon_top/u_sirv_aon_wrapper/aonrst_catch/reset_n_catch_reg/reg_0/q_reg/CLR,
system_top_i/system_e203_0/inst/dut/u_e203_subsys_top/u_sirv_aon_top/u_sirv_aon_wrapper/aonrst_catch/reset_n_catch_reg/reg_1/q_reg/CLR
system_top_i/system_e203_0/inst/dut/u_e203_subsys_top/u_sirv_aon_top/u_sirv_aon_wrapper/aonrst_catch/reset_n_catch_reg/reg_2/q_reg/CLR. The LUT may glitch and trigger an unexpected reset, even if it is a properly timed path.
Related violations: <none>

LUTAR-1#6 Warning
LUT drives async reset alert  
LUT cell system_top_i/util_vector_logic_0/Res[0]_INST_0, with 2 or more inputs, drives asynchronous preset/clear pin(s) system_top_i/clk_wiz_0/inst/mmcm_adv_inst/RST. The LUT may glitch and trigger an unexpected reset, even if it is a properly timed path.
Related violations: <none>

PDRC-190#1 Warning
Suboptimally placed synchronized register chain  
The FDRE cell system_top_i/mig_7series_0/u_system_top_mig_7series_0_1_mig/temp_mon_enabled.u_tempmon/device_temp_sync_r5_reg[0] in site SLICE_X71Y175 is part of a synchronized register chain that is suboptimally placed as the load FDRE cell system_top_i/mig_7series_0/u_system_top_mig_7series_0_1_mig/temp_mon_enabled.u_tempmon/device_temp_r_reg[0] is not placed in the same (SLICE) site.
Related violations: <none>

PDRC-190#2 Warning
Suboptimally placed synchronized register chain  
The FDRE cell system_top_i/mig_7series_0/u_system_top_mig_7series_0_1_mig/temp_mon_enabled.u_tempmon/device_temp_sync_r5_reg[10] in site SLICE_X68Y177 is part of a synchronized register chain that is suboptimally placed as the load FDRE cell system_top_i/mig_7series_0/u_system_top_mig_7series_0_1_mig/temp_mon_enabled.u_tempmon/device_temp_r_reg[10] is not placed in the same (SLICE) site.
Related violations: <none>

PDRC-190#3 Warning
Suboptimally placed synchronized register chain  
The FDRE cell system_top_i/mig_7series_0/u_system_top_mig_7series_0_1_mig/temp_mon_enabled.u_tempmon/device_temp_sync_r5_reg[11] in site SLICE_X71Y177 is part of a synchronized register chain that is suboptimally placed as the load FDRE cell system_top_i/mig_7series_0/u_system_top_mig_7series_0_1_mig/temp_mon_enabled.u_tempmon/device_temp_r_reg[11] is not placed in the same (SLICE) site.
Related violations: <none>

PDRC-190#4 Warning
Suboptimally placed synchronized register chain  
The FDRE cell system_top_i/mig_7series_0/u_system_top_mig_7series_0_1_mig/temp_mon_enabled.u_tempmon/device_temp_sync_r5_reg[1] in site SLICE_X70Y178 is part of a synchronized register chain that is suboptimally placed as the load FDRE cell system_top_i/mig_7series_0/u_system_top_mig_7series_0_1_mig/temp_mon_enabled.u_tempmon/device_temp_r_reg[1] is not placed in the same (SLICE) site.
Related violations: <none>

PDRC-190#5 Warning
Suboptimally placed synchronized register chain  
The FDRE cell system_top_i/mig_7series_0/u_system_top_mig_7series_0_1_mig/temp_mon_enabled.u_tempmon/device_temp_sync_r5_reg[2] in site SLICE_X69Y177 is part of a synchronized register chain that is suboptimally placed as the load FDRE cell system_top_i/mig_7series_0/u_system_top_mig_7series_0_1_mig/temp_mon_enabled.u_tempmon/device_temp_r_reg[2] is not placed in the same (SLICE) site.
Related violations: <none>

PDRC-190#6 Warning
Suboptimally placed synchronized register chain  
The FDRE cell system_top_i/mig_7series_0/u_system_top_mig_7series_0_1_mig/temp_mon_enabled.u_tempmon/device_temp_sync_r5_reg[3] in site SLICE_X69Y175 is part of a synchronized register chain that is suboptimally placed as the load FDRE cell system_top_i/mig_7series_0/u_system_top_mig_7series_0_1_mig/temp_mon_enabled.u_tempmon/device_temp_r_reg[3] is not placed in the same (SLICE) site.
Related violations: <none>

PDRC-190#7 Warning
Suboptimally placed synchronized register chain  
The FDRE cell system_top_i/mig_7series_0/u_system_top_mig_7series_0_1_mig/temp_mon_enabled.u_tempmon/device_temp_sync_r5_reg[4] in site SLICE_X66Y176 is part of a synchronized register chain that is suboptimally placed as the load FDRE cell system_top_i/mig_7series_0/u_system_top_mig_7series_0_1_mig/temp_mon_enabled.u_tempmon/device_temp_r_reg[4] is not placed in the same (SLICE) site.
Related violations: <none>

PDRC-190#8 Warning
Suboptimally placed synchronized register chain  
The FDRE cell system_top_i/mig_7series_0/u_system_top_mig_7series_0_1_mig/temp_mon_enabled.u_tempmon/device_temp_sync_r5_reg[5] in site SLICE_X67Y175 is part of a synchronized register chain that is suboptimally placed as the load FDRE cell system_top_i/mig_7series_0/u_system_top_mig_7series_0_1_mig/temp_mon_enabled.u_tempmon/device_temp_r_reg[5] is not placed in the same (SLICE) site.
Related violations: <none>

PDRC-190#9 Warning
Suboptimally placed synchronized register chain  
The FDRE cell system_top_i/mig_7series_0/u_system_top_mig_7series_0_1_mig/temp_mon_enabled.u_tempmon/device_temp_sync_r5_reg[6] in site SLICE_X67Y177 is part of a synchronized register chain that is suboptimally placed as the load FDRE cell system_top_i/mig_7series_0/u_system_top_mig_7series_0_1_mig/temp_mon_enabled.u_tempmon/device_temp_r_reg[6] is not placed in the same (SLICE) site.
Related violations: <none>

PDRC-190#10 Warning
Suboptimally placed synchronized register chain  
The FDRE cell system_top_i/mig_7series_0/u_system_top_mig_7series_0_1_mig/temp_mon_enabled.u_tempmon/device_temp_sync_r5_reg[7] in site SLICE_X70Y176 is part of a synchronized register chain that is suboptimally placed as the load FDRE cell system_top_i/mig_7series_0/u_system_top_mig_7series_0_1_mig/temp_mon_enabled.u_tempmon/device_temp_r_reg[7] is not placed in the same (SLICE) site.
Related violations: <none>

PDRC-190#11 Warning
Suboptimally placed synchronized register chain  
The FDRE cell system_top_i/mig_7series_0/u_system_top_mig_7series_0_1_mig/temp_mon_enabled.u_tempmon/device_temp_sync_r5_reg[8] in site SLICE_X68Y179 is part of a synchronized register chain that is suboptimally placed as the load FDRE cell system_top_i/mig_7series_0/u_system_top_mig_7series_0_1_mig/temp_mon_enabled.u_tempmon/device_temp_r_reg[8] is not placed in the same (SLICE) site.
Related violations: <none>

PDRC-190#12 Warning
Suboptimally placed synchronized register chain  
The FDRE cell system_top_i/mig_7series_0/u_system_top_mig_7series_0_1_mig/temp_mon_enabled.u_tempmon/device_temp_sync_r5_reg[9] in site SLICE_X66Y178 is part of a synchronized register chain that is suboptimally placed as the load FDRE cell system_top_i/mig_7series_0/u_system_top_mig_7series_0_1_mig/temp_mon_enabled.u_tempmon/device_temp_r_reg[9] is not placed in the same (SLICE) site.
Related violations: <none>

TIMING-18#1 Warning
Missing input or output delay  
An input delay is missing on fpga_rst relative to clock(s) CLK100MHZ
Related violations: <none>

TIMING-18#2 Warning
Missing input or output delay  
An input delay is missing on mcu_rst relative to clock(s) CLK100MHZ
Related violations: <none>

TIMING-18#3 Warning
Missing input or output delay  
An input delay is missing on mcu_wakeup relative to clock(s) sys_clk_pin
Related violations: <none>

TIMING-18#4 Warning
Missing input or output delay  
An input delay is missing on pmu_paden relative to clock(s) sys_clk_pin
Related violations: <none>

TIMING-18#5 Warning
Missing input or output delay  
An input delay is missing on pmu_padrst relative to clock(s) sys_clk_pin
Related violations: <none>

TIMING-18#6 Warning
Missing input or output delay  
An output delay is missing on DDR3_reset_n relative to clock(s) CLK100MHZ
Related violations: <none>

TIMING-20#1 Warning
Non-clocked latch  
The latch system_top_i/axi_lite_for_snake_0/inst/axi_lite_for_snake_v1_0_S00_AXI_inst/lcd_rgb_snake_u/u_snake_top/U3/color_reg[0] cannot be properly analyzed as its control pin system_top_i/axi_lite_for_snake_0/inst/axi_lite_for_snake_v1_0_S00_AXI_inst/lcd_rgb_snake_u/u_snake_top/U3/color_reg[0]/G is not reached by a timing clock
Related violations: <none>

TIMING-20#2 Warning
Non-clocked latch  
The latch system_top_i/axi_lite_for_snake_0/inst/axi_lite_for_snake_v1_0_S00_AXI_inst/lcd_rgb_snake_u/u_snake_top/U3/color_reg[1] cannot be properly analyzed as its control pin system_top_i/axi_lite_for_snake_0/inst/axi_lite_for_snake_v1_0_S00_AXI_inst/lcd_rgb_snake_u/u_snake_top/U3/color_reg[1]/G is not reached by a timing clock
Related violations: <none>

TIMING-20#3 Warning
Non-clocked latch  
The latch system_top_i/system_e203_0/inst/dut/u_e203_subsys_top/u_e203_subsys_main/u_e203_subsys_perips/u_perips_apb_uart0/fifo_tx_data_reg[0] cannot be properly analyzed as its control pin system_top_i/system_e203_0/inst/dut/u_e203_subsys_top/u_e203_subsys_main/u_e203_subsys_perips/u_perips_apb_uart0/fifo_tx_data_reg[0]/G is not reached by a timing clock
Related violations: <none>

TIMING-20#4 Warning
Non-clocked latch  
The latch system_top_i/system_e203_0/inst/dut/u_e203_subsys_top/u_e203_subsys_main/u_e203_subsys_perips/u_perips_apb_uart0/fifo_tx_data_reg[1] cannot be properly analyzed as its control pin system_top_i/system_e203_0/inst/dut/u_e203_subsys_top/u_e203_subsys_main/u_e203_subsys_perips/u_perips_apb_uart0/fifo_tx_data_reg[1]/G is not reached by a timing clock
Related violations: <none>

TIMING-20#5 Warning
Non-clocked latch  
The latch system_top_i/system_e203_0/inst/dut/u_e203_subsys_top/u_e203_subsys_main/u_e203_subsys_perips/u_perips_apb_uart0/fifo_tx_data_reg[2] cannot be properly analyzed as its control pin system_top_i/system_e203_0/inst/dut/u_e203_subsys_top/u_e203_subsys_main/u_e203_subsys_perips/u_perips_apb_uart0/fifo_tx_data_reg[2]/G is not reached by a timing clock
Related violations: <none>

TIMING-20#6 Warning
Non-clocked latch  
The latch system_top_i/system_e203_0/inst/dut/u_e203_subsys_top/u_e203_subsys_main/u_e203_subsys_perips/u_perips_apb_uart0/fifo_tx_data_reg[3] cannot be properly analyzed as its control pin system_top_i/system_e203_0/inst/dut/u_e203_subsys_top/u_e203_subsys_main/u_e203_subsys_perips/u_perips_apb_uart0/fifo_tx_data_reg[3]/G is not reached by a timing clock
Related violations: <none>

TIMING-20#7 Warning
Non-clocked latch  
The latch system_top_i/system_e203_0/inst/dut/u_e203_subsys_top/u_e203_subsys_main/u_e203_subsys_perips/u_perips_apb_uart0/fifo_tx_data_reg[4] cannot be properly analyzed as its control pin system_top_i/system_e203_0/inst/dut/u_e203_subsys_top/u_e203_subsys_main/u_e203_subsys_perips/u_perips_apb_uart0/fifo_tx_data_reg[4]/G is not reached by a timing clock
Related violations: <none>

TIMING-20#8 Warning
Non-clocked latch  
The latch system_top_i/system_e203_0/inst/dut/u_e203_subsys_top/u_e203_subsys_main/u_e203_subsys_perips/u_perips_apb_uart0/fifo_tx_data_reg[5] cannot be properly analyzed as its control pin system_top_i/system_e203_0/inst/dut/u_e203_subsys_top/u_e203_subsys_main/u_e203_subsys_perips/u_perips_apb_uart0/fifo_tx_data_reg[5]/G is not reached by a timing clock
Related violations: <none>

TIMING-20#9 Warning
Non-clocked latch  
The latch system_top_i/system_e203_0/inst/dut/u_e203_subsys_top/u_e203_subsys_main/u_e203_subsys_perips/u_perips_apb_uart0/fifo_tx_data_reg[6] cannot be properly analyzed as its control pin system_top_i/system_e203_0/inst/dut/u_e203_subsys_top/u_e203_subsys_main/u_e203_subsys_perips/u_perips_apb_uart0/fifo_tx_data_reg[6]/G is not reached by a timing clock
Related violations: <none>

TIMING-20#10 Warning
Non-clocked latch  
The latch system_top_i/system_e203_0/inst/dut/u_e203_subsys_top/u_e203_subsys_main/u_e203_subsys_perips/u_perips_apb_uart0/fifo_tx_data_reg[7] cannot be properly analyzed as its control pin system_top_i/system_e203_0/inst/dut/u_e203_subsys_top/u_e203_subsys_main/u_e203_subsys_perips/u_perips_apb_uart0/fifo_tx_data_reg[7]/G is not reached by a timing clock
Related violations: <none>

TIMING-20#11 Warning
Non-clocked latch  
The latch system_top_i/system_e203_0/inst/dut/u_e203_subsys_top/u_e203_subsys_main/u_e203_subsys_perips/u_perips_apb_uart1/fifo_tx_data_reg[0] cannot be properly analyzed as its control pin system_top_i/system_e203_0/inst/dut/u_e203_subsys_top/u_e203_subsys_main/u_e203_subsys_perips/u_perips_apb_uart1/fifo_tx_data_reg[0]/G is not reached by a timing clock
Related violations: <none>

TIMING-20#12 Warning
Non-clocked latch  
The latch system_top_i/system_e203_0/inst/dut/u_e203_subsys_top/u_e203_subsys_main/u_e203_subsys_perips/u_perips_apb_uart1/fifo_tx_data_reg[1] cannot be properly analyzed as its control pin system_top_i/system_e203_0/inst/dut/u_e203_subsys_top/u_e203_subsys_main/u_e203_subsys_perips/u_perips_apb_uart1/fifo_tx_data_reg[1]/G is not reached by a timing clock
Related violations: <none>

TIMING-20#13 Warning
Non-clocked latch  
The latch system_top_i/system_e203_0/inst/dut/u_e203_subsys_top/u_e203_subsys_main/u_e203_subsys_perips/u_perips_apb_uart1/fifo_tx_data_reg[2] cannot be properly analyzed as its control pin system_top_i/system_e203_0/inst/dut/u_e203_subsys_top/u_e203_subsys_main/u_e203_subsys_perips/u_perips_apb_uart1/fifo_tx_data_reg[2]/G is not reached by a timing clock
Related violations: <none>

TIMING-20#14 Warning
Non-clocked latch  
The latch system_top_i/system_e203_0/inst/dut/u_e203_subsys_top/u_e203_subsys_main/u_e203_subsys_perips/u_perips_apb_uart1/fifo_tx_data_reg[3] cannot be properly analyzed as its control pin system_top_i/system_e203_0/inst/dut/u_e203_subsys_top/u_e203_subsys_main/u_e203_subsys_perips/u_perips_apb_uart1/fifo_tx_data_reg[3]/G is not reached by a timing clock
Related violations: <none>

TIMING-20#15 Warning
Non-clocked latch  
The latch system_top_i/system_e203_0/inst/dut/u_e203_subsys_top/u_e203_subsys_main/u_e203_subsys_perips/u_perips_apb_uart1/fifo_tx_data_reg[4] cannot be properly analyzed as its control pin system_top_i/system_e203_0/inst/dut/u_e203_subsys_top/u_e203_subsys_main/u_e203_subsys_perips/u_perips_apb_uart1/fifo_tx_data_reg[4]/G is not reached by a timing clock
Related violations: <none>

TIMING-20#16 Warning
Non-clocked latch  
The latch system_top_i/system_e203_0/inst/dut/u_e203_subsys_top/u_e203_subsys_main/u_e203_subsys_perips/u_perips_apb_uart1/fifo_tx_data_reg[5] cannot be properly analyzed as its control pin system_top_i/system_e203_0/inst/dut/u_e203_subsys_top/u_e203_subsys_main/u_e203_subsys_perips/u_perips_apb_uart1/fifo_tx_data_reg[5]/G is not reached by a timing clock
Related violations: <none>

TIMING-20#17 Warning
Non-clocked latch  
The latch system_top_i/system_e203_0/inst/dut/u_e203_subsys_top/u_e203_subsys_main/u_e203_subsys_perips/u_perips_apb_uart1/fifo_tx_data_reg[6] cannot be properly analyzed as its control pin system_top_i/system_e203_0/inst/dut/u_e203_subsys_top/u_e203_subsys_main/u_e203_subsys_perips/u_perips_apb_uart1/fifo_tx_data_reg[6]/G is not reached by a timing clock
Related violations: <none>

TIMING-20#18 Warning
Non-clocked latch  
The latch system_top_i/system_e203_0/inst/dut/u_e203_subsys_top/u_e203_subsys_main/u_e203_subsys_perips/u_perips_apb_uart1/fifo_tx_data_reg[7] cannot be properly analyzed as its control pin system_top_i/system_e203_0/inst/dut/u_e203_subsys_top/u_e203_subsys_main/u_e203_subsys_perips/u_perips_apb_uart1/fifo_tx_data_reg[7]/G is not reached by a timing clock
Related violations: <none>

TIMING-20#19 Warning
Non-clocked latch  
The latch system_top_i/system_e203_0/inst/dut/u_e203_subsys_top/u_e203_subsys_main/u_e203_subsys_perips/u_perips_apb_uart2/fifo_tx_data_reg[0] cannot be properly analyzed as its control pin system_top_i/system_e203_0/inst/dut/u_e203_subsys_top/u_e203_subsys_main/u_e203_subsys_perips/u_perips_apb_uart2/fifo_tx_data_reg[0]/G is not reached by a timing clock
Related violations: <none>

TIMING-20#20 Warning
Non-clocked latch  
The latch system_top_i/system_e203_0/inst/dut/u_e203_subsys_top/u_e203_subsys_main/u_e203_subsys_perips/u_perips_apb_uart2/fifo_tx_data_reg[1] cannot be properly analyzed as its control pin system_top_i/system_e203_0/inst/dut/u_e203_subsys_top/u_e203_subsys_main/u_e203_subsys_perips/u_perips_apb_uart2/fifo_tx_data_reg[1]/G is not reached by a timing clock
Related violations: <none>

TIMING-20#21 Warning
Non-clocked latch  
The latch system_top_i/system_e203_0/inst/dut/u_e203_subsys_top/u_e203_subsys_main/u_e203_subsys_perips/u_perips_apb_uart2/fifo_tx_data_reg[2] cannot be properly analyzed as its control pin system_top_i/system_e203_0/inst/dut/u_e203_subsys_top/u_e203_subsys_main/u_e203_subsys_perips/u_perips_apb_uart2/fifo_tx_data_reg[2]/G is not reached by a timing clock
Related violations: <none>

TIMING-20#22 Warning
Non-clocked latch  
The latch system_top_i/system_e203_0/inst/dut/u_e203_subsys_top/u_e203_subsys_main/u_e203_subsys_perips/u_perips_apb_uart2/fifo_tx_data_reg[3] cannot be properly analyzed as its control pin system_top_i/system_e203_0/inst/dut/u_e203_subsys_top/u_e203_subsys_main/u_e203_subsys_perips/u_perips_apb_uart2/fifo_tx_data_reg[3]/G is not reached by a timing clock
Related violations: <none>

TIMING-20#23 Warning
Non-clocked latch  
The latch system_top_i/system_e203_0/inst/dut/u_e203_subsys_top/u_e203_subsys_main/u_e203_subsys_perips/u_perips_apb_uart2/fifo_tx_data_reg[4] cannot be properly analyzed as its control pin system_top_i/system_e203_0/inst/dut/u_e203_subsys_top/u_e203_subsys_main/u_e203_subsys_perips/u_perips_apb_uart2/fifo_tx_data_reg[4]/G is not reached by a timing clock
Related violations: <none>

TIMING-20#24 Warning
Non-clocked latch  
The latch system_top_i/system_e203_0/inst/dut/u_e203_subsys_top/u_e203_subsys_main/u_e203_subsys_perips/u_perips_apb_uart2/fifo_tx_data_reg[5] cannot be properly analyzed as its control pin system_top_i/system_e203_0/inst/dut/u_e203_subsys_top/u_e203_subsys_main/u_e203_subsys_perips/u_perips_apb_uart2/fifo_tx_data_reg[5]/G is not reached by a timing clock
Related violations: <none>

TIMING-20#25 Warning
Non-clocked latch  
The latch system_top_i/system_e203_0/inst/dut/u_e203_subsys_top/u_e203_subsys_main/u_e203_subsys_perips/u_perips_apb_uart2/fifo_tx_data_reg[6] cannot be properly analyzed as its control pin system_top_i/system_e203_0/inst/dut/u_e203_subsys_top/u_e203_subsys_main/u_e203_subsys_perips/u_perips_apb_uart2/fifo_tx_data_reg[6]/G is not reached by a timing clock
Related violations: <none>

TIMING-20#26 Warning
Non-clocked latch  
The latch system_top_i/system_e203_0/inst/dut/u_e203_subsys_top/u_e203_subsys_main/u_e203_subsys_perips/u_perips_apb_uart2/fifo_tx_data_reg[7] cannot be properly analyzed as its control pin system_top_i/system_e203_0/inst/dut/u_e203_subsys_top/u_e203_subsys_main/u_e203_subsys_perips/u_perips_apb_uart2/fifo_tx_data_reg[7]/G is not reached by a timing clock
Related violations: <none>

XDCB-5#1 Warning
Runtime inefficient way to find pin objects  
The option '-to : [get_pins -hier -include_replicated_objects -filter {NAME =~ *temp_mon_enabled.u_tempmon/device_temp_sync_r1_reg[*]/D}]' of constraint 'set_max_delay' uses inefficient query to find pin objects (see constraint position '10' in the Timing Constraint window in Vivado IDE). To reduce runtime, it is recommended to get the pins through the cell objects. Please refer to Using Constraints Guide (Constraints Efficiency). An example of optimal query is: get_pins -filter {REF_PIN_NAME=~yy*} -of_objects [get_cells -hierarchical xx*].
Current XDC: e:/Desktop/my_git/e203_zs/prj/sys_top_bd/sys_top_bd.gen/sources_1/bd/system_top/ip/system_top_mig_7series_0_1_1/system_top_mig_7series_0_1/user_design/constraints/system_top_mig_7series_0_1.xdc (Line: 500)
Related violations: <none>

XDCC-4#1 Warning
User Clock constraint overwritten with the same name  
A new clock constraint create_clock overrides a previous user clock constraint with the same name.
New: create_clock -period 30517.580 -name sys_clk_pin -waveform {0.000 15258.790} -add [get_ports CLK32768KHZ] (Source: E:/Desktop/my_git/e203_zs/constrs/nuclei-master.xdc (Line: 21))
Previous: create_clock -period 10.000 -name sys_clk_pin -waveform {0.000 5.000} -add [get_ports CLK100MHZ] (Source: E:/Desktop/my_git/e203_zs/constrs/nuclei-master.xdc (Line: 18))
Related violations: <none>

REQP-1959#1 Advisory
connects_SERDES_RST_driver_not_FF  
system_top_i/mig_7series_0/u_system_top_mig_7series_0_1_mig/u_memc_ui_top_axi/mem_intfc0/ddr_phy_top0/u_ddr_mc_phy_wrapper/u_ddr_mc_phy/ddr_phy_4lanes_0.u_ddr_phy_4lanes/ddr_byte_lane_A.ddr_byte_lane_A/ddr_byte_group_io/input_[0].iserdes_dq_.iserdesdq: The RST pin should only be driven by a Flip-flop.
Related violations: <none>

REQP-1959#2 Advisory
connects_SERDES_RST_driver_not_FF  
system_top_i/mig_7series_0/u_system_top_mig_7series_0_1_mig/u_memc_ui_top_axi/mem_intfc0/ddr_phy_top0/u_ddr_mc_phy_wrapper/u_ddr_mc_phy/ddr_phy_4lanes_0.u_ddr_phy_4lanes/ddr_byte_lane_A.ddr_byte_lane_A/ddr_byte_group_io/input_[1].iserdes_dq_.iserdesdq: The RST pin should only be driven by a Flip-flop.
Related violations: <none>

REQP-1959#3 Advisory
connects_SERDES_RST_driver_not_FF  
system_top_i/mig_7series_0/u_system_top_mig_7series_0_1_mig/u_memc_ui_top_axi/mem_intfc0/ddr_phy_top0/u_ddr_mc_phy_wrapper/u_ddr_mc_phy/ddr_phy_4lanes_0.u_ddr_phy_4lanes/ddr_byte_lane_A.ddr_byte_lane_A/ddr_byte_group_io/input_[3].iserdes_dq_.iserdesdq: The RST pin should only be driven by a Flip-flop.
Related violations: <none>

REQP-1959#4 Advisory
connects_SERDES_RST_driver_not_FF  
system_top_i/mig_7series_0/u_system_top_mig_7series_0_1_mig/u_memc_ui_top_axi/mem_intfc0/ddr_phy_top0/u_ddr_mc_phy_wrapper/u_ddr_mc_phy/ddr_phy_4lanes_0.u_ddr_phy_4lanes/ddr_byte_lane_A.ddr_byte_lane_A/ddr_byte_group_io/input_[4].iserdes_dq_.iserdesdq: The RST pin should only be driven by a Flip-flop.
Related violations: <none>

REQP-1959#5 Advisory
connects_SERDES_RST_driver_not_FF  
system_top_i/mig_7series_0/u_system_top_mig_7series_0_1_mig/u_memc_ui_top_axi/mem_intfc0/ddr_phy_top0/u_ddr_mc_phy_wrapper/u_ddr_mc_phy/ddr_phy_4lanes_0.u_ddr_phy_4lanes/ddr_byte_lane_A.ddr_byte_lane_A/ddr_byte_group_io/input_[5].iserdes_dq_.iserdesdq: The RST pin should only be driven by a Flip-flop.
Related violations: <none>

REQP-1959#6 Advisory
connects_SERDES_RST_driver_not_FF  
system_top_i/mig_7series_0/u_system_top_mig_7series_0_1_mig/u_memc_ui_top_axi/mem_intfc0/ddr_phy_top0/u_ddr_mc_phy_wrapper/u_ddr_mc_phy/ddr_phy_4lanes_0.u_ddr_phy_4lanes/ddr_byte_lane_A.ddr_byte_lane_A/ddr_byte_group_io/input_[6].iserdes_dq_.iserdesdq: The RST pin should only be driven by a Flip-flop.
Related violations: <none>

REQP-1959#7 Advisory
connects_SERDES_RST_driver_not_FF  
system_top_i/mig_7series_0/u_system_top_mig_7series_0_1_mig/u_memc_ui_top_axi/mem_intfc0/ddr_phy_top0/u_ddr_mc_phy_wrapper/u_ddr_mc_phy/ddr_phy_4lanes_0.u_ddr_phy_4lanes/ddr_byte_lane_A.ddr_byte_lane_A/ddr_byte_group_io/input_[7].iserdes_dq_.iserdesdq: The RST pin should only be driven by a Flip-flop.
Related violations: <none>

REQP-1959#8 Advisory
connects_SERDES_RST_driver_not_FF  
system_top_i/mig_7series_0/u_system_top_mig_7series_0_1_mig/u_memc_ui_top_axi/mem_intfc0/ddr_phy_top0/u_ddr_mc_phy_wrapper/u_ddr_mc_phy/ddr_phy_4lanes_0.u_ddr_phy_4lanes/ddr_byte_lane_A.ddr_byte_lane_A/ddr_byte_group_io/input_[9].iserdes_dq_.iserdesdq: The RST pin should only be driven by a Flip-flop.
Related violations: <none>

REQP-1959#9 Advisory
connects_SERDES_RST_driver_not_FF  
system_top_i/mig_7series_0/u_system_top_mig_7series_0_1_mig/u_memc_ui_top_axi/mem_intfc0/ddr_phy_top0/u_ddr_mc_phy_wrapper/u_ddr_mc_phy/ddr_phy_4lanes_0.u_ddr_phy_4lanes/ddr_byte_lane_B.ddr_byte_lane_B/ddr_byte_group_io/input_[0].iserdes_dq_.iserdesdq: The RST pin should only be driven by a Flip-flop.
Related violations: <none>

REQP-1959#10 Advisory
connects_SERDES_RST_driver_not_FF  
system_top_i/mig_7series_0/u_system_top_mig_7series_0_1_mig/u_memc_ui_top_axi/mem_intfc0/ddr_phy_top0/u_ddr_mc_phy_wrapper/u_ddr_mc_phy/ddr_phy_4lanes_0.u_ddr_phy_4lanes/ddr_byte_lane_B.ddr_byte_lane_B/ddr_byte_group_io/input_[1].iserdes_dq_.iserdesdq: The RST pin should only be driven by a Flip-flop.
Related violations: <none>

REQP-1959#11 Advisory
connects_SERDES_RST_driver_not_FF  
system_top_i/mig_7series_0/u_system_top_mig_7series_0_1_mig/u_memc_ui_top_axi/mem_intfc0/ddr_phy_top0/u_ddr_mc_phy_wrapper/u_ddr_mc_phy/ddr_phy_4lanes_0.u_ddr_phy_4lanes/ddr_byte_lane_B.ddr_byte_lane_B/ddr_byte_group_io/input_[2].iserdes_dq_.iserdesdq: The RST pin should only be driven by a Flip-flop.
Related violations: <none>

REQP-1959#12 Advisory
connects_SERDES_RST_driver_not_FF  
system_top_i/mig_7series_0/u_system_top_mig_7series_0_1_mig/u_memc_ui_top_axi/mem_intfc0/ddr_phy_top0/u_ddr_mc_phy_wrapper/u_ddr_mc_phy/ddr_phy_4lanes_0.u_ddr_phy_4lanes/ddr_byte_lane_B.ddr_byte_lane_B/ddr_byte_group_io/input_[3].iserdes_dq_.iserdesdq: The RST pin should only be driven by a Flip-flop.
Related violations: <none>

REQP-1959#13 Advisory
connects_SERDES_RST_driver_not_FF  
system_top_i/mig_7series_0/u_system_top_mig_7series_0_1_mig/u_memc_ui_top_axi/mem_intfc0/ddr_phy_top0/u_ddr_mc_phy_wrapper/u_ddr_mc_phy/ddr_phy_4lanes_0.u_ddr_phy_4lanes/ddr_byte_lane_B.ddr_byte_lane_B/ddr_byte_group_io/input_[5].iserdes_dq_.iserdesdq: The RST pin should only be driven by a Flip-flop.
Related violations: <none>

REQP-1959#14 Advisory
connects_SERDES_RST_driver_not_FF  
system_top_i/mig_7series_0/u_system_top_mig_7series_0_1_mig/u_memc_ui_top_axi/mem_intfc0/ddr_phy_top0/u_ddr_mc_phy_wrapper/u_ddr_mc_phy/ddr_phy_4lanes_0.u_ddr_phy_4lanes/ddr_byte_lane_B.ddr_byte_lane_B/ddr_byte_group_io/input_[6].iserdes_dq_.iserdesdq: The RST pin should only be driven by a Flip-flop.
Related violations: <none>

REQP-1959#15 Advisory
connects_SERDES_RST_driver_not_FF  
system_top_i/mig_7series_0/u_system_top_mig_7series_0_1_mig/u_memc_ui_top_axi/mem_intfc0/ddr_phy_top0/u_ddr_mc_phy_wrapper/u_ddr_mc_phy/ddr_phy_4lanes_0.u_ddr_phy_4lanes/ddr_byte_lane_B.ddr_byte_lane_B/ddr_byte_group_io/input_[7].iserdes_dq_.iserdesdq: The RST pin should only be driven by a Flip-flop.
Related violations: <none>

REQP-1959#16 Advisory
connects_SERDES_RST_driver_not_FF  
system_top_i/mig_7series_0/u_system_top_mig_7series_0_1_mig/u_memc_ui_top_axi/mem_intfc0/ddr_phy_top0/u_ddr_mc_phy_wrapper/u_ddr_mc_phy/ddr_phy_4lanes_0.u_ddr_phy_4lanes/ddr_byte_lane_B.ddr_byte_lane_B/ddr_byte_group_io/input_[8].iserdes_dq_.iserdesdq: The RST pin should only be driven by a Flip-flop.
Related violations: <none>

REQP-1959#17 Advisory
connects_SERDES_RST_driver_not_FF  
system_top_i/mig_7series_0/u_system_top_mig_7series_0_1_mig/u_memc_ui_top_axi/mem_intfc0/ddr_phy_top0/u_ddr_mc_phy_wrapper/u_ddr_mc_phy/ddr_phy_4lanes_0.u_ddr_phy_4lanes/ddr_byte_lane_C.ddr_byte_lane_C/ddr_byte_group_io/input_[1].iserdes_dq_.iserdesdq: The RST pin should only be driven by a Flip-flop.
Related violations: <none>

REQP-1959#18 Advisory
connects_SERDES_RST_driver_not_FF  
system_top_i/mig_7series_0/u_system_top_mig_7series_0_1_mig/u_memc_ui_top_axi/mem_intfc0/ddr_phy_top0/u_ddr_mc_phy_wrapper/u_ddr_mc_phy/ddr_phy_4lanes_0.u_ddr_phy_4lanes/ddr_byte_lane_C.ddr_byte_lane_C/ddr_byte_group_io/input_[2].iserdes_dq_.iserdesdq: The RST pin should only be driven by a Flip-flop.
Related violations: <none>

REQP-1959#19 Advisory
connects_SERDES_RST_driver_not_FF  
system_top_i/mig_7series_0/u_system_top_mig_7series_0_1_mig/u_memc_ui_top_axi/mem_intfc0/ddr_phy_top0/u_ddr_mc_phy_wrapper/u_ddr_mc_phy/ddr_phy_4lanes_0.u_ddr_phy_4lanes/ddr_byte_lane_C.ddr_byte_lane_C/ddr_byte_group_io/input_[3].iserdes_dq_.iserdesdq: The RST pin should only be driven by a Flip-flop.
Related violations: <none>

REQP-1959#20 Advisory
connects_SERDES_RST_driver_not_FF  
system_top_i/mig_7series_0/u_system_top_mig_7series_0_1_mig/u_memc_ui_top_axi/mem_intfc0/ddr_phy_top0/u_ddr_mc_phy_wrapper/u_ddr_mc_phy/ddr_phy_4lanes_0.u_ddr_phy_4lanes/ddr_byte_lane_C.ddr_byte_lane_C/ddr_byte_group_io/input_[4].iserdes_dq_.iserdesdq: The RST pin should only be driven by a Flip-flop.
Related violations: <none>

REQP-1959#21 Advisory
connects_SERDES_RST_driver_not_FF  
system_top_i/mig_7series_0/u_system_top_mig_7series_0_1_mig/u_memc_ui_top_axi/mem_intfc0/ddr_phy_top0/u_ddr_mc_phy_wrapper/u_ddr_mc_phy/ddr_phy_4lanes_0.u_ddr_phy_4lanes/ddr_byte_lane_C.ddr_byte_lane_C/ddr_byte_group_io/input_[5].iserdes_dq_.iserdesdq: The RST pin should only be driven by a Flip-flop.
Related violations: <none>

REQP-1959#22 Advisory
connects_SERDES_RST_driver_not_FF  
system_top_i/mig_7series_0/u_system_top_mig_7series_0_1_mig/u_memc_ui_top_axi/mem_intfc0/ddr_phy_top0/u_ddr_mc_phy_wrapper/u_ddr_mc_phy/ddr_phy_4lanes_0.u_ddr_phy_4lanes/ddr_byte_lane_C.ddr_byte_lane_C/ddr_byte_group_io/input_[7].iserdes_dq_.iserdesdq: The RST pin should only be driven by a Flip-flop.
Related violations: <none>

REQP-1959#23 Advisory
connects_SERDES_RST_driver_not_FF  
system_top_i/mig_7series_0/u_system_top_mig_7series_0_1_mig/u_memc_ui_top_axi/mem_intfc0/ddr_phy_top0/u_ddr_mc_phy_wrapper/u_ddr_mc_phy/ddr_phy_4lanes_0.u_ddr_phy_4lanes/ddr_byte_lane_C.ddr_byte_lane_C/ddr_byte_group_io/input_[8].iserdes_dq_.iserdesdq: The RST pin should only be driven by a Flip-flop.
Related violations: <none>

REQP-1959#24 Advisory
connects_SERDES_RST_driver_not_FF  
system_top_i/mig_7series_0/u_system_top_mig_7series_0_1_mig/u_memc_ui_top_axi/mem_intfc0/ddr_phy_top0/u_ddr_mc_phy_wrapper/u_ddr_mc_phy/ddr_phy_4lanes_0.u_ddr_phy_4lanes/ddr_byte_lane_C.ddr_byte_lane_C/ddr_byte_group_io/input_[9].iserdes_dq_.iserdesdq: The RST pin should only be driven by a Flip-flop.
Related violations: <none>

REQP-1959#25 Advisory
connects_SERDES_RST_driver_not_FF  
system_top_i/mig_7series_0/u_system_top_mig_7series_0_1_mig/u_memc_ui_top_axi/mem_intfc0/ddr_phy_top0/u_ddr_mc_phy_wrapper/u_ddr_mc_phy/ddr_phy_4lanes_0.u_ddr_phy_4lanes/ddr_byte_lane_D.ddr_byte_lane_D/ddr_byte_group_io/input_[1].iserdes_dq_.iserdesdq: The RST pin should only be driven by a Flip-flop.
Related violations: <none>

REQP-1959#26 Advisory
connects_SERDES_RST_driver_not_FF  
system_top_i/mig_7series_0/u_system_top_mig_7series_0_1_mig/u_memc_ui_top_axi/mem_intfc0/ddr_phy_top0/u_ddr_mc_phy_wrapper/u_ddr_mc_phy/ddr_phy_4lanes_0.u_ddr_phy_4lanes/ddr_byte_lane_D.ddr_byte_lane_D/ddr_byte_group_io/input_[2].iserdes_dq_.iserdesdq: The RST pin should only be driven by a Flip-flop.
Related violations: <none>

REQP-1959#27 Advisory
connects_SERDES_RST_driver_not_FF  
system_top_i/mig_7series_0/u_system_top_mig_7series_0_1_mig/u_memc_ui_top_axi/mem_intfc0/ddr_phy_top0/u_ddr_mc_phy_wrapper/u_ddr_mc_phy/ddr_phy_4lanes_0.u_ddr_phy_4lanes/ddr_byte_lane_D.ddr_byte_lane_D/ddr_byte_group_io/input_[3].iserdes_dq_.iserdesdq: The RST pin should only be driven by a Flip-flop.
Related violations: <none>

REQP-1959#28 Advisory
connects_SERDES_RST_driver_not_FF  
system_top_i/mig_7series_0/u_system_top_mig_7series_0_1_mig/u_memc_ui_top_axi/mem_intfc0/ddr_phy_top0/u_ddr_mc_phy_wrapper/u_ddr_mc_phy/ddr_phy_4lanes_0.u_ddr_phy_4lanes/ddr_byte_lane_D.ddr_byte_lane_D/ddr_byte_group_io/input_[5].iserdes_dq_.iserdesdq: The RST pin should only be driven by a Flip-flop.
Related violations: <none>

REQP-1959#29 Advisory
connects_SERDES_RST_driver_not_FF  
system_top_i/mig_7series_0/u_system_top_mig_7series_0_1_mig/u_memc_ui_top_axi/mem_intfc0/ddr_phy_top0/u_ddr_mc_phy_wrapper/u_ddr_mc_phy/ddr_phy_4lanes_0.u_ddr_phy_4lanes/ddr_byte_lane_D.ddr_byte_lane_D/ddr_byte_group_io/input_[6].iserdes_dq_.iserdesdq: The RST pin should only be driven by a Flip-flop.
Related violations: <none>

REQP-1959#30 Advisory
connects_SERDES_RST_driver_not_FF  
system_top_i/mig_7series_0/u_system_top_mig_7series_0_1_mig/u_memc_ui_top_axi/mem_intfc0/ddr_phy_top0/u_ddr_mc_phy_wrapper/u_ddr_mc_phy/ddr_phy_4lanes_0.u_ddr_phy_4lanes/ddr_byte_lane_D.ddr_byte_lane_D/ddr_byte_group_io/input_[7].iserdes_dq_.iserdesdq: The RST pin should only be driven by a Flip-flop.
Related violations: <none>

REQP-1959#31 Advisory
connects_SERDES_RST_driver_not_FF  
system_top_i/mig_7series_0/u_system_top_mig_7series_0_1_mig/u_memc_ui_top_axi/mem_intfc0/ddr_phy_top0/u_ddr_mc_phy_wrapper/u_ddr_mc_phy/ddr_phy_4lanes_0.u_ddr_phy_4lanes/ddr_byte_lane_D.ddr_byte_lane_D/ddr_byte_group_io/input_[8].iserdes_dq_.iserdesdq: The RST pin should only be driven by a Flip-flop.
Related violations: <none>

REQP-1959#32 Advisory
connects_SERDES_RST_driver_not_FF  
system_top_i/mig_7series_0/u_system_top_mig_7series_0_1_mig/u_memc_ui_top_axi/mem_intfc0/ddr_phy_top0/u_ddr_mc_phy_wrapper/u_ddr_mc_phy/ddr_phy_4lanes_0.u_ddr_phy_4lanes/ddr_byte_lane_D.ddr_byte_lane_D/ddr_byte_group_io/input_[9].iserdes_dq_.iserdesdq: The RST pin should only be driven by a Flip-flop.
Related violations: <none>


