Copyright 1986-2020 Xilinx, Inc. All Rights Reserved.
---------------------------------------------------------------------------------------------------------------------------------------------------------------------------------------
| Tool Version : Vivado v.2020.2 (win64) Build 3064766 Wed Nov 18 09:12:45 MST 2020
| Date         : Sat Apr  5 14:38:25 2025
| Host         : Lab running 64-bit major release  (build 9200)
| Command      : report_bus_skew -warn_on_violation -file system_top_wrapper_bus_skew_routed.rpt -pb system_top_wrapper_bus_skew_routed.pb -rpx system_top_wrapper_bus_skew_routed.rpx
| Design       : system_top_wrapper
| Device       : 7a200t-fbg484
| Speed File   : -2  PRODUCTION 1.23 2018-06-13
---------------------------------------------------------------------------------------------------------------------------------------------------------------------------------------

Bus Skew Report

Table of Contents
-----------------
1. Bus Skew Report Summary
2. Bus Skew Report Per Constraint

1. Bus Skew Report Summary
--------------------------

Id  Position  From                            To                              Corner  Requirement(ns)  Actual(ns)  Slack(ns)
--  --------  ------------------------------  ------------------------------  ------  ---------------  ----------  ---------
1   30        [get_cells [list {system_top_i/axi_interconnect_0/m00_couplers/auto_cc/inst/gen_clock_conv.gen_async_conv.asyncfifo_axi/inst_fifo_gen/gaxi_full_lite.gread_ch.grdch2.axi_rdch/grf.rf/gntv_or_sync_fifo.gcx.clkx/rd_pntr_cdc_inst/src_gray_ff_reg[0]} {system_top_i/axi_interconnect_0/m00_couplers/auto_cc/inst/gen_clock_conv.gen_async_conv.asyncfifo_axi/inst_fifo_gen/gaxi_full_lite.gread_ch.grdch2.axi_rdch/grf.rf/gntv_or_sync_fifo.gcx.clkx/rd_pntr_cdc_inst/src_gray_ff_reg[1]} {system_top_i/axi_interconnect_0/m00_couplers/auto_cc/inst/gen_clock_conv.gen_async_conv.asyncfifo_axi/inst_fifo_gen/gaxi_full_lite.gread_ch.grdch2.axi_rdch/grf.rf/gntv_or_sync_fifo.gcx.clkx/rd_pntr_cdc_inst/src_gray_ff_reg[2]} {system_top_i/axi_interconnect_0/m00_couplers/auto_cc/inst/gen_clock_conv.gen_async_conv.asyncfifo_axi/inst_fifo_gen/gaxi_full_lite.gread_ch.grdch2.axi_rdch/grf.rf/gntv_or_sync_fifo.gcx.clkx/rd_pntr_cdc_inst/src_gray_ff_reg[3]}]]
                                              [get_cells [list {system_top_i/axi_interconnect_0/m00_couplers/auto_cc/inst/gen_clock_conv.gen_async_conv.asyncfifo_axi/inst_fifo_gen/gaxi_full_lite.gread_ch.grdch2.axi_rdch/grf.rf/gntv_or_sync_fifo.gcx.clkx/rd_pntr_cdc_inst/dest_graysync_ff_reg[0][0]} {system_top_i/axi_interconnect_0/m00_couplers/auto_cc/inst/gen_clock_conv.gen_async_conv.asyncfifo_axi/inst_fifo_gen/gaxi_full_lite.gread_ch.grdch2.axi_rdch/grf.rf/gntv_or_sync_fifo.gcx.clkx/rd_pntr_cdc_inst/dest_graysync_ff_reg[0][1]} {system_top_i/axi_interconnect_0/m00_couplers/auto_cc/inst/gen_clock_conv.gen_async_conv.asyncfifo_axi/inst_fifo_gen/gaxi_full_lite.gread_ch.grdch2.axi_rdch/grf.rf/gntv_or_sync_fifo.gcx.clkx/rd_pntr_cdc_inst/dest_graysync_ff_reg[0][2]} {system_top_i/axi_interconnect_0/m00_couplers/auto_cc/inst/gen_clock_conv.gen_async_conv.asyncfifo_axi/inst_fifo_gen/gaxi_full_lite.gread_ch.grdch2.axi_rdch/grf.rf/gntv_or_sync_fifo.gcx.clkx/rd_pntr_cdc_inst/dest_graysync_ff_reg[0][3]}]]
                                                                              Slow             10.000       0.723      9.277
2   32        [get_cells [list {system_top_i/axi_interconnect_0/m00_couplers/auto_cc/inst/gen_clock_conv.gen_async_conv.asyncfifo_axi/inst_fifo_gen/gaxi_full_lite.gwrite_ch.gwach2.axi_wach/grf.rf/gntv_or_sync_fifo.gcx.clkx/wr_pntr_cdc_inst/src_gray_ff_reg[0]} {system_top_i/axi_interconnect_0/m00_couplers/auto_cc/inst/gen_clock_conv.gen_async_conv.asyncfifo_axi/inst_fifo_gen/gaxi_full_lite.gwrite_ch.gwach2.axi_wach/grf.rf/gntv_or_sync_fifo.gcx.clkx/wr_pntr_cdc_inst/src_gray_ff_reg[1]} {system_top_i/axi_interconnect_0/m00_couplers/auto_cc/inst/gen_clock_conv.gen_async_conv.asyncfifo_axi/inst_fifo_gen/gaxi_full_lite.gwrite_ch.gwach2.axi_wach/grf.rf/gntv_or_sync_fifo.gcx.clkx/wr_pntr_cdc_inst/src_gray_ff_reg[2]} {system_top_i/axi_interconnect_0/m00_couplers/auto_cc/inst/gen_clock_conv.gen_async_conv.asyncfifo_axi/inst_fifo_gen/gaxi_full_lite.gwrite_ch.gwach2.axi_wach/grf.rf/gntv_or_sync_fifo.gcx.clkx/wr_pntr_cdc_inst/src_gray_ff_reg[3]}]]
                                              [get_cells [list {system_top_i/axi_interconnect_0/m00_couplers/auto_cc/inst/gen_clock_conv.gen_async_conv.asyncfifo_axi/inst_fifo_gen/gaxi_full_lite.gwrite_ch.gwach2.axi_wach/grf.rf/gntv_or_sync_fifo.gcx.clkx/wr_pntr_cdc_inst/dest_graysync_ff_reg[0][0]} {system_top_i/axi_interconnect_0/m00_couplers/auto_cc/inst/gen_clock_conv.gen_async_conv.asyncfifo_axi/inst_fifo_gen/gaxi_full_lite.gwrite_ch.gwach2.axi_wach/grf.rf/gntv_or_sync_fifo.gcx.clkx/wr_pntr_cdc_inst/dest_graysync_ff_reg[0][1]} {system_top_i/axi_interconnect_0/m00_couplers/auto_cc/inst/gen_clock_conv.gen_async_conv.asyncfifo_axi/inst_fifo_gen/gaxi_full_lite.gwrite_ch.gwach2.axi_wach/grf.rf/gntv_or_sync_fifo.gcx.clkx/wr_pntr_cdc_inst/dest_graysync_ff_reg[0][2]} {system_top_i/axi_interconnect_0/m00_couplers/auto_cc/inst/gen_clock_conv.gen_async_conv.asyncfifo_axi/inst_fifo_gen/gaxi_full_lite.gwrite_ch.gwach2.axi_wach/grf.rf/gntv_or_sync_fifo.gcx.clkx/wr_pntr_cdc_inst/dest_graysync_ff_reg[0][3]}]]
                                                                              Slow             10.000       0.854      9.146
3   34        [get_cells [list {system_top_i/axi_interconnect_0/m00_couplers/auto_cc/inst/gen_clock_conv.gen_async_conv.asyncfifo_axi/inst_fifo_gen/gaxi_full_lite.gwrite_ch.gwach2.axi_wach/grf.rf/gntv_or_sync_fifo.gcx.clkx/rd_pntr_cdc_inst/src_gray_ff_reg[0]} {system_top_i/axi_interconnect_0/m00_couplers/auto_cc/inst/gen_clock_conv.gen_async_conv.asyncfifo_axi/inst_fifo_gen/gaxi_full_lite.gwrite_ch.gwach2.axi_wach/grf.rf/gntv_or_sync_fifo.gcx.clkx/rd_pntr_cdc_inst/src_gray_ff_reg[1]} {system_top_i/axi_interconnect_0/m00_couplers/auto_cc/inst/gen_clock_conv.gen_async_conv.asyncfifo_axi/inst_fifo_gen/gaxi_full_lite.gwrite_ch.gwach2.axi_wach/grf.rf/gntv_or_sync_fifo.gcx.clkx/rd_pntr_cdc_inst/src_gray_ff_reg[2]} {system_top_i/axi_interconnect_0/m00_couplers/auto_cc/inst/gen_clock_conv.gen_async_conv.asyncfifo_axi/inst_fifo_gen/gaxi_full_lite.gwrite_ch.gwach2.axi_wach/grf.rf/gntv_or_sync_fifo.gcx.clkx/rd_pntr_cdc_inst/src_gray_ff_reg[3]}]]
                                              [get_cells [list {system_top_i/axi_interconnect_0/m00_couplers/auto_cc/inst/gen_clock_conv.gen_async_conv.asyncfifo_axi/inst_fifo_gen/gaxi_full_lite.gwrite_ch.gwach2.axi_wach/grf.rf/gntv_or_sync_fifo.gcx.clkx/rd_pntr_cdc_inst/dest_graysync_ff_reg[0][0]} {system_top_i/axi_interconnect_0/m00_couplers/auto_cc/inst/gen_clock_conv.gen_async_conv.asyncfifo_axi/inst_fifo_gen/gaxi_full_lite.gwrite_ch.gwach2.axi_wach/grf.rf/gntv_or_sync_fifo.gcx.clkx/rd_pntr_cdc_inst/dest_graysync_ff_reg[0][1]} {system_top_i/axi_interconnect_0/m00_couplers/auto_cc/inst/gen_clock_conv.gen_async_conv.asyncfifo_axi/inst_fifo_gen/gaxi_full_lite.gwrite_ch.gwach2.axi_wach/grf.rf/gntv_or_sync_fifo.gcx.clkx/rd_pntr_cdc_inst/dest_graysync_ff_reg[0][2]} {system_top_i/axi_interconnect_0/m00_couplers/auto_cc/inst/gen_clock_conv.gen_async_conv.asyncfifo_axi/inst_fifo_gen/gaxi_full_lite.gwrite_ch.gwach2.axi_wach/grf.rf/gntv_or_sync_fifo.gcx.clkx/rd_pntr_cdc_inst/dest_graysync_ff_reg[0][3]}]]
                                                                              Slow             10.000       0.877      9.123
4   36        [get_cells [list {system_top_i/axi_interconnect_0/m00_couplers/auto_cc/inst/gen_clock_conv.gen_async_conv.asyncfifo_axi/inst_fifo_gen/gaxi_full_lite.gwrite_ch.gwdch2.axi_wdch/grf.rf/gntv_or_sync_fifo.gcx.clkx/wr_pntr_cdc_inst/src_gray_ff_reg[0]} {system_top_i/axi_interconnect_0/m00_couplers/auto_cc/inst/gen_clock_conv.gen_async_conv.asyncfifo_axi/inst_fifo_gen/gaxi_full_lite.gwrite_ch.gwdch2.axi_wdch/grf.rf/gntv_or_sync_fifo.gcx.clkx/wr_pntr_cdc_inst/src_gray_ff_reg[1]} {system_top_i/axi_interconnect_0/m00_couplers/auto_cc/inst/gen_clock_conv.gen_async_conv.asyncfifo_axi/inst_fifo_gen/gaxi_full_lite.gwrite_ch.gwdch2.axi_wdch/grf.rf/gntv_or_sync_fifo.gcx.clkx/wr_pntr_cdc_inst/src_gray_ff_reg[2]} {system_top_i/axi_interconnect_0/m00_couplers/auto_cc/inst/gen_clock_conv.gen_async_conv.asyncfifo_axi/inst_fifo_gen/gaxi_full_lite.gwrite_ch.gwdch2.axi_wdch/grf.rf/gntv_or_sync_fifo.gcx.clkx/wr_pntr_cdc_inst/src_gray_ff_reg[3]}]]
                                              [get_cells [list {system_top_i/axi_interconnect_0/m00_couplers/auto_cc/inst/gen_clock_conv.gen_async_conv.asyncfifo_axi/inst_fifo_gen/gaxi_full_lite.gwrite_ch.gwdch2.axi_wdch/grf.rf/gntv_or_sync_fifo.gcx.clkx/wr_pntr_cdc_inst/dest_graysync_ff_reg[0][0]} {system_top_i/axi_interconnect_0/m00_couplers/auto_cc/inst/gen_clock_conv.gen_async_conv.asyncfifo_axi/inst_fifo_gen/gaxi_full_lite.gwrite_ch.gwdch2.axi_wdch/grf.rf/gntv_or_sync_fifo.gcx.clkx/wr_pntr_cdc_inst/dest_graysync_ff_reg[0][1]} {system_top_i/axi_interconnect_0/m00_couplers/auto_cc/inst/gen_clock_conv.gen_async_conv.asyncfifo_axi/inst_fifo_gen/gaxi_full_lite.gwrite_ch.gwdch2.axi_wdch/grf.rf/gntv_or_sync_fifo.gcx.clkx/wr_pntr_cdc_inst/dest_graysync_ff_reg[0][2]} {system_top_i/axi_interconnect_0/m00_couplers/auto_cc/inst/gen_clock_conv.gen_async_conv.asyncfifo_axi/inst_fifo_gen/gaxi_full_lite.gwrite_ch.gwdch2.axi_wdch/grf.rf/gntv_or_sync_fifo.gcx.clkx/wr_pntr_cdc_inst/dest_graysync_ff_reg[0][3]}]]
                                                                              Slow             10.000       0.863      9.137
5   38        [get_cells [list {system_top_i/axi_interconnect_0/m00_couplers/auto_cc/inst/gen_clock_conv.gen_async_conv.asyncfifo_axi/inst_fifo_gen/gaxi_full_lite.gwrite_ch.gwdch2.axi_wdch/grf.rf/gntv_or_sync_fifo.gcx.clkx/rd_pntr_cdc_inst/src_gray_ff_reg[0]} {system_top_i/axi_interconnect_0/m00_couplers/auto_cc/inst/gen_clock_conv.gen_async_conv.asyncfifo_axi/inst_fifo_gen/gaxi_full_lite.gwrite_ch.gwdch2.axi_wdch/grf.rf/gntv_or_sync_fifo.gcx.clkx/rd_pntr_cdc_inst/src_gray_ff_reg[1]} {system_top_i/axi_interconnect_0/m00_couplers/auto_cc/inst/gen_clock_conv.gen_async_conv.asyncfifo_axi/inst_fifo_gen/gaxi_full_lite.gwrite_ch.gwdch2.axi_wdch/grf.rf/gntv_or_sync_fifo.gcx.clkx/rd_pntr_cdc_inst/src_gray_ff_reg[2]} {system_top_i/axi_interconnect_0/m00_couplers/auto_cc/inst/gen_clock_conv.gen_async_conv.asyncfifo_axi/inst_fifo_gen/gaxi_full_lite.gwrite_ch.gwdch2.axi_wdch/grf.rf/gntv_or_sync_fifo.gcx.clkx/rd_pntr_cdc_inst/src_gray_ff_reg[3]}]]
                                              [get_cells [list {system_top_i/axi_interconnect_0/m00_couplers/auto_cc/inst/gen_clock_conv.gen_async_conv.asyncfifo_axi/inst_fifo_gen/gaxi_full_lite.gwrite_ch.gwdch2.axi_wdch/grf.rf/gntv_or_sync_fifo.gcx.clkx/rd_pntr_cdc_inst/dest_graysync_ff_reg[0][0]} {system_top_i/axi_interconnect_0/m00_couplers/auto_cc/inst/gen_clock_conv.gen_async_conv.asyncfifo_axi/inst_fifo_gen/gaxi_full_lite.gwrite_ch.gwdch2.axi_wdch/grf.rf/gntv_or_sync_fifo.gcx.clkx/rd_pntr_cdc_inst/dest_graysync_ff_reg[0][1]} {system_top_i/axi_interconnect_0/m00_couplers/auto_cc/inst/gen_clock_conv.gen_async_conv.asyncfifo_axi/inst_fifo_gen/gaxi_full_lite.gwrite_ch.gwdch2.axi_wdch/grf.rf/gntv_or_sync_fifo.gcx.clkx/rd_pntr_cdc_inst/dest_graysync_ff_reg[0][2]} {system_top_i/axi_interconnect_0/m00_couplers/auto_cc/inst/gen_clock_conv.gen_async_conv.asyncfifo_axi/inst_fifo_gen/gaxi_full_lite.gwrite_ch.gwdch2.axi_wdch/grf.rf/gntv_or_sync_fifo.gcx.clkx/rd_pntr_cdc_inst/dest_graysync_ff_reg[0][3]}]]
                                                                              Slow             10.000       0.972      9.028
6   40        [get_cells [list {system_top_i/axi_interconnect_0/m00_couplers/auto_cc/inst/gen_clock_conv.gen_async_conv.asyncfifo_axi/inst_fifo_gen/gaxi_full_lite.gwrite_ch.gwrch2.axi_wrch/grf.rf/gntv_or_sync_fifo.gcx.clkx/wr_pntr_cdc_inst/src_gray_ff_reg[0]} {system_top_i/axi_interconnect_0/m00_couplers/auto_cc/inst/gen_clock_conv.gen_async_conv.asyncfifo_axi/inst_fifo_gen/gaxi_full_lite.gwrite_ch.gwrch2.axi_wrch/grf.rf/gntv_or_sync_fifo.gcx.clkx/wr_pntr_cdc_inst/src_gray_ff_reg[1]} {system_top_i/axi_interconnect_0/m00_couplers/auto_cc/inst/gen_clock_conv.gen_async_conv.asyncfifo_axi/inst_fifo_gen/gaxi_full_lite.gwrite_ch.gwrch2.axi_wrch/grf.rf/gntv_or_sync_fifo.gcx.clkx/wr_pntr_cdc_inst/src_gray_ff_reg[2]} {system_top_i/axi_interconnect_0/m00_couplers/auto_cc/inst/gen_clock_conv.gen_async_conv.asyncfifo_axi/inst_fifo_gen/gaxi_full_lite.gwrite_ch.gwrch2.axi_wrch/grf.rf/gntv_or_sync_fifo.gcx.clkx/wr_pntr_cdc_inst/src_gray_ff_reg[3]}]]
                                              [get_cells [list {system_top_i/axi_interconnect_0/m00_couplers/auto_cc/inst/gen_clock_conv.gen_async_conv.asyncfifo_axi/inst_fifo_gen/gaxi_full_lite.gwrite_ch.gwrch2.axi_wrch/grf.rf/gntv_or_sync_fifo.gcx.clkx/wr_pntr_cdc_inst/dest_graysync_ff_reg[0][0]} {system_top_i/axi_interconnect_0/m00_couplers/auto_cc/inst/gen_clock_conv.gen_async_conv.asyncfifo_axi/inst_fifo_gen/gaxi_full_lite.gwrite_ch.gwrch2.axi_wrch/grf.rf/gntv_or_sync_fifo.gcx.clkx/wr_pntr_cdc_inst/dest_graysync_ff_reg[0][1]} {system_top_i/axi_interconnect_0/m00_couplers/auto_cc/inst/gen_clock_conv.gen_async_conv.asyncfifo_axi/inst_fifo_gen/gaxi_full_lite.gwrite_ch.gwrch2.axi_wrch/grf.rf/gntv_or_sync_fifo.gcx.clkx/wr_pntr_cdc_inst/dest_graysync_ff_reg[0][2]} {system_top_i/axi_interconnect_0/m00_couplers/auto_cc/inst/gen_clock_conv.gen_async_conv.asyncfifo_axi/inst_fifo_gen/gaxi_full_lite.gwrite_ch.gwrch2.axi_wrch/grf.rf/gntv_or_sync_fifo.gcx.clkx/wr_pntr_cdc_inst/dest_graysync_ff_reg[0][3]}]]
                                                                              Slow             10.000       0.743      9.257
7   42        [get_cells [list {system_top_i/axi_interconnect_0/m00_couplers/auto_cc/inst/gen_clock_conv.gen_async_conv.asyncfifo_axi/inst_fifo_gen/gaxi_full_lite.gwrite_ch.gwrch2.axi_wrch/grf.rf/gntv_or_sync_fifo.gcx.clkx/rd_pntr_cdc_inst/src_gray_ff_reg[0]} {system_top_i/axi_interconnect_0/m00_couplers/auto_cc/inst/gen_clock_conv.gen_async_conv.asyncfifo_axi/inst_fifo_gen/gaxi_full_lite.gwrite_ch.gwrch2.axi_wrch/grf.rf/gntv_or_sync_fifo.gcx.clkx/rd_pntr_cdc_inst/src_gray_ff_reg[1]} {system_top_i/axi_interconnect_0/m00_couplers/auto_cc/inst/gen_clock_conv.gen_async_conv.asyncfifo_axi/inst_fifo_gen/gaxi_full_lite.gwrite_ch.gwrch2.axi_wrch/grf.rf/gntv_or_sync_fifo.gcx.clkx/rd_pntr_cdc_inst/src_gray_ff_reg[2]} {system_top_i/axi_interconnect_0/m00_couplers/auto_cc/inst/gen_clock_conv.gen_async_conv.asyncfifo_axi/inst_fifo_gen/gaxi_full_lite.gwrite_ch.gwrch2.axi_wrch/grf.rf/gntv_or_sync_fifo.gcx.clkx/rd_pntr_cdc_inst/src_gray_ff_reg[3]}]]
                                              [get_cells [list {system_top_i/axi_interconnect_0/m00_couplers/auto_cc/inst/gen_clock_conv.gen_async_conv.asyncfifo_axi/inst_fifo_gen/gaxi_full_lite.gwrite_ch.gwrch2.axi_wrch/grf.rf/gntv_or_sync_fifo.gcx.clkx/rd_pntr_cdc_inst/dest_graysync_ff_reg[0][0]} {system_top_i/axi_interconnect_0/m00_couplers/auto_cc/inst/gen_clock_conv.gen_async_conv.asyncfifo_axi/inst_fifo_gen/gaxi_full_lite.gwrite_ch.gwrch2.axi_wrch/grf.rf/gntv_or_sync_fifo.gcx.clkx/rd_pntr_cdc_inst/dest_graysync_ff_reg[0][1]} {system_top_i/axi_interconnect_0/m00_couplers/auto_cc/inst/gen_clock_conv.gen_async_conv.asyncfifo_axi/inst_fifo_gen/gaxi_full_lite.gwrite_ch.gwrch2.axi_wrch/grf.rf/gntv_or_sync_fifo.gcx.clkx/rd_pntr_cdc_inst/dest_graysync_ff_reg[0][2]} {system_top_i/axi_interconnect_0/m00_couplers/auto_cc/inst/gen_clock_conv.gen_async_conv.asyncfifo_axi/inst_fifo_gen/gaxi_full_lite.gwrite_ch.gwrch2.axi_wrch/grf.rf/gntv_or_sync_fifo.gcx.clkx/rd_pntr_cdc_inst/dest_graysync_ff_reg[0][3]}]]
                                                                              Slow             10.000       0.862      9.138
8   44        [get_cells [list {system_top_i/axi_interconnect_0/m00_couplers/auto_cc/inst/gen_clock_conv.gen_async_conv.asyncfifo_axi/inst_fifo_gen/gaxi_full_lite.gread_ch.grach2.axi_rach/grf.rf/gntv_or_sync_fifo.gcx.clkx/wr_pntr_cdc_inst/src_gray_ff_reg[0]} {system_top_i/axi_interconnect_0/m00_couplers/auto_cc/inst/gen_clock_conv.gen_async_conv.asyncfifo_axi/inst_fifo_gen/gaxi_full_lite.gread_ch.grach2.axi_rach/grf.rf/gntv_or_sync_fifo.gcx.clkx/wr_pntr_cdc_inst/src_gray_ff_reg[1]} {system_top_i/axi_interconnect_0/m00_couplers/auto_cc/inst/gen_clock_conv.gen_async_conv.asyncfifo_axi/inst_fifo_gen/gaxi_full_lite.gread_ch.grach2.axi_rach/grf.rf/gntv_or_sync_fifo.gcx.clkx/wr_pntr_cdc_inst/src_gray_ff_reg[2]} {system_top_i/axi_interconnect_0/m00_couplers/auto_cc/inst/gen_clock_conv.gen_async_conv.asyncfifo_axi/inst_fifo_gen/gaxi_full_lite.gread_ch.grach2.axi_rach/grf.rf/gntv_or_sync_fifo.gcx.clkx/wr_pntr_cdc_inst/src_gray_ff_reg[3]}]]
                                              [get_cells [list {system_top_i/axi_interconnect_0/m00_couplers/auto_cc/inst/gen_clock_conv.gen_async_conv.asyncfifo_axi/inst_fifo_gen/gaxi_full_lite.gread_ch.grach2.axi_rach/grf.rf/gntv_or_sync_fifo.gcx.clkx/wr_pntr_cdc_inst/dest_graysync_ff_reg[0][0]} {system_top_i/axi_interconnect_0/m00_couplers/auto_cc/inst/gen_clock_conv.gen_async_conv.asyncfifo_axi/inst_fifo_gen/gaxi_full_lite.gread_ch.grach2.axi_rach/grf.rf/gntv_or_sync_fifo.gcx.clkx/wr_pntr_cdc_inst/dest_graysync_ff_reg[0][1]} {system_top_i/axi_interconnect_0/m00_couplers/auto_cc/inst/gen_clock_conv.gen_async_conv.asyncfifo_axi/inst_fifo_gen/gaxi_full_lite.gread_ch.grach2.axi_rach/grf.rf/gntv_or_sync_fifo.gcx.clkx/wr_pntr_cdc_inst/dest_graysync_ff_reg[0][2]} {system_top_i/axi_interconnect_0/m00_couplers/auto_cc/inst/gen_clock_conv.gen_async_conv.asyncfifo_axi/inst_fifo_gen/gaxi_full_lite.gread_ch.grach2.axi_rach/grf.rf/gntv_or_sync_fifo.gcx.clkx/wr_pntr_cdc_inst/dest_graysync_ff_reg[0][3]}]]
                                                                              Slow             10.000       0.727      9.273
9   46        [get_cells [list {system_top_i/axi_interconnect_0/m00_couplers/auto_cc/inst/gen_clock_conv.gen_async_conv.asyncfifo_axi/inst_fifo_gen/gaxi_full_lite.gread_ch.grach2.axi_rach/grf.rf/gntv_or_sync_fifo.gcx.clkx/rd_pntr_cdc_inst/src_gray_ff_reg[0]} {system_top_i/axi_interconnect_0/m00_couplers/auto_cc/inst/gen_clock_conv.gen_async_conv.asyncfifo_axi/inst_fifo_gen/gaxi_full_lite.gread_ch.grach2.axi_rach/grf.rf/gntv_or_sync_fifo.gcx.clkx/rd_pntr_cdc_inst/src_gray_ff_reg[1]} {system_top_i/axi_interconnect_0/m00_couplers/auto_cc/inst/gen_clock_conv.gen_async_conv.asyncfifo_axi/inst_fifo_gen/gaxi_full_lite.gread_ch.grach2.axi_rach/grf.rf/gntv_or_sync_fifo.gcx.clkx/rd_pntr_cdc_inst/src_gray_ff_reg[2]} {system_top_i/axi_interconnect_0/m00_couplers/auto_cc/inst/gen_clock_conv.gen_async_conv.asyncfifo_axi/inst_fifo_gen/gaxi_full_lite.gread_ch.grach2.axi_rach/grf.rf/gntv_or_sync_fifo.gcx.clkx/rd_pntr_cdc_inst/src_gray_ff_reg[3]}]]
                                              [get_cells [list {system_top_i/axi_interconnect_0/m00_couplers/auto_cc/inst/gen_clock_conv.gen_async_conv.asyncfifo_axi/inst_fifo_gen/gaxi_full_lite.gread_ch.grach2.axi_rach/grf.rf/gntv_or_sync_fifo.gcx.clkx/rd_pntr_cdc_inst/dest_graysync_ff_reg[0][0]} {system_top_i/axi_interconnect_0/m00_couplers/auto_cc/inst/gen_clock_conv.gen_async_conv.asyncfifo_axi/inst_fifo_gen/gaxi_full_lite.gread_ch.grach2.axi_rach/grf.rf/gntv_or_sync_fifo.gcx.clkx/rd_pntr_cdc_inst/dest_graysync_ff_reg[0][1]} {system_top_i/axi_interconnect_0/m00_couplers/auto_cc/inst/gen_clock_conv.gen_async_conv.asyncfifo_axi/inst_fifo_gen/gaxi_full_lite.gread_ch.grach2.axi_rach/grf.rf/gntv_or_sync_fifo.gcx.clkx/rd_pntr_cdc_inst/dest_graysync_ff_reg[0][2]} {system_top_i/axi_interconnect_0/m00_couplers/auto_cc/inst/gen_clock_conv.gen_async_conv.asyncfifo_axi/inst_fifo_gen/gaxi_full_lite.gread_ch.grach2.axi_rach/grf.rf/gntv_or_sync_fifo.gcx.clkx/rd_pntr_cdc_inst/dest_graysync_ff_reg[0][3]}]]
                                                                              Slow             10.000       0.823      9.177
10  48        [get_cells [list {system_top_i/axi_interconnect_0/m00_couplers/auto_cc/inst/gen_clock_conv.gen_async_conv.asyncfifo_axi/inst_fifo_gen/gaxi_full_lite.gread_ch.grdch2.axi_rdch/grf.rf/gntv_or_sync_fifo.gcx.clkx/wr_pntr_cdc_inst/src_gray_ff_reg[0]} {system_top_i/axi_interconnect_0/m00_couplers/auto_cc/inst/gen_clock_conv.gen_async_conv.asyncfifo_axi/inst_fifo_gen/gaxi_full_lite.gread_ch.grdch2.axi_rdch/grf.rf/gntv_or_sync_fifo.gcx.clkx/wr_pntr_cdc_inst/src_gray_ff_reg[1]} {system_top_i/axi_interconnect_0/m00_couplers/auto_cc/inst/gen_clock_conv.gen_async_conv.asyncfifo_axi/inst_fifo_gen/gaxi_full_lite.gread_ch.grdch2.axi_rdch/grf.rf/gntv_or_sync_fifo.gcx.clkx/wr_pntr_cdc_inst/src_gray_ff_reg[2]} {system_top_i/axi_interconnect_0/m00_couplers/auto_cc/inst/gen_clock_conv.gen_async_conv.asyncfifo_axi/inst_fifo_gen/gaxi_full_lite.gread_ch.grdch2.axi_rdch/grf.rf/gntv_or_sync_fifo.gcx.clkx/wr_pntr_cdc_inst/src_gray_ff_reg[3]}]]
                                              [get_cells [list {system_top_i/axi_interconnect_0/m00_couplers/auto_cc/inst/gen_clock_conv.gen_async_conv.asyncfifo_axi/inst_fifo_gen/gaxi_full_lite.gread_ch.grdch2.axi_rdch/grf.rf/gntv_or_sync_fifo.gcx.clkx/wr_pntr_cdc_inst/dest_graysync_ff_reg[0][0]} {system_top_i/axi_interconnect_0/m00_couplers/auto_cc/inst/gen_clock_conv.gen_async_conv.asyncfifo_axi/inst_fifo_gen/gaxi_full_lite.gread_ch.grdch2.axi_rdch/grf.rf/gntv_or_sync_fifo.gcx.clkx/wr_pntr_cdc_inst/dest_graysync_ff_reg[0][1]} {system_top_i/axi_interconnect_0/m00_couplers/auto_cc/inst/gen_clock_conv.gen_async_conv.asyncfifo_axi/inst_fifo_gen/gaxi_full_lite.gread_ch.grdch2.axi_rdch/grf.rf/gntv_or_sync_fifo.gcx.clkx/wr_pntr_cdc_inst/dest_graysync_ff_reg[0][2]} {system_top_i/axi_interconnect_0/m00_couplers/auto_cc/inst/gen_clock_conv.gen_async_conv.asyncfifo_axi/inst_fifo_gen/gaxi_full_lite.gread_ch.grdch2.axi_rdch/grf.rf/gntv_or_sync_fifo.gcx.clkx/wr_pntr_cdc_inst/dest_graysync_ff_reg[0][3]}]]
                                                                              Slow             10.000       0.762      9.238


2. Bus Skew Report Per Constraint
---------------------------------

Id: 1
set_bus_skew -from [get_cells [list {system_top_i/axi_interconnect_0/m00_couplers/auto_cc/inst/gen_clock_conv.gen_async_conv.asyncfifo_axi/inst_fifo_gen/gaxi_full_lite.gread_ch.grdch2.axi_rdch/grf.rf/gntv_or_sync_fifo.gcx.clkx/rd_pntr_cdc_inst/src_gray_ff_reg[0]} {system_top_i/axi_interconnect_0/m00_couplers/auto_cc/inst/gen_clock_conv.gen_async_conv.asyncfifo_axi/inst_fifo_gen/gaxi_full_lite.gread_ch.grdch2.axi_rdch/grf.rf/gntv_or_sync_fifo.gcx.clkx/rd_pntr_cdc_inst/src_gray_ff_reg[1]} {system_top_i/axi_interconnect_0/m00_couplers/auto_cc/inst/gen_clock_conv.gen_async_conv.asyncfifo_axi/inst_fifo_gen/gaxi_full_lite.gread_ch.grdch2.axi_rdch/grf.rf/gntv_or_sync_fifo.gcx.clkx/rd_pntr_cdc_inst/src_gray_ff_reg[2]} {system_top_i/axi_interconnect_0/m00_couplers/auto_cc/inst/gen_clock_conv.gen_async_conv.asyncfifo_axi/inst_fifo_gen/gaxi_full_lite.gread_ch.grdch2.axi_rdch/grf.rf/gntv_or_sync_fifo.gcx.clkx/rd_pntr_cdc_inst/src_gray_ff_reg[3]}]] -to [get_cells [list {system_top_i/axi_interconnect_0/m00_couplers/auto_cc/inst/gen_clock_conv.gen_async_conv.asyncfifo_axi/inst_fifo_gen/gaxi_full_lite.gread_ch.grdch2.axi_rdch/grf.rf/gntv_or_sync_fifo.gcx.clkx/rd_pntr_cdc_inst/dest_graysync_ff_reg[0][0]} {system_top_i/axi_interconnect_0/m00_couplers/auto_cc/inst/gen_clock_conv.gen_async_conv.asyncfifo_axi/inst_fifo_gen/gaxi_full_lite.gread_ch.grdch2.axi_rdch/grf.rf/gntv_or_sync_fifo.gcx.clkx/rd_pntr_cdc_inst/dest_graysync_ff_reg[0][1]} {system_top_i/axi_interconnect_0/m00_couplers/auto_cc/inst/gen_clock_conv.gen_async_conv.asyncfifo_axi/inst_fifo_gen/gaxi_full_lite.gread_ch.grdch2.axi_rdch/grf.rf/gntv_or_sync_fifo.gcx.clkx/rd_pntr_cdc_inst/dest_graysync_ff_reg[0][2]} {system_top_i/axi_interconnect_0/m00_couplers/auto_cc/inst/gen_clock_conv.gen_async_conv.asyncfifo_axi/inst_fifo_gen/gaxi_full_lite.gread_ch.grdch2.axi_rdch/grf.rf/gntv_or_sync_fifo.gcx.clkx/rd_pntr_cdc_inst/dest_graysync_ff_reg[0][3]}]] 10.000
Requirement: 10.000ns
Endpoints: 4

From Clock            To Clock              Endpoint Pin                    Reference Pin                   Corner  Actual(ns)  Slack(ns)
--------------------  --------------------  ------------------------------  ------------------------------  ------  ----------  ---------
clk_out2_system_top_clk_wiz_0_0
                      clk_pll_i             system_top_i/axi_interconnect_0/m00_couplers/auto_cc/inst/gen_clock_conv.gen_async_conv.asyncfifo_axi/inst_fifo_gen/gaxi_full_lite.gread_ch.grdch2.axi_rdch/grf.rf/gntv_or_sync_fifo.gcx.clkx/rd_pntr_cdc_inst/dest_graysync_ff_reg[0][0]/D
                                                                            system_top_i/axi_interconnect_0/m00_couplers/auto_cc/inst/gen_clock_conv.gen_async_conv.asyncfifo_axi/inst_fifo_gen/gaxi_full_lite.gread_ch.grdch2.axi_rdch/grf.rf/gntv_or_sync_fifo.gcx.clkx/rd_pntr_cdc_inst/dest_graysync_ff_reg[0][3]/D
                                                                                                            Slow         0.723      9.277


Slack (MET) :             9.277ns  (requirement - actual skew)
  Endpoint Source:        system_top_i/axi_interconnect_0/m00_couplers/auto_cc/inst/gen_clock_conv.gen_async_conv.asyncfifo_axi/inst_fifo_gen/gaxi_full_lite.gread_ch.grdch2.axi_rdch/grf.rf/gntv_or_sync_fifo.gcx.clkx/rd_pntr_cdc_inst/src_gray_ff_reg[0]/C
                            (rising edge-triggered cell FDRE clocked by clk_out2_system_top_clk_wiz_0_0)
  Endpoint Destination:   system_top_i/axi_interconnect_0/m00_couplers/auto_cc/inst/gen_clock_conv.gen_async_conv.asyncfifo_axi/inst_fifo_gen/gaxi_full_lite.gread_ch.grdch2.axi_rdch/grf.rf/gntv_or_sync_fifo.gcx.clkx/rd_pntr_cdc_inst/dest_graysync_ff_reg[0][0]/D
                            (rising edge-triggered cell FDRE clocked by clk_pll_i)
  Reference Source:       system_top_i/axi_interconnect_0/m00_couplers/auto_cc/inst/gen_clock_conv.gen_async_conv.asyncfifo_axi/inst_fifo_gen/gaxi_full_lite.gread_ch.grdch2.axi_rdch/grf.rf/gntv_or_sync_fifo.gcx.clkx/rd_pntr_cdc_inst/src_gray_ff_reg[3]/C
                            (rising edge-triggered cell FDRE clocked by clk_out2_system_top_clk_wiz_0_0)
  Reference Destination:  system_top_i/axi_interconnect_0/m00_couplers/auto_cc/inst/gen_clock_conv.gen_async_conv.asyncfifo_axi/inst_fifo_gen/gaxi_full_lite.gread_ch.grdch2.axi_rdch/grf.rf/gntv_or_sync_fifo.gcx.clkx/rd_pntr_cdc_inst/dest_graysync_ff_reg[0][3]/D
                            (rising edge-triggered cell FDRE clocked by clk_pll_i)
  Path Type:              Bus Skew (Max at Slow Process Corner)
  Requirement:            10.000ns
  Endpoint Relative Delay:   -0.864ns
  Reference Relative Delay:  -1.894ns
  Relative CRPR:              0.537ns
  Uncertainty:                0.229ns
  Actual Bus Skew:            0.723ns  (Endpoint Relative Delay - Reference Relative Delay - Relative CRPR + Uncertainty)

Endpoint path:
    Location             Delay type                Incr(ns)  Path(ns)    Netlist Resource(s)
  -------------------------------------------------------------------    -------------------
                         (clock clk_out2_system_top_clk_wiz_0_0 rise edge)
                                                      0.000     0.000 r  
    W19                                               0.000     0.000 r  CLK100MHZ (IN)
                         net (fo=0)                   0.000     0.000    system_top_i/clk_wiz_0/inst/clk_in1
    W19                  IBUF (Prop_ibuf_I_O)         1.440     1.440 r  system_top_i/clk_wiz_0/inst/clkin1_ibufg/O
                         net (fo=1, routed)           1.065     2.505    system_top_i/clk_wiz_0/inst/clk_in1_system_top_clk_wiz_0_0
    MMCME2_ADV_X0Y2      MMCME2_ADV (Prop_mmcme2_adv_CLKIN1_CLKOUT1)
                                                     -6.325    -3.819 r  system_top_i/clk_wiz_0/inst/mmcm_adv_inst/CLKOUT1
                         net (fo=1, routed)           1.559    -2.260    system_top_i/clk_wiz_0/inst/clk_out2_system_top_clk_wiz_0_0
    BUFGCTRL_X0Y2        BUFG (Prop_bufg_I_O)         0.081    -2.179 r  system_top_i/clk_wiz_0/inst/clkout2_buf/O
                         net (fo=11971, routed)       1.404    -0.775    system_top_i/axi_interconnect_0/m00_couplers/auto_cc/inst/gen_clock_conv.gen_async_conv.asyncfifo_axi/inst_fifo_gen/gaxi_full_lite.gread_ch.grdch2.axi_rdch/grf.rf/gntv_or_sync_fifo.gcx.clkx/rd_pntr_cdc_inst/src_clk
    SLICE_X133Y180       FDRE                                         r  system_top_i/axi_interconnect_0/m00_couplers/auto_cc/inst/gen_clock_conv.gen_async_conv.asyncfifo_axi/inst_fifo_gen/gaxi_full_lite.gread_ch.grdch2.axi_rdch/grf.rf/gntv_or_sync_fifo.gcx.clkx/rd_pntr_cdc_inst/src_gray_ff_reg[0]/C
  -------------------------------------------------------------------    -------------------
    SLICE_X133Y180       FDRE (Prop_fdre_C_Q)         0.379    -0.396 r  system_top_i/axi_interconnect_0/m00_couplers/auto_cc/inst/gen_clock_conv.gen_async_conv.asyncfifo_axi/inst_fifo_gen/gaxi_full_lite.gread_ch.grdch2.axi_rdch/grf.rf/gntv_or_sync_fifo.gcx.clkx/rd_pntr_cdc_inst/src_gray_ff_reg[0]/Q
                         net (fo=1, routed)           0.469     0.073    system_top_i/axi_interconnect_0/m00_couplers/auto_cc/inst/gen_clock_conv.gen_async_conv.asyncfifo_axi/inst_fifo_gen/gaxi_full_lite.gread_ch.grdch2.axi_rdch/grf.rf/gntv_or_sync_fifo.gcx.clkx/rd_pntr_cdc_inst/async_path[0]
    SLICE_X133Y182       FDRE                                         r  system_top_i/axi_interconnect_0/m00_couplers/auto_cc/inst/gen_clock_conv.gen_async_conv.asyncfifo_axi/inst_fifo_gen/gaxi_full_lite.gread_ch.grdch2.axi_rdch/grf.rf/gntv_or_sync_fifo.gcx.clkx/rd_pntr_cdc_inst/dest_graysync_ff_reg[0][0]/D
  -------------------------------------------------------------------    -------------------

                         (clock clk_pll_i rise edge)
                                                      0.000     0.000 r  
    W19                                               0.000     0.000 r  CLK100MHZ (IN)
                         net (fo=0)                   0.000     0.000    system_top_i/clk_wiz_0/inst/clk_in1
    W19                  IBUF (Prop_ibuf_I_O)         1.374     1.374 r  system_top_i/clk_wiz_0/inst/clkin1_ibufg/O
                         net (fo=1, routed)           1.004     2.378    system_top_i/clk_wiz_0/inst/clk_in1_system_top_clk_wiz_0_0
    MMCME2_ADV_X0Y2      MMCME2_ADV (Prop_mmcme2_adv_CLKIN1_CLKOUT0)
                                                     -6.451    -4.074 r  system_top_i/clk_wiz_0/inst/mmcm_adv_inst/CLKOUT0
                         net (fo=1, routed)           1.488    -2.586    system_top_i/clk_wiz_0/inst/clk_out1_system_top_clk_wiz_0_0
    BUFGCTRL_X0Y1        BUFG (Prop_bufg_I_O)         0.077    -2.509 r  system_top_i/clk_wiz_0/inst/clkout1_buf/O
                         net (fo=63, routed)          1.417    -1.092    system_top_i/mig_7series_0/u_system_top_mig_7series_0_1_mig/u_ddr3_infrastructure/mmcm_clk
    PLLE2_ADV_X1Y2       PLLE2_ADV (Prop_plle2_adv_CLKIN1_CLKOUT3)
                                                      0.073    -1.019 r  system_top_i/mig_7series_0/u_system_top_mig_7series_0_1_mig/u_ddr3_infrastructure/plle2_i/CLKOUT3
                         net (fo=1, routed)           1.029     0.010    system_top_i/mig_7series_0/u_system_top_mig_7series_0_1_mig/u_ddr3_infrastructure/pll_clk3_out
    BUFHCE_X1Y24         BUFH (Prop_bufh_I_O)         0.069     0.079 r  system_top_i/mig_7series_0/u_system_top_mig_7series_0_1_mig/u_ddr3_infrastructure/u_bufh_pll_clk3/O
                         net (fo=1, routed)           0.777     0.856    system_top_i/mig_7series_0/u_system_top_mig_7series_0_1_mig/u_ddr3_infrastructure/pll_clk3
    MMCME2_ADV_X1Y2      MMCME2_ADV (Prop_mmcme2_adv_CLKIN1_CLKFBOUT)
                                                     -2.927    -2.072 r  system_top_i/mig_7series_0/u_system_top_mig_7series_0_1_mig/u_ddr3_infrastructure/gen_mmcm.mmcm_i/CLKFBOUT
                         net (fo=1, routed)           1.452    -0.619    system_top_i/mig_7series_0/u_system_top_mig_7series_0_1_mig/u_ddr3_infrastructure/clk_pll_i
    BUFGCTRL_X0Y0        BUFG (Prop_bufg_I_O)         0.077    -0.542 r  system_top_i/mig_7series_0/u_system_top_mig_7series_0_1_mig/u_ddr3_infrastructure/u_bufg_clkdiv0/O
                         net (fo=9583, routed)        1.299     0.757    system_top_i/axi_interconnect_0/m00_couplers/auto_cc/inst/gen_clock_conv.gen_async_conv.asyncfifo_axi/inst_fifo_gen/gaxi_full_lite.gread_ch.grdch2.axi_rdch/grf.rf/gntv_or_sync_fifo.gcx.clkx/rd_pntr_cdc_inst/dest_clk
    SLICE_X133Y182       FDRE                                         r  system_top_i/axi_interconnect_0/m00_couplers/auto_cc/inst/gen_clock_conv.gen_async_conv.asyncfifo_axi/inst_fifo_gen/gaxi_full_lite.gread_ch.grdch2.axi_rdch/grf.rf/gntv_or_sync_fifo.gcx.clkx/rd_pntr_cdc_inst/dest_graysync_ff_reg[0][0]/C
                         clock pessimism              0.254     1.012    
    SLICE_X133Y182       FDRE (Setup_fdre_C_D)       -0.075     0.937    system_top_i/axi_interconnect_0/m00_couplers/auto_cc/inst/gen_clock_conv.gen_async_conv.asyncfifo_axi/inst_fifo_gen/gaxi_full_lite.gread_ch.grdch2.axi_rdch/grf.rf/gntv_or_sync_fifo.gcx.clkx/rd_pntr_cdc_inst/dest_graysync_ff_reg[0][0]
  -------------------------------------------------------------------
                         data arrival                           0.073    
                         clock arrival                          0.937    
  -------------------------------------------------------------------
                         relative delay                        -0.864    

Reference path:
    Location             Delay type                Incr(ns)  Path(ns)    Netlist Resource(s)
  -------------------------------------------------------------------    -------------------
                         (clock clk_out2_system_top_clk_wiz_0_0 rise edge)
                                                      0.000     0.000 r  
    W19                                               0.000     0.000 r  CLK100MHZ (IN)
                         net (fo=0)                   0.000     0.000    system_top_i/clk_wiz_0/inst/clk_in1
    W19                  IBUF (Prop_ibuf_I_O)         1.374     1.374 r  system_top_i/clk_wiz_0/inst/clkin1_ibufg/O
                         net (fo=1, routed)           1.004     2.378    system_top_i/clk_wiz_0/inst/clk_in1_system_top_clk_wiz_0_0
    MMCME2_ADV_X0Y2      MMCME2_ADV (Prop_mmcme2_adv_CLKIN1_CLKOUT1)
                                                     -6.451    -4.074 r  system_top_i/clk_wiz_0/inst/mmcm_adv_inst/CLKOUT1
                         net (fo=1, routed)           1.488    -2.586    system_top_i/clk_wiz_0/inst/clk_out2_system_top_clk_wiz_0_0
    BUFGCTRL_X0Y2        BUFG (Prop_bufg_I_O)         0.077    -2.509 r  system_top_i/clk_wiz_0/inst/clkout2_buf/O
                         net (fo=11971, routed)       1.297    -1.212    system_top_i/axi_interconnect_0/m00_couplers/auto_cc/inst/gen_clock_conv.gen_async_conv.asyncfifo_axi/inst_fifo_gen/gaxi_full_lite.gread_ch.grdch2.axi_rdch/grf.rf/gntv_or_sync_fifo.gcx.clkx/rd_pntr_cdc_inst/src_clk
    SLICE_X133Y180       FDRE                                         r  system_top_i/axi_interconnect_0/m00_couplers/auto_cc/inst/gen_clock_conv.gen_async_conv.asyncfifo_axi/inst_fifo_gen/gaxi_full_lite.gread_ch.grdch2.axi_rdch/grf.rf/gntv_or_sync_fifo.gcx.clkx/rd_pntr_cdc_inst/src_gray_ff_reg[3]/C
  -------------------------------------------------------------------    -------------------
    SLICE_X133Y180       FDRE (Prop_fdre_C_Q)         0.279    -0.933 r  system_top_i/axi_interconnect_0/m00_couplers/auto_cc/inst/gen_clock_conv.gen_async_conv.asyncfifo_axi/inst_fifo_gen/gaxi_full_lite.gread_ch.grdch2.axi_rdch/grf.rf/gntv_or_sync_fifo.gcx.clkx/rd_pntr_cdc_inst/src_gray_ff_reg[3]/Q
                         net (fo=1, routed)           0.219    -0.714    system_top_i/axi_interconnect_0/m00_couplers/auto_cc/inst/gen_clock_conv.gen_async_conv.asyncfifo_axi/inst_fifo_gen/gaxi_full_lite.gread_ch.grdch2.axi_rdch/grf.rf/gntv_or_sync_fifo.gcx.clkx/rd_pntr_cdc_inst/async_path[3]
    SLICE_X131Y181       FDRE                                         r  system_top_i/axi_interconnect_0/m00_couplers/auto_cc/inst/gen_clock_conv.gen_async_conv.asyncfifo_axi/inst_fifo_gen/gaxi_full_lite.gread_ch.grdch2.axi_rdch/grf.rf/gntv_or_sync_fifo.gcx.clkx/rd_pntr_cdc_inst/dest_graysync_ff_reg[0][3]/D
  -------------------------------------------------------------------    -------------------

                         (clock clk_pll_i rise edge)
                                                      0.000     0.000 r  
    W19                                               0.000     0.000 r  CLK100MHZ (IN)
                         net (fo=0)                   0.000     0.000    system_top_i/clk_wiz_0/inst/clk_in1
    W19                  IBUF (Prop_ibuf_I_O)         1.440     1.440 r  system_top_i/clk_wiz_0/inst/clkin1_ibufg/O
                         net (fo=1, routed)           1.065     2.505    system_top_i/clk_wiz_0/inst/clk_in1_system_top_clk_wiz_0_0
    MMCME2_ADV_X0Y2      MMCME2_ADV (Prop_mmcme2_adv_CLKIN1_CLKOUT0)
                                                     -6.325    -3.819 r  system_top_i/clk_wiz_0/inst/mmcm_adv_inst/CLKOUT0
                         net (fo=1, routed)           1.559    -2.260    system_top_i/clk_wiz_0/inst/clk_out1_system_top_clk_wiz_0_0
    BUFGCTRL_X0Y1        BUFG (Prop_bufg_I_O)         0.081    -2.179 r  system_top_i/clk_wiz_0/inst/clkout1_buf/O
                         net (fo=63, routed)          1.519    -0.661    system_top_i/mig_7series_0/u_system_top_mig_7series_0_1_mig/u_ddr3_infrastructure/mmcm_clk
    PLLE2_ADV_X1Y2       PLLE2_ADV (Prop_plle2_adv_CLKIN1_CLKOUT3)
                                                      0.077    -0.584 r  system_top_i/mig_7series_0/u_system_top_mig_7series_0_1_mig/u_ddr3_infrastructure/plle2_i/CLKOUT3
                         net (fo=1, routed)           1.165     0.581    system_top_i/mig_7series_0/u_system_top_mig_7series_0_1_mig/u_ddr3_infrastructure/pll_clk3_out
    BUFHCE_X1Y24         BUFH (Prop_bufh_I_O)         0.106     0.687 r  system_top_i/mig_7series_0/u_system_top_mig_7series_0_1_mig/u_ddr3_infrastructure/u_bufh_pll_clk3/O
                         net (fo=1, routed)           0.813     1.500    system_top_i/mig_7series_0/u_system_top_mig_7series_0_1_mig/u_ddr3_infrastructure/pll_clk3
    MMCME2_ADV_X1Y2      MMCME2_ADV (Prop_mmcme2_adv_CLKIN1_CLKFBOUT)
                                                     -3.104    -1.604 r  system_top_i/mig_7series_0/u_system_top_mig_7series_0_1_mig/u_ddr3_infrastructure/gen_mmcm.mmcm_i/CLKFBOUT
                         net (fo=1, routed)           1.524    -0.080    system_top_i/mig_7series_0/u_system_top_mig_7series_0_1_mig/u_ddr3_infrastructure/clk_pll_i
    BUFGCTRL_X0Y0        BUFG (Prop_bufg_I_O)         0.081     0.001 r  system_top_i/mig_7series_0/u_system_top_mig_7series_0_1_mig/u_ddr3_infrastructure/u_bufg_clkdiv0/O
                         net (fo=9583, routed)        1.404     1.405    system_top_i/axi_interconnect_0/m00_couplers/auto_cc/inst/gen_clock_conv.gen_async_conv.asyncfifo_axi/inst_fifo_gen/gaxi_full_lite.gread_ch.grdch2.axi_rdch/grf.rf/gntv_or_sync_fifo.gcx.clkx/rd_pntr_cdc_inst/dest_clk
    SLICE_X131Y181       FDRE                                         r  system_top_i/axi_interconnect_0/m00_couplers/auto_cc/inst/gen_clock_conv.gen_async_conv.asyncfifo_axi/inst_fifo_gen/gaxi_full_lite.gread_ch.grdch2.axi_rdch/grf.rf/gntv_or_sync_fifo.gcx.clkx/rd_pntr_cdc_inst/dest_graysync_ff_reg[0][3]/C
                         clock pessimism             -0.254     1.150    
    SLICE_X131Y181       FDRE (Hold_fdre_C_D)         0.030     1.180    system_top_i/axi_interconnect_0/m00_couplers/auto_cc/inst/gen_clock_conv.gen_async_conv.asyncfifo_axi/inst_fifo_gen/gaxi_full_lite.gread_ch.grdch2.axi_rdch/grf.rf/gntv_or_sync_fifo.gcx.clkx/rd_pntr_cdc_inst/dest_graysync_ff_reg[0][3]
  -------------------------------------------------------------------
                         data arrival                          -0.714    
                         clock arrival                          1.180    
  -------------------------------------------------------------------
                         relative delay                        -1.894    



Id: 2
set_bus_skew -from [get_cells [list {system_top_i/axi_interconnect_0/m00_couplers/auto_cc/inst/gen_clock_conv.gen_async_conv.asyncfifo_axi/inst_fifo_gen/gaxi_full_lite.gwrite_ch.gwach2.axi_wach/grf.rf/gntv_or_sync_fifo.gcx.clkx/wr_pntr_cdc_inst/src_gray_ff_reg[0]} {system_top_i/axi_interconnect_0/m00_couplers/auto_cc/inst/gen_clock_conv.gen_async_conv.asyncfifo_axi/inst_fifo_gen/gaxi_full_lite.gwrite_ch.gwach2.axi_wach/grf.rf/gntv_or_sync_fifo.gcx.clkx/wr_pntr_cdc_inst/src_gray_ff_reg[1]} {system_top_i/axi_interconnect_0/m00_couplers/auto_cc/inst/gen_clock_conv.gen_async_conv.asyncfifo_axi/inst_fifo_gen/gaxi_full_lite.gwrite_ch.gwach2.axi_wach/grf.rf/gntv_or_sync_fifo.gcx.clkx/wr_pntr_cdc_inst/src_gray_ff_reg[2]} {system_top_i/axi_interconnect_0/m00_couplers/auto_cc/inst/gen_clock_conv.gen_async_conv.asyncfifo_axi/inst_fifo_gen/gaxi_full_lite.gwrite_ch.gwach2.axi_wach/grf.rf/gntv_or_sync_fifo.gcx.clkx/wr_pntr_cdc_inst/src_gray_ff_reg[3]}]] -to [get_cells [list {system_top_i/axi_interconnect_0/m00_couplers/auto_cc/inst/gen_clock_conv.gen_async_conv.asyncfifo_axi/inst_fifo_gen/gaxi_full_lite.gwrite_ch.gwach2.axi_wach/grf.rf/gntv_or_sync_fifo.gcx.clkx/wr_pntr_cdc_inst/dest_graysync_ff_reg[0][0]} {system_top_i/axi_interconnect_0/m00_couplers/auto_cc/inst/gen_clock_conv.gen_async_conv.asyncfifo_axi/inst_fifo_gen/gaxi_full_lite.gwrite_ch.gwach2.axi_wach/grf.rf/gntv_or_sync_fifo.gcx.clkx/wr_pntr_cdc_inst/dest_graysync_ff_reg[0][1]} {system_top_i/axi_interconnect_0/m00_couplers/auto_cc/inst/gen_clock_conv.gen_async_conv.asyncfifo_axi/inst_fifo_gen/gaxi_full_lite.gwrite_ch.gwach2.axi_wach/grf.rf/gntv_or_sync_fifo.gcx.clkx/wr_pntr_cdc_inst/dest_graysync_ff_reg[0][2]} {system_top_i/axi_interconnect_0/m00_couplers/auto_cc/inst/gen_clock_conv.gen_async_conv.asyncfifo_axi/inst_fifo_gen/gaxi_full_lite.gwrite_ch.gwach2.axi_wach/grf.rf/gntv_or_sync_fifo.gcx.clkx/wr_pntr_cdc_inst/dest_graysync_ff_reg[0][3]}]] 10.000
Requirement: 10.000ns
Endpoints: 4

From Clock            To Clock              Endpoint Pin                    Reference Pin                   Corner  Actual(ns)  Slack(ns)
--------------------  --------------------  ------------------------------  ------------------------------  ------  ----------  ---------
clk_out2_system_top_clk_wiz_0_0
                      clk_pll_i             system_top_i/axi_interconnect_0/m00_couplers/auto_cc/inst/gen_clock_conv.gen_async_conv.asyncfifo_axi/inst_fifo_gen/gaxi_full_lite.gwrite_ch.gwach2.axi_wach/grf.rf/gntv_or_sync_fifo.gcx.clkx/wr_pntr_cdc_inst/dest_graysync_ff_reg[0][3]/D
                                                                            system_top_i/axi_interconnect_0/m00_couplers/auto_cc/inst/gen_clock_conv.gen_async_conv.asyncfifo_axi/inst_fifo_gen/gaxi_full_lite.gwrite_ch.gwach2.axi_wach/grf.rf/gntv_or_sync_fifo.gcx.clkx/wr_pntr_cdc_inst/dest_graysync_ff_reg[0][0]/D
                                                                                                            Slow         0.854      9.146


Slack (MET) :             9.146ns  (requirement - actual skew)
  Endpoint Source:        system_top_i/axi_interconnect_0/m00_couplers/auto_cc/inst/gen_clock_conv.gen_async_conv.asyncfifo_axi/inst_fifo_gen/gaxi_full_lite.gwrite_ch.gwach2.axi_wach/grf.rf/gntv_or_sync_fifo.gcx.clkx/wr_pntr_cdc_inst/src_gray_ff_reg[3]/C
                            (rising edge-triggered cell FDRE clocked by clk_out2_system_top_clk_wiz_0_0)
  Endpoint Destination:   system_top_i/axi_interconnect_0/m00_couplers/auto_cc/inst/gen_clock_conv.gen_async_conv.asyncfifo_axi/inst_fifo_gen/gaxi_full_lite.gwrite_ch.gwach2.axi_wach/grf.rf/gntv_or_sync_fifo.gcx.clkx/wr_pntr_cdc_inst/dest_graysync_ff_reg[0][3]/D
                            (rising edge-triggered cell FDRE clocked by clk_pll_i)
  Reference Source:       system_top_i/axi_interconnect_0/m00_couplers/auto_cc/inst/gen_clock_conv.gen_async_conv.asyncfifo_axi/inst_fifo_gen/gaxi_full_lite.gwrite_ch.gwach2.axi_wach/grf.rf/gntv_or_sync_fifo.gcx.clkx/wr_pntr_cdc_inst/src_gray_ff_reg[0]/C
                            (rising edge-triggered cell FDRE clocked by clk_out2_system_top_clk_wiz_0_0)
  Reference Destination:  system_top_i/axi_interconnect_0/m00_couplers/auto_cc/inst/gen_clock_conv.gen_async_conv.asyncfifo_axi/inst_fifo_gen/gaxi_full_lite.gwrite_ch.gwach2.axi_wach/grf.rf/gntv_or_sync_fifo.gcx.clkx/wr_pntr_cdc_inst/dest_graysync_ff_reg[0][0]/D
                            (rising edge-triggered cell FDRE clocked by clk_pll_i)
  Path Type:              Bus Skew (Max at Slow Process Corner)
  Requirement:            10.000ns
  Endpoint Relative Delay:   -0.819ns
  Reference Relative Delay:  -1.971ns
  Relative CRPR:              0.528ns
  Uncertainty:                0.229ns
  Actual Bus Skew:            0.854ns  (Endpoint Relative Delay - Reference Relative Delay - Relative CRPR + Uncertainty)

Endpoint path:
    Location             Delay type                Incr(ns)  Path(ns)    Netlist Resource(s)
  -------------------------------------------------------------------    -------------------
                         (clock clk_out2_system_top_clk_wiz_0_0 rise edge)
                                                      0.000     0.000 r  
    W19                                               0.000     0.000 r  CLK100MHZ (IN)
                         net (fo=0)                   0.000     0.000    system_top_i/clk_wiz_0/inst/clk_in1
    W19                  IBUF (Prop_ibuf_I_O)         1.440     1.440 r  system_top_i/clk_wiz_0/inst/clkin1_ibufg/O
                         net (fo=1, routed)           1.065     2.505    system_top_i/clk_wiz_0/inst/clk_in1_system_top_clk_wiz_0_0
    MMCME2_ADV_X0Y2      MMCME2_ADV (Prop_mmcme2_adv_CLKIN1_CLKOUT1)
                                                     -6.325    -3.819 r  system_top_i/clk_wiz_0/inst/mmcm_adv_inst/CLKOUT1
                         net (fo=1, routed)           1.559    -2.260    system_top_i/clk_wiz_0/inst/clk_out2_system_top_clk_wiz_0_0
    BUFGCTRL_X0Y2        BUFG (Prop_bufg_I_O)         0.081    -2.179 r  system_top_i/clk_wiz_0/inst/clkout2_buf/O
                         net (fo=11971, routed)       1.393    -0.786    system_top_i/axi_interconnect_0/m00_couplers/auto_cc/inst/gen_clock_conv.gen_async_conv.asyncfifo_axi/inst_fifo_gen/gaxi_full_lite.gwrite_ch.gwach2.axi_wach/grf.rf/gntv_or_sync_fifo.gcx.clkx/wr_pntr_cdc_inst/src_clk
    SLICE_X114Y173       FDRE                                         r  system_top_i/axi_interconnect_0/m00_couplers/auto_cc/inst/gen_clock_conv.gen_async_conv.asyncfifo_axi/inst_fifo_gen/gaxi_full_lite.gwrite_ch.gwach2.axi_wach/grf.rf/gntv_or_sync_fifo.gcx.clkx/wr_pntr_cdc_inst/src_gray_ff_reg[3]/C
  -------------------------------------------------------------------    -------------------
    SLICE_X114Y173       FDRE (Prop_fdre_C_Q)         0.379    -0.407 r  system_top_i/axi_interconnect_0/m00_couplers/auto_cc/inst/gen_clock_conv.gen_async_conv.asyncfifo_axi/inst_fifo_gen/gaxi_full_lite.gwrite_ch.gwach2.axi_wach/grf.rf/gntv_or_sync_fifo.gcx.clkx/wr_pntr_cdc_inst/src_gray_ff_reg[3]/Q
                         net (fo=1, routed)           0.515     0.108    system_top_i/axi_interconnect_0/m00_couplers/auto_cc/inst/gen_clock_conv.gen_async_conv.asyncfifo_axi/inst_fifo_gen/gaxi_full_lite.gwrite_ch.gwach2.axi_wach/grf.rf/gntv_or_sync_fifo.gcx.clkx/wr_pntr_cdc_inst/async_path[3]
    SLICE_X115Y173       FDRE                                         r  system_top_i/axi_interconnect_0/m00_couplers/auto_cc/inst/gen_clock_conv.gen_async_conv.asyncfifo_axi/inst_fifo_gen/gaxi_full_lite.gwrite_ch.gwach2.axi_wach/grf.rf/gntv_or_sync_fifo.gcx.clkx/wr_pntr_cdc_inst/dest_graysync_ff_reg[0][3]/D
  -------------------------------------------------------------------    -------------------

                         (clock clk_pll_i rise edge)
                                                      0.000     0.000 r  
    W19                                               0.000     0.000 r  CLK100MHZ (IN)
                         net (fo=0)                   0.000     0.000    system_top_i/clk_wiz_0/inst/clk_in1
    W19                  IBUF (Prop_ibuf_I_O)         1.374     1.374 r  system_top_i/clk_wiz_0/inst/clkin1_ibufg/O
                         net (fo=1, routed)           1.004     2.378    system_top_i/clk_wiz_0/inst/clk_in1_system_top_clk_wiz_0_0
    MMCME2_ADV_X0Y2      MMCME2_ADV (Prop_mmcme2_adv_CLKIN1_CLKOUT0)
                                                     -6.451    -4.074 r  system_top_i/clk_wiz_0/inst/mmcm_adv_inst/CLKOUT0
                         net (fo=1, routed)           1.488    -2.586    system_top_i/clk_wiz_0/inst/clk_out1_system_top_clk_wiz_0_0
    BUFGCTRL_X0Y1        BUFG (Prop_bufg_I_O)         0.077    -2.509 r  system_top_i/clk_wiz_0/inst/clkout1_buf/O
                         net (fo=63, routed)          1.417    -1.092    system_top_i/mig_7series_0/u_system_top_mig_7series_0_1_mig/u_ddr3_infrastructure/mmcm_clk
    PLLE2_ADV_X1Y2       PLLE2_ADV (Prop_plle2_adv_CLKIN1_CLKOUT3)
                                                      0.073    -1.019 r  system_top_i/mig_7series_0/u_system_top_mig_7series_0_1_mig/u_ddr3_infrastructure/plle2_i/CLKOUT3
                         net (fo=1, routed)           1.029     0.010    system_top_i/mig_7series_0/u_system_top_mig_7series_0_1_mig/u_ddr3_infrastructure/pll_clk3_out
    BUFHCE_X1Y24         BUFH (Prop_bufh_I_O)         0.069     0.079 r  system_top_i/mig_7series_0/u_system_top_mig_7series_0_1_mig/u_ddr3_infrastructure/u_bufh_pll_clk3/O
                         net (fo=1, routed)           0.777     0.856    system_top_i/mig_7series_0/u_system_top_mig_7series_0_1_mig/u_ddr3_infrastructure/pll_clk3
    MMCME2_ADV_X1Y2      MMCME2_ADV (Prop_mmcme2_adv_CLKIN1_CLKFBOUT)
                                                     -2.927    -2.072 r  system_top_i/mig_7series_0/u_system_top_mig_7series_0_1_mig/u_ddr3_infrastructure/gen_mmcm.mmcm_i/CLKFBOUT
                         net (fo=1, routed)           1.452    -0.619    system_top_i/mig_7series_0/u_system_top_mig_7series_0_1_mig/u_ddr3_infrastructure/clk_pll_i
    BUFGCTRL_X0Y0        BUFG (Prop_bufg_I_O)         0.077    -0.542 r  system_top_i/mig_7series_0/u_system_top_mig_7series_0_1_mig/u_ddr3_infrastructure/u_bufg_clkdiv0/O
                         net (fo=9583, routed)        1.287     0.745    system_top_i/axi_interconnect_0/m00_couplers/auto_cc/inst/gen_clock_conv.gen_async_conv.asyncfifo_axi/inst_fifo_gen/gaxi_full_lite.gwrite_ch.gwach2.axi_wach/grf.rf/gntv_or_sync_fifo.gcx.clkx/wr_pntr_cdc_inst/dest_clk
    SLICE_X115Y173       FDRE                                         r  system_top_i/axi_interconnect_0/m00_couplers/auto_cc/inst/gen_clock_conv.gen_async_conv.asyncfifo_axi/inst_fifo_gen/gaxi_full_lite.gwrite_ch.gwach2.axi_wach/grf.rf/gntv_or_sync_fifo.gcx.clkx/wr_pntr_cdc_inst/dest_graysync_ff_reg[0][3]/C
                         clock pessimism              0.254     1.000    
    SLICE_X115Y173       FDRE (Setup_fdre_C_D)       -0.073     0.927    system_top_i/axi_interconnect_0/m00_couplers/auto_cc/inst/gen_clock_conv.gen_async_conv.asyncfifo_axi/inst_fifo_gen/gaxi_full_lite.gwrite_ch.gwach2.axi_wach/grf.rf/gntv_or_sync_fifo.gcx.clkx/wr_pntr_cdc_inst/dest_graysync_ff_reg[0][3]
  -------------------------------------------------------------------
                         data arrival                           0.108    
                         clock arrival                          0.927    
  -------------------------------------------------------------------
                         relative delay                        -0.819    

Reference path:
    Location             Delay type                Incr(ns)  Path(ns)    Netlist Resource(s)
  -------------------------------------------------------------------    -------------------
                         (clock clk_out2_system_top_clk_wiz_0_0 rise edge)
                                                      0.000     0.000 r  
    W19                                               0.000     0.000 r  CLK100MHZ (IN)
                         net (fo=0)                   0.000     0.000    system_top_i/clk_wiz_0/inst/clk_in1
    W19                  IBUF (Prop_ibuf_I_O)         1.374     1.374 r  system_top_i/clk_wiz_0/inst/clkin1_ibufg/O
                         net (fo=1, routed)           1.004     2.378    system_top_i/clk_wiz_0/inst/clk_in1_system_top_clk_wiz_0_0
    MMCME2_ADV_X0Y2      MMCME2_ADV (Prop_mmcme2_adv_CLKIN1_CLKOUT1)
                                                     -6.451    -4.074 r  system_top_i/clk_wiz_0/inst/mmcm_adv_inst/CLKOUT1
                         net (fo=1, routed)           1.488    -2.586    system_top_i/clk_wiz_0/inst/clk_out2_system_top_clk_wiz_0_0
    BUFGCTRL_X0Y2        BUFG (Prop_bufg_I_O)         0.077    -2.509 r  system_top_i/clk_wiz_0/inst/clkout2_buf/O
                         net (fo=11971, routed)       1.289    -1.220    system_top_i/axi_interconnect_0/m00_couplers/auto_cc/inst/gen_clock_conv.gen_async_conv.asyncfifo_axi/inst_fifo_gen/gaxi_full_lite.gwrite_ch.gwach2.axi_wach/grf.rf/gntv_or_sync_fifo.gcx.clkx/wr_pntr_cdc_inst/src_clk
    SLICE_X115Y172       FDRE                                         r  system_top_i/axi_interconnect_0/m00_couplers/auto_cc/inst/gen_clock_conv.gen_async_conv.asyncfifo_axi/inst_fifo_gen/gaxi_full_lite.gwrite_ch.gwach2.axi_wach/grf.rf/gntv_or_sync_fifo.gcx.clkx/wr_pntr_cdc_inst/src_gray_ff_reg[0]/C
  -------------------------------------------------------------------    -------------------
    SLICE_X115Y172       FDRE (Prop_fdre_C_Q)         0.304    -0.916 r  system_top_i/axi_interconnect_0/m00_couplers/auto_cc/inst/gen_clock_conv.gen_async_conv.asyncfifo_axi/inst_fifo_gen/gaxi_full_lite.gwrite_ch.gwach2.axi_wach/grf.rf/gntv_or_sync_fifo.gcx.clkx/wr_pntr_cdc_inst/src_gray_ff_reg[0]/Q
                         net (fo=1, routed)           0.222    -0.694    system_top_i/axi_interconnect_0/m00_couplers/auto_cc/inst/gen_clock_conv.gen_async_conv.asyncfifo_axi/inst_fifo_gen/gaxi_full_lite.gwrite_ch.gwach2.axi_wach/grf.rf/gntv_or_sync_fifo.gcx.clkx/wr_pntr_cdc_inst/async_path[0]
    SLICE_X114Y172       FDRE                                         r  system_top_i/axi_interconnect_0/m00_couplers/auto_cc/inst/gen_clock_conv.gen_async_conv.asyncfifo_axi/inst_fifo_gen/gaxi_full_lite.gwrite_ch.gwach2.axi_wach/grf.rf/gntv_or_sync_fifo.gcx.clkx/wr_pntr_cdc_inst/dest_graysync_ff_reg[0][0]/D
  -------------------------------------------------------------------    -------------------

                         (clock clk_pll_i rise edge)
                                                      0.000     0.000 r  
    W19                                               0.000     0.000 r  CLK100MHZ (IN)
                         net (fo=0)                   0.000     0.000    system_top_i/clk_wiz_0/inst/clk_in1
    W19                  IBUF (Prop_ibuf_I_O)         1.440     1.440 r  system_top_i/clk_wiz_0/inst/clkin1_ibufg/O
                         net (fo=1, routed)           1.065     2.505    system_top_i/clk_wiz_0/inst/clk_in1_system_top_clk_wiz_0_0
    MMCME2_ADV_X0Y2      MMCME2_ADV (Prop_mmcme2_adv_CLKIN1_CLKOUT0)
                                                     -6.325    -3.819 r  system_top_i/clk_wiz_0/inst/mmcm_adv_inst/CLKOUT0
                         net (fo=1, routed)           1.559    -2.260    system_top_i/clk_wiz_0/inst/clk_out1_system_top_clk_wiz_0_0
    BUFGCTRL_X0Y1        BUFG (Prop_bufg_I_O)         0.081    -2.179 r  system_top_i/clk_wiz_0/inst/clkout1_buf/O
                         net (fo=63, routed)          1.519    -0.661    system_top_i/mig_7series_0/u_system_top_mig_7series_0_1_mig/u_ddr3_infrastructure/mmcm_clk
    PLLE2_ADV_X1Y2       PLLE2_ADV (Prop_plle2_adv_CLKIN1_CLKOUT3)
                                                      0.077    -0.584 r  system_top_i/mig_7series_0/u_system_top_mig_7series_0_1_mig/u_ddr3_infrastructure/plle2_i/CLKOUT3
                         net (fo=1, routed)           1.165     0.581    system_top_i/mig_7series_0/u_system_top_mig_7series_0_1_mig/u_ddr3_infrastructure/pll_clk3_out
    BUFHCE_X1Y24         BUFH (Prop_bufh_I_O)         0.106     0.687 r  system_top_i/mig_7series_0/u_system_top_mig_7series_0_1_mig/u_ddr3_infrastructure/u_bufh_pll_clk3/O
                         net (fo=1, routed)           0.813     1.500    system_top_i/mig_7series_0/u_system_top_mig_7series_0_1_mig/u_ddr3_infrastructure/pll_clk3
    MMCME2_ADV_X1Y2      MMCME2_ADV (Prop_mmcme2_adv_CLKIN1_CLKFBOUT)
                                                     -3.104    -1.604 r  system_top_i/mig_7series_0/u_system_top_mig_7series_0_1_mig/u_ddr3_infrastructure/gen_mmcm.mmcm_i/CLKFBOUT
                         net (fo=1, routed)           1.524    -0.080    system_top_i/mig_7series_0/u_system_top_mig_7series_0_1_mig/u_ddr3_infrastructure/clk_pll_i
    BUFGCTRL_X0Y0        BUFG (Prop_bufg_I_O)         0.081     0.001 r  system_top_i/mig_7series_0/u_system_top_mig_7series_0_1_mig/u_ddr3_infrastructure/u_bufg_clkdiv0/O
                         net (fo=9583, routed)        1.395     1.396    system_top_i/axi_interconnect_0/m00_couplers/auto_cc/inst/gen_clock_conv.gen_async_conv.asyncfifo_axi/inst_fifo_gen/gaxi_full_lite.gwrite_ch.gwach2.axi_wach/grf.rf/gntv_or_sync_fifo.gcx.clkx/wr_pntr_cdc_inst/dest_clk
    SLICE_X114Y172       FDRE                                         r  system_top_i/axi_interconnect_0/m00_couplers/auto_cc/inst/gen_clock_conv.gen_async_conv.asyncfifo_axi/inst_fifo_gen/gaxi_full_lite.gwrite_ch.gwach2.axi_wach/grf.rf/gntv_or_sync_fifo.gcx.clkx/wr_pntr_cdc_inst/dest_graysync_ff_reg[0][0]/C
                         clock pessimism             -0.254     1.141    
    SLICE_X114Y172       FDRE (Hold_fdre_C_D)         0.136     1.277    system_top_i/axi_interconnect_0/m00_couplers/auto_cc/inst/gen_clock_conv.gen_async_conv.asyncfifo_axi/inst_fifo_gen/gaxi_full_lite.gwrite_ch.gwach2.axi_wach/grf.rf/gntv_or_sync_fifo.gcx.clkx/wr_pntr_cdc_inst/dest_graysync_ff_reg[0][0]
  -------------------------------------------------------------------
                         data arrival                          -0.694    
                         clock arrival                          1.277    
  -------------------------------------------------------------------
                         relative delay                        -1.971    



Id: 3
set_bus_skew -from [get_cells [list {system_top_i/axi_interconnect_0/m00_couplers/auto_cc/inst/gen_clock_conv.gen_async_conv.asyncfifo_axi/inst_fifo_gen/gaxi_full_lite.gwrite_ch.gwach2.axi_wach/grf.rf/gntv_or_sync_fifo.gcx.clkx/rd_pntr_cdc_inst/src_gray_ff_reg[0]} {system_top_i/axi_interconnect_0/m00_couplers/auto_cc/inst/gen_clock_conv.gen_async_conv.asyncfifo_axi/inst_fifo_gen/gaxi_full_lite.gwrite_ch.gwach2.axi_wach/grf.rf/gntv_or_sync_fifo.gcx.clkx/rd_pntr_cdc_inst/src_gray_ff_reg[1]} {system_top_i/axi_interconnect_0/m00_couplers/auto_cc/inst/gen_clock_conv.gen_async_conv.asyncfifo_axi/inst_fifo_gen/gaxi_full_lite.gwrite_ch.gwach2.axi_wach/grf.rf/gntv_or_sync_fifo.gcx.clkx/rd_pntr_cdc_inst/src_gray_ff_reg[2]} {system_top_i/axi_interconnect_0/m00_couplers/auto_cc/inst/gen_clock_conv.gen_async_conv.asyncfifo_axi/inst_fifo_gen/gaxi_full_lite.gwrite_ch.gwach2.axi_wach/grf.rf/gntv_or_sync_fifo.gcx.clkx/rd_pntr_cdc_inst/src_gray_ff_reg[3]}]] -to [get_cells [list {system_top_i/axi_interconnect_0/m00_couplers/auto_cc/inst/gen_clock_conv.gen_async_conv.asyncfifo_axi/inst_fifo_gen/gaxi_full_lite.gwrite_ch.gwach2.axi_wach/grf.rf/gntv_or_sync_fifo.gcx.clkx/rd_pntr_cdc_inst/dest_graysync_ff_reg[0][0]} {system_top_i/axi_interconnect_0/m00_couplers/auto_cc/inst/gen_clock_conv.gen_async_conv.asyncfifo_axi/inst_fifo_gen/gaxi_full_lite.gwrite_ch.gwach2.axi_wach/grf.rf/gntv_or_sync_fifo.gcx.clkx/rd_pntr_cdc_inst/dest_graysync_ff_reg[0][1]} {system_top_i/axi_interconnect_0/m00_couplers/auto_cc/inst/gen_clock_conv.gen_async_conv.asyncfifo_axi/inst_fifo_gen/gaxi_full_lite.gwrite_ch.gwach2.axi_wach/grf.rf/gntv_or_sync_fifo.gcx.clkx/rd_pntr_cdc_inst/dest_graysync_ff_reg[0][2]} {system_top_i/axi_interconnect_0/m00_couplers/auto_cc/inst/gen_clock_conv.gen_async_conv.asyncfifo_axi/inst_fifo_gen/gaxi_full_lite.gwrite_ch.gwach2.axi_wach/grf.rf/gntv_or_sync_fifo.gcx.clkx/rd_pntr_cdc_inst/dest_graysync_ff_reg[0][3]}]] 10.000
Requirement: 10.000ns
Endpoints: 4

From Clock            To Clock              Endpoint Pin                    Reference Pin                   Corner  Actual(ns)  Slack(ns)
--------------------  --------------------  ------------------------------  ------------------------------  ------  ----------  ---------
clk_pll_i             clk_out2_system_top_clk_wiz_0_0
                                            system_top_i/axi_interconnect_0/m00_couplers/auto_cc/inst/gen_clock_conv.gen_async_conv.asyncfifo_axi/inst_fifo_gen/gaxi_full_lite.gwrite_ch.gwach2.axi_wach/grf.rf/gntv_or_sync_fifo.gcx.clkx/rd_pntr_cdc_inst/dest_graysync_ff_reg[0][3]/D
                                                                            system_top_i/axi_interconnect_0/m00_couplers/auto_cc/inst/gen_clock_conv.gen_async_conv.asyncfifo_axi/inst_fifo_gen/gaxi_full_lite.gwrite_ch.gwach2.axi_wach/grf.rf/gntv_or_sync_fifo.gcx.clkx/rd_pntr_cdc_inst/dest_graysync_ff_reg[0][0]/D
                                                                                                            Slow         0.877      9.123


Slack (MET) :             9.123ns  (requirement - actual skew)
  Endpoint Source:        system_top_i/axi_interconnect_0/m00_couplers/auto_cc/inst/gen_clock_conv.gen_async_conv.asyncfifo_axi/inst_fifo_gen/gaxi_full_lite.gwrite_ch.gwach2.axi_wach/grf.rf/gntv_or_sync_fifo.gcx.clkx/rd_pntr_cdc_inst/src_gray_ff_reg[3]/C
                            (rising edge-triggered cell FDRE clocked by clk_pll_i)
  Endpoint Destination:   system_top_i/axi_interconnect_0/m00_couplers/auto_cc/inst/gen_clock_conv.gen_async_conv.asyncfifo_axi/inst_fifo_gen/gaxi_full_lite.gwrite_ch.gwach2.axi_wach/grf.rf/gntv_or_sync_fifo.gcx.clkx/rd_pntr_cdc_inst/dest_graysync_ff_reg[0][3]/D
                            (rising edge-triggered cell FDRE clocked by clk_out2_system_top_clk_wiz_0_0)
  Reference Source:       system_top_i/axi_interconnect_0/m00_couplers/auto_cc/inst/gen_clock_conv.gen_async_conv.asyncfifo_axi/inst_fifo_gen/gaxi_full_lite.gwrite_ch.gwach2.axi_wach/grf.rf/gntv_or_sync_fifo.gcx.clkx/rd_pntr_cdc_inst/src_gray_ff_reg[0]/C
                            (rising edge-triggered cell FDRE clocked by clk_pll_i)
  Reference Destination:  system_top_i/axi_interconnect_0/m00_couplers/auto_cc/inst/gen_clock_conv.gen_async_conv.asyncfifo_axi/inst_fifo_gen/gaxi_full_lite.gwrite_ch.gwach2.axi_wach/grf.rf/gntv_or_sync_fifo.gcx.clkx/rd_pntr_cdc_inst/dest_graysync_ff_reg[0][0]/D
                            (rising edge-triggered cell FDRE clocked by clk_out2_system_top_clk_wiz_0_0)
  Path Type:              Bus Skew (Max at Slow Process Corner)
  Requirement:            10.000ns
  Endpoint Relative Delay:    3.289ns
  Reference Relative Delay:   2.156ns
  Relative CRPR:              0.528ns
  Uncertainty:                0.272ns
  Actual Bus Skew:            0.877ns  (Endpoint Relative Delay - Reference Relative Delay - Relative CRPR + Uncertainty)

Endpoint path:
    Location             Delay type                Incr(ns)  Path(ns)    Netlist Resource(s)
  -------------------------------------------------------------------    -------------------
                         (clock clk_pll_i rise edge)
                                                      0.000     0.000 r  
    W19                                               0.000     0.000 r  CLK100MHZ (IN)
                         net (fo=0)                   0.000     0.000    system_top_i/clk_wiz_0/inst/clk_in1
    W19                  IBUF (Prop_ibuf_I_O)         1.440     1.440 r  system_top_i/clk_wiz_0/inst/clkin1_ibufg/O
                         net (fo=1, routed)           1.065     2.505    system_top_i/clk_wiz_0/inst/clk_in1_system_top_clk_wiz_0_0
    MMCME2_ADV_X0Y2      MMCME2_ADV (Prop_mmcme2_adv_CLKIN1_CLKOUT0)
                                                     -6.325    -3.819 r  system_top_i/clk_wiz_0/inst/mmcm_adv_inst/CLKOUT0
                         net (fo=1, routed)           1.559    -2.260    system_top_i/clk_wiz_0/inst/clk_out1_system_top_clk_wiz_0_0
    BUFGCTRL_X0Y1        BUFG (Prop_bufg_I_O)         0.081    -2.179 r  system_top_i/clk_wiz_0/inst/clkout1_buf/O
                         net (fo=63, routed)          1.519    -0.661    system_top_i/mig_7series_0/u_system_top_mig_7series_0_1_mig/u_ddr3_infrastructure/mmcm_clk
    PLLE2_ADV_X1Y2       PLLE2_ADV (Prop_plle2_adv_CLKIN1_CLKOUT3)
                                                      0.077    -0.584 r  system_top_i/mig_7series_0/u_system_top_mig_7series_0_1_mig/u_ddr3_infrastructure/plle2_i/CLKOUT3
                         net (fo=1, routed)           1.165     0.581    system_top_i/mig_7series_0/u_system_top_mig_7series_0_1_mig/u_ddr3_infrastructure/pll_clk3_out
    BUFHCE_X1Y24         BUFH (Prop_bufh_I_O)         0.106     0.687 r  system_top_i/mig_7series_0/u_system_top_mig_7series_0_1_mig/u_ddr3_infrastructure/u_bufh_pll_clk3/O
                         net (fo=1, routed)           0.813     1.500    system_top_i/mig_7series_0/u_system_top_mig_7series_0_1_mig/u_ddr3_infrastructure/pll_clk3
    MMCME2_ADV_X1Y2      MMCME2_ADV (Prop_mmcme2_adv_CLKIN1_CLKFBOUT)
                                                     -3.104    -1.604 r  system_top_i/mig_7series_0/u_system_top_mig_7series_0_1_mig/u_ddr3_infrastructure/gen_mmcm.mmcm_i/CLKFBOUT
                         net (fo=1, routed)           1.524    -0.080    system_top_i/mig_7series_0/u_system_top_mig_7series_0_1_mig/u_ddr3_infrastructure/clk_pll_i
    BUFGCTRL_X0Y0        BUFG (Prop_bufg_I_O)         0.081     0.001 r  system_top_i/mig_7series_0/u_system_top_mig_7series_0_1_mig/u_ddr3_infrastructure/u_bufg_clkdiv0/O
                         net (fo=9583, routed)        1.393     1.394    system_top_i/axi_interconnect_0/m00_couplers/auto_cc/inst/gen_clock_conv.gen_async_conv.asyncfifo_axi/inst_fifo_gen/gaxi_full_lite.gwrite_ch.gwach2.axi_wach/grf.rf/gntv_or_sync_fifo.gcx.clkx/rd_pntr_cdc_inst/src_clk
    SLICE_X110Y172       FDRE                                         r  system_top_i/axi_interconnect_0/m00_couplers/auto_cc/inst/gen_clock_conv.gen_async_conv.asyncfifo_axi/inst_fifo_gen/gaxi_full_lite.gwrite_ch.gwach2.axi_wach/grf.rf/gntv_or_sync_fifo.gcx.clkx/rd_pntr_cdc_inst/src_gray_ff_reg[3]/C
  -------------------------------------------------------------------    -------------------
    SLICE_X110Y172       FDRE (Prop_fdre_C_Q)         0.348     1.742 r  system_top_i/axi_interconnect_0/m00_couplers/auto_cc/inst/gen_clock_conv.gen_async_conv.asyncfifo_axi/inst_fifo_gen/gaxi_full_lite.gwrite_ch.gwach2.axi_wach/grf.rf/gntv_or_sync_fifo.gcx.clkx/rd_pntr_cdc_inst/src_gray_ff_reg[3]/Q
                         net (fo=1, routed)           0.369     2.111    system_top_i/axi_interconnect_0/m00_couplers/auto_cc/inst/gen_clock_conv.gen_async_conv.asyncfifo_axi/inst_fifo_gen/gaxi_full_lite.gwrite_ch.gwach2.axi_wach/grf.rf/gntv_or_sync_fifo.gcx.clkx/rd_pntr_cdc_inst/async_path[3]
    SLICE_X109Y172       FDRE                                         r  system_top_i/axi_interconnect_0/m00_couplers/auto_cc/inst/gen_clock_conv.gen_async_conv.asyncfifo_axi/inst_fifo_gen/gaxi_full_lite.gwrite_ch.gwach2.axi_wach/grf.rf/gntv_or_sync_fifo.gcx.clkx/rd_pntr_cdc_inst/dest_graysync_ff_reg[0][3]/D
  -------------------------------------------------------------------    -------------------

                         (clock clk_out2_system_top_clk_wiz_0_0 rise edge)
                                                      0.000     0.000 r  
    W19                                               0.000     0.000 r  CLK100MHZ (IN)
                         net (fo=0)                   0.000     0.000    system_top_i/clk_wiz_0/inst/clk_in1
    W19                  IBUF (Prop_ibuf_I_O)         1.374     1.374 r  system_top_i/clk_wiz_0/inst/clkin1_ibufg/O
                         net (fo=1, routed)           1.004     2.378    system_top_i/clk_wiz_0/inst/clk_in1_system_top_clk_wiz_0_0
    MMCME2_ADV_X0Y2      MMCME2_ADV (Prop_mmcme2_adv_CLKIN1_CLKOUT1)
                                                     -6.451    -4.074 r  system_top_i/clk_wiz_0/inst/mmcm_adv_inst/CLKOUT1
                         net (fo=1, routed)           1.488    -2.586    system_top_i/clk_wiz_0/inst/clk_out2_system_top_clk_wiz_0_0
    BUFGCTRL_X0Y2        BUFG (Prop_bufg_I_O)         0.077    -2.509 r  system_top_i/clk_wiz_0/inst/clkout2_buf/O
                         net (fo=11971, routed)       1.287    -1.222    system_top_i/axi_interconnect_0/m00_couplers/auto_cc/inst/gen_clock_conv.gen_async_conv.asyncfifo_axi/inst_fifo_gen/gaxi_full_lite.gwrite_ch.gwach2.axi_wach/grf.rf/gntv_or_sync_fifo.gcx.clkx/rd_pntr_cdc_inst/dest_clk
    SLICE_X109Y172       FDRE                                         r  system_top_i/axi_interconnect_0/m00_couplers/auto_cc/inst/gen_clock_conv.gen_async_conv.asyncfifo_axi/inst_fifo_gen/gaxi_full_lite.gwrite_ch.gwach2.axi_wach/grf.rf/gntv_or_sync_fifo.gcx.clkx/rd_pntr_cdc_inst/dest_graysync_ff_reg[0][3]/C
                         clock pessimism              0.254    -0.967    
    SLICE_X109Y172       FDRE (Setup_fdre_C_D)       -0.210    -1.177    system_top_i/axi_interconnect_0/m00_couplers/auto_cc/inst/gen_clock_conv.gen_async_conv.asyncfifo_axi/inst_fifo_gen/gaxi_full_lite.gwrite_ch.gwach2.axi_wach/grf.rf/gntv_or_sync_fifo.gcx.clkx/rd_pntr_cdc_inst/dest_graysync_ff_reg[0][3]
  -------------------------------------------------------------------
                         data arrival                           2.111    
                         clock arrival                         -1.177    
  -------------------------------------------------------------------
                         relative delay                         3.289    

Reference path:
    Location             Delay type                Incr(ns)  Path(ns)    Netlist Resource(s)
  -------------------------------------------------------------------    -------------------
                         (clock clk_pll_i rise edge)
                                                      0.000     0.000 r  
    W19                                               0.000     0.000 r  CLK100MHZ (IN)
                         net (fo=0)                   0.000     0.000    system_top_i/clk_wiz_0/inst/clk_in1
    W19                  IBUF (Prop_ibuf_I_O)         1.374     1.374 r  system_top_i/clk_wiz_0/inst/clkin1_ibufg/O
                         net (fo=1, routed)           1.004     2.378    system_top_i/clk_wiz_0/inst/clk_in1_system_top_clk_wiz_0_0
    MMCME2_ADV_X0Y2      MMCME2_ADV (Prop_mmcme2_adv_CLKIN1_CLKOUT0)
                                                     -6.451    -4.074 r  system_top_i/clk_wiz_0/inst/mmcm_adv_inst/CLKOUT0
                         net (fo=1, routed)           1.488    -2.586    system_top_i/clk_wiz_0/inst/clk_out1_system_top_clk_wiz_0_0
    BUFGCTRL_X0Y1        BUFG (Prop_bufg_I_O)         0.077    -2.509 r  system_top_i/clk_wiz_0/inst/clkout1_buf/O
                         net (fo=63, routed)          1.417    -1.092    system_top_i/mig_7series_0/u_system_top_mig_7series_0_1_mig/u_ddr3_infrastructure/mmcm_clk
    PLLE2_ADV_X1Y2       PLLE2_ADV (Prop_plle2_adv_CLKIN1_CLKOUT3)
                                                      0.073    -1.019 r  system_top_i/mig_7series_0/u_system_top_mig_7series_0_1_mig/u_ddr3_infrastructure/plle2_i/CLKOUT3
                         net (fo=1, routed)           1.029     0.010    system_top_i/mig_7series_0/u_system_top_mig_7series_0_1_mig/u_ddr3_infrastructure/pll_clk3_out
    BUFHCE_X1Y24         BUFH (Prop_bufh_I_O)         0.069     0.079 r  system_top_i/mig_7series_0/u_system_top_mig_7series_0_1_mig/u_ddr3_infrastructure/u_bufh_pll_clk3/O
                         net (fo=1, routed)           0.777     0.856    system_top_i/mig_7series_0/u_system_top_mig_7series_0_1_mig/u_ddr3_infrastructure/pll_clk3
    MMCME2_ADV_X1Y2      MMCME2_ADV (Prop_mmcme2_adv_CLKIN1_CLKFBOUT)
                                                     -2.927    -2.072 r  system_top_i/mig_7series_0/u_system_top_mig_7series_0_1_mig/u_ddr3_infrastructure/gen_mmcm.mmcm_i/CLKFBOUT
                         net (fo=1, routed)           1.452    -0.619    system_top_i/mig_7series_0/u_system_top_mig_7series_0_1_mig/u_ddr3_infrastructure/clk_pll_i
    BUFGCTRL_X0Y0        BUFG (Prop_bufg_I_O)         0.077    -0.542 r  system_top_i/mig_7series_0/u_system_top_mig_7series_0_1_mig/u_ddr3_infrastructure/u_bufg_clkdiv0/O
                         net (fo=9583, routed)        1.287     0.745    system_top_i/axi_interconnect_0/m00_couplers/auto_cc/inst/gen_clock_conv.gen_async_conv.asyncfifo_axi/inst_fifo_gen/gaxi_full_lite.gwrite_ch.gwach2.axi_wach/grf.rf/gntv_or_sync_fifo.gcx.clkx/rd_pntr_cdc_inst/src_clk
    SLICE_X111Y172       FDRE                                         r  system_top_i/axi_interconnect_0/m00_couplers/auto_cc/inst/gen_clock_conv.gen_async_conv.asyncfifo_axi/inst_fifo_gen/gaxi_full_lite.gwrite_ch.gwach2.axi_wach/grf.rf/gntv_or_sync_fifo.gcx.clkx/rd_pntr_cdc_inst/src_gray_ff_reg[0]/C
  -------------------------------------------------------------------    -------------------
    SLICE_X111Y172       FDRE (Prop_fdre_C_Q)         0.304     1.049 r  system_top_i/axi_interconnect_0/m00_couplers/auto_cc/inst/gen_clock_conv.gen_async_conv.asyncfifo_axi/inst_fifo_gen/gaxi_full_lite.gwrite_ch.gwach2.axi_wach/grf.rf/gntv_or_sync_fifo.gcx.clkx/rd_pntr_cdc_inst/src_gray_ff_reg[0]/Q
                         net (fo=1, routed)           0.201     1.250    system_top_i/axi_interconnect_0/m00_couplers/auto_cc/inst/gen_clock_conv.gen_async_conv.asyncfifo_axi/inst_fifo_gen/gaxi_full_lite.gwrite_ch.gwach2.axi_wach/grf.rf/gntv_or_sync_fifo.gcx.clkx/rd_pntr_cdc_inst/async_path[0]
    SLICE_X109Y173       FDRE                                         r  system_top_i/axi_interconnect_0/m00_couplers/auto_cc/inst/gen_clock_conv.gen_async_conv.asyncfifo_axi/inst_fifo_gen/gaxi_full_lite.gwrite_ch.gwach2.axi_wach/grf.rf/gntv_or_sync_fifo.gcx.clkx/rd_pntr_cdc_inst/dest_graysync_ff_reg[0][0]/D
  -------------------------------------------------------------------    -------------------

                         (clock clk_out2_system_top_clk_wiz_0_0 rise edge)
                                                      0.000     0.000 r  
    W19                                               0.000     0.000 r  CLK100MHZ (IN)
                         net (fo=0)                   0.000     0.000    system_top_i/clk_wiz_0/inst/clk_in1
    W19                  IBUF (Prop_ibuf_I_O)         1.440     1.440 r  system_top_i/clk_wiz_0/inst/clkin1_ibufg/O
                         net (fo=1, routed)           1.065     2.505    system_top_i/clk_wiz_0/inst/clk_in1_system_top_clk_wiz_0_0
    MMCME2_ADV_X0Y2      MMCME2_ADV (Prop_mmcme2_adv_CLKIN1_CLKOUT1)
                                                     -6.325    -3.819 r  system_top_i/clk_wiz_0/inst/mmcm_adv_inst/CLKOUT1
                         net (fo=1, routed)           1.559    -2.260    system_top_i/clk_wiz_0/inst/clk_out2_system_top_clk_wiz_0_0
    BUFGCTRL_X0Y2        BUFG (Prop_bufg_I_O)         0.081    -2.179 r  system_top_i/clk_wiz_0/inst/clkout2_buf/O
                         net (fo=11971, routed)       1.391    -0.788    system_top_i/axi_interconnect_0/m00_couplers/auto_cc/inst/gen_clock_conv.gen_async_conv.asyncfifo_axi/inst_fifo_gen/gaxi_full_lite.gwrite_ch.gwach2.axi_wach/grf.rf/gntv_or_sync_fifo.gcx.clkx/rd_pntr_cdc_inst/dest_clk
    SLICE_X109Y173       FDRE                                         r  system_top_i/axi_interconnect_0/m00_couplers/auto_cc/inst/gen_clock_conv.gen_async_conv.asyncfifo_axi/inst_fifo_gen/gaxi_full_lite.gwrite_ch.gwach2.axi_wach/grf.rf/gntv_or_sync_fifo.gcx.clkx/rd_pntr_cdc_inst/dest_graysync_ff_reg[0][0]/C
                         clock pessimism             -0.254    -1.043    
    SLICE_X109Y173       FDRE (Hold_fdre_C_D)         0.136    -0.907    system_top_i/axi_interconnect_0/m00_couplers/auto_cc/inst/gen_clock_conv.gen_async_conv.asyncfifo_axi/inst_fifo_gen/gaxi_full_lite.gwrite_ch.gwach2.axi_wach/grf.rf/gntv_or_sync_fifo.gcx.clkx/rd_pntr_cdc_inst/dest_graysync_ff_reg[0][0]
  -------------------------------------------------------------------
                         data arrival                           1.250    
                         clock arrival                         -0.907    
  -------------------------------------------------------------------
                         relative delay                         2.156    



Id: 4
set_bus_skew -from [get_cells [list {system_top_i/axi_interconnect_0/m00_couplers/auto_cc/inst/gen_clock_conv.gen_async_conv.asyncfifo_axi/inst_fifo_gen/gaxi_full_lite.gwrite_ch.gwdch2.axi_wdch/grf.rf/gntv_or_sync_fifo.gcx.clkx/wr_pntr_cdc_inst/src_gray_ff_reg[0]} {system_top_i/axi_interconnect_0/m00_couplers/auto_cc/inst/gen_clock_conv.gen_async_conv.asyncfifo_axi/inst_fifo_gen/gaxi_full_lite.gwrite_ch.gwdch2.axi_wdch/grf.rf/gntv_or_sync_fifo.gcx.clkx/wr_pntr_cdc_inst/src_gray_ff_reg[1]} {system_top_i/axi_interconnect_0/m00_couplers/auto_cc/inst/gen_clock_conv.gen_async_conv.asyncfifo_axi/inst_fifo_gen/gaxi_full_lite.gwrite_ch.gwdch2.axi_wdch/grf.rf/gntv_or_sync_fifo.gcx.clkx/wr_pntr_cdc_inst/src_gray_ff_reg[2]} {system_top_i/axi_interconnect_0/m00_couplers/auto_cc/inst/gen_clock_conv.gen_async_conv.asyncfifo_axi/inst_fifo_gen/gaxi_full_lite.gwrite_ch.gwdch2.axi_wdch/grf.rf/gntv_or_sync_fifo.gcx.clkx/wr_pntr_cdc_inst/src_gray_ff_reg[3]}]] -to [get_cells [list {system_top_i/axi_interconnect_0/m00_couplers/auto_cc/inst/gen_clock_conv.gen_async_conv.asyncfifo_axi/inst_fifo_gen/gaxi_full_lite.gwrite_ch.gwdch2.axi_wdch/grf.rf/gntv_or_sync_fifo.gcx.clkx/wr_pntr_cdc_inst/dest_graysync_ff_reg[0][0]} {system_top_i/axi_interconnect_0/m00_couplers/auto_cc/inst/gen_clock_conv.gen_async_conv.asyncfifo_axi/inst_fifo_gen/gaxi_full_lite.gwrite_ch.gwdch2.axi_wdch/grf.rf/gntv_or_sync_fifo.gcx.clkx/wr_pntr_cdc_inst/dest_graysync_ff_reg[0][1]} {system_top_i/axi_interconnect_0/m00_couplers/auto_cc/inst/gen_clock_conv.gen_async_conv.asyncfifo_axi/inst_fifo_gen/gaxi_full_lite.gwrite_ch.gwdch2.axi_wdch/grf.rf/gntv_or_sync_fifo.gcx.clkx/wr_pntr_cdc_inst/dest_graysync_ff_reg[0][2]} {system_top_i/axi_interconnect_0/m00_couplers/auto_cc/inst/gen_clock_conv.gen_async_conv.asyncfifo_axi/inst_fifo_gen/gaxi_full_lite.gwrite_ch.gwdch2.axi_wdch/grf.rf/gntv_or_sync_fifo.gcx.clkx/wr_pntr_cdc_inst/dest_graysync_ff_reg[0][3]}]] 10.000
Requirement: 10.000ns
Endpoints: 4

From Clock            To Clock              Endpoint Pin                    Reference Pin                   Corner  Actual(ns)  Slack(ns)
--------------------  --------------------  ------------------------------  ------------------------------  ------  ----------  ---------
clk_out2_system_top_clk_wiz_0_0
                      clk_pll_i             system_top_i/axi_interconnect_0/m00_couplers/auto_cc/inst/gen_clock_conv.gen_async_conv.asyncfifo_axi/inst_fifo_gen/gaxi_full_lite.gwrite_ch.gwdch2.axi_wdch/grf.rf/gntv_or_sync_fifo.gcx.clkx/wr_pntr_cdc_inst/dest_graysync_ff_reg[0][2]/D
                                                                            system_top_i/axi_interconnect_0/m00_couplers/auto_cc/inst/gen_clock_conv.gen_async_conv.asyncfifo_axi/inst_fifo_gen/gaxi_full_lite.gwrite_ch.gwdch2.axi_wdch/grf.rf/gntv_or_sync_fifo.gcx.clkx/wr_pntr_cdc_inst/dest_graysync_ff_reg[0][0]/D
                                                                                                            Slow         0.863      9.137


Slack (MET) :             9.137ns  (requirement - actual skew)
  Endpoint Source:        system_top_i/axi_interconnect_0/m00_couplers/auto_cc/inst/gen_clock_conv.gen_async_conv.asyncfifo_axi/inst_fifo_gen/gaxi_full_lite.gwrite_ch.gwdch2.axi_wdch/grf.rf/gntv_or_sync_fifo.gcx.clkx/wr_pntr_cdc_inst/src_gray_ff_reg[2]/C
                            (rising edge-triggered cell FDRE clocked by clk_out2_system_top_clk_wiz_0_0)
  Endpoint Destination:   system_top_i/axi_interconnect_0/m00_couplers/auto_cc/inst/gen_clock_conv.gen_async_conv.asyncfifo_axi/inst_fifo_gen/gaxi_full_lite.gwrite_ch.gwdch2.axi_wdch/grf.rf/gntv_or_sync_fifo.gcx.clkx/wr_pntr_cdc_inst/dest_graysync_ff_reg[0][2]/D
                            (rising edge-triggered cell FDRE clocked by clk_pll_i)
  Reference Source:       system_top_i/axi_interconnect_0/m00_couplers/auto_cc/inst/gen_clock_conv.gen_async_conv.asyncfifo_axi/inst_fifo_gen/gaxi_full_lite.gwrite_ch.gwdch2.axi_wdch/grf.rf/gntv_or_sync_fifo.gcx.clkx/wr_pntr_cdc_inst/src_gray_ff_reg[0]/C
                            (rising edge-triggered cell FDRE clocked by clk_out2_system_top_clk_wiz_0_0)
  Reference Destination:  system_top_i/axi_interconnect_0/m00_couplers/auto_cc/inst/gen_clock_conv.gen_async_conv.asyncfifo_axi/inst_fifo_gen/gaxi_full_lite.gwrite_ch.gwdch2.axi_wdch/grf.rf/gntv_or_sync_fifo.gcx.clkx/wr_pntr_cdc_inst/dest_graysync_ff_reg[0][0]/D
                            (rising edge-triggered cell FDRE clocked by clk_pll_i)
  Path Type:              Bus Skew (Max at Slow Process Corner)
  Requirement:            10.000ns
  Endpoint Relative Delay:   -0.860ns
  Reference Relative Delay:  -2.048ns
  Relative CRPR:              0.554ns
  Uncertainty:                0.229ns
  Actual Bus Skew:            0.863ns  (Endpoint Relative Delay - Reference Relative Delay - Relative CRPR + Uncertainty)

Endpoint path:
    Location             Delay type                Incr(ns)  Path(ns)    Netlist Resource(s)
  -------------------------------------------------------------------    -------------------
                         (clock clk_out2_system_top_clk_wiz_0_0 rise edge)
                                                      0.000     0.000 r  
    W19                                               0.000     0.000 r  CLK100MHZ (IN)
                         net (fo=0)                   0.000     0.000    system_top_i/clk_wiz_0/inst/clk_in1
    W19                  IBUF (Prop_ibuf_I_O)         1.440     1.440 r  system_top_i/clk_wiz_0/inst/clkin1_ibufg/O
                         net (fo=1, routed)           1.065     2.505    system_top_i/clk_wiz_0/inst/clk_in1_system_top_clk_wiz_0_0
    MMCME2_ADV_X0Y2      MMCME2_ADV (Prop_mmcme2_adv_CLKIN1_CLKOUT1)
                                                     -6.325    -3.819 r  system_top_i/clk_wiz_0/inst/mmcm_adv_inst/CLKOUT1
                         net (fo=1, routed)           1.559    -2.260    system_top_i/clk_wiz_0/inst/clk_out2_system_top_clk_wiz_0_0
    BUFGCTRL_X0Y2        BUFG (Prop_bufg_I_O)         0.081    -2.179 r  system_top_i/clk_wiz_0/inst/clkout2_buf/O
                         net (fo=11971, routed)       1.404    -0.775    system_top_i/axi_interconnect_0/m00_couplers/auto_cc/inst/gen_clock_conv.gen_async_conv.asyncfifo_axi/inst_fifo_gen/gaxi_full_lite.gwrite_ch.gwdch2.axi_wdch/grf.rf/gntv_or_sync_fifo.gcx.clkx/wr_pntr_cdc_inst/src_clk
    SLICE_X133Y180       FDRE                                         r  system_top_i/axi_interconnect_0/m00_couplers/auto_cc/inst/gen_clock_conv.gen_async_conv.asyncfifo_axi/inst_fifo_gen/gaxi_full_lite.gwrite_ch.gwdch2.axi_wdch/grf.rf/gntv_or_sync_fifo.gcx.clkx/wr_pntr_cdc_inst/src_gray_ff_reg[2]/C
  -------------------------------------------------------------------    -------------------
    SLICE_X133Y180       FDRE (Prop_fdre_C_Q)         0.379    -0.396 r  system_top_i/axi_interconnect_0/m00_couplers/auto_cc/inst/gen_clock_conv.gen_async_conv.asyncfifo_axi/inst_fifo_gen/gaxi_full_lite.gwrite_ch.gwdch2.axi_wdch/grf.rf/gntv_or_sync_fifo.gcx.clkx/wr_pntr_cdc_inst/src_gray_ff_reg[2]/Q
                         net (fo=1, routed)           0.472     0.076    system_top_i/axi_interconnect_0/m00_couplers/auto_cc/inst/gen_clock_conv.gen_async_conv.asyncfifo_axi/inst_fifo_gen/gaxi_full_lite.gwrite_ch.gwdch2.axi_wdch/grf.rf/gntv_or_sync_fifo.gcx.clkx/wr_pntr_cdc_inst/async_path[2]
    SLICE_X133Y181       FDRE                                         r  system_top_i/axi_interconnect_0/m00_couplers/auto_cc/inst/gen_clock_conv.gen_async_conv.asyncfifo_axi/inst_fifo_gen/gaxi_full_lite.gwrite_ch.gwdch2.axi_wdch/grf.rf/gntv_or_sync_fifo.gcx.clkx/wr_pntr_cdc_inst/dest_graysync_ff_reg[0][2]/D
  -------------------------------------------------------------------    -------------------

                         (clock clk_pll_i rise edge)
                                                      0.000     0.000 r  
    W19                                               0.000     0.000 r  CLK100MHZ (IN)
                         net (fo=0)                   0.000     0.000    system_top_i/clk_wiz_0/inst/clk_in1
    W19                  IBUF (Prop_ibuf_I_O)         1.374     1.374 r  system_top_i/clk_wiz_0/inst/clkin1_ibufg/O
                         net (fo=1, routed)           1.004     2.378    system_top_i/clk_wiz_0/inst/clk_in1_system_top_clk_wiz_0_0
    MMCME2_ADV_X0Y2      MMCME2_ADV (Prop_mmcme2_adv_CLKIN1_CLKOUT0)
                                                     -6.451    -4.074 r  system_top_i/clk_wiz_0/inst/mmcm_adv_inst/CLKOUT0
                         net (fo=1, routed)           1.488    -2.586    system_top_i/clk_wiz_0/inst/clk_out1_system_top_clk_wiz_0_0
    BUFGCTRL_X0Y1        BUFG (Prop_bufg_I_O)         0.077    -2.509 r  system_top_i/clk_wiz_0/inst/clkout1_buf/O
                         net (fo=63, routed)          1.417    -1.092    system_top_i/mig_7series_0/u_system_top_mig_7series_0_1_mig/u_ddr3_infrastructure/mmcm_clk
    PLLE2_ADV_X1Y2       PLLE2_ADV (Prop_plle2_adv_CLKIN1_CLKOUT3)
                                                      0.073    -1.019 r  system_top_i/mig_7series_0/u_system_top_mig_7series_0_1_mig/u_ddr3_infrastructure/plle2_i/CLKOUT3
                         net (fo=1, routed)           1.029     0.010    system_top_i/mig_7series_0/u_system_top_mig_7series_0_1_mig/u_ddr3_infrastructure/pll_clk3_out
    BUFHCE_X1Y24         BUFH (Prop_bufh_I_O)         0.069     0.079 r  system_top_i/mig_7series_0/u_system_top_mig_7series_0_1_mig/u_ddr3_infrastructure/u_bufh_pll_clk3/O
                         net (fo=1, routed)           0.777     0.856    system_top_i/mig_7series_0/u_system_top_mig_7series_0_1_mig/u_ddr3_infrastructure/pll_clk3
    MMCME2_ADV_X1Y2      MMCME2_ADV (Prop_mmcme2_adv_CLKIN1_CLKFBOUT)
                                                     -2.927    -2.072 r  system_top_i/mig_7series_0/u_system_top_mig_7series_0_1_mig/u_ddr3_infrastructure/gen_mmcm.mmcm_i/CLKFBOUT
                         net (fo=1, routed)           1.452    -0.619    system_top_i/mig_7series_0/u_system_top_mig_7series_0_1_mig/u_ddr3_infrastructure/clk_pll_i
    BUFGCTRL_X0Y0        BUFG (Prop_bufg_I_O)         0.077    -0.542 r  system_top_i/mig_7series_0/u_system_top_mig_7series_0_1_mig/u_ddr3_infrastructure/u_bufg_clkdiv0/O
                         net (fo=9583, routed)        1.298     0.756    system_top_i/axi_interconnect_0/m00_couplers/auto_cc/inst/gen_clock_conv.gen_async_conv.asyncfifo_axi/inst_fifo_gen/gaxi_full_lite.gwrite_ch.gwdch2.axi_wdch/grf.rf/gntv_or_sync_fifo.gcx.clkx/wr_pntr_cdc_inst/dest_clk
    SLICE_X133Y181       FDRE                                         r  system_top_i/axi_interconnect_0/m00_couplers/auto_cc/inst/gen_clock_conv.gen_async_conv.asyncfifo_axi/inst_fifo_gen/gaxi_full_lite.gwrite_ch.gwdch2.axi_wdch/grf.rf/gntv_or_sync_fifo.gcx.clkx/wr_pntr_cdc_inst/dest_graysync_ff_reg[0][2]/C
                         clock pessimism              0.254     1.011    
    SLICE_X133Y181       FDRE (Setup_fdre_C_D)       -0.075     0.936    system_top_i/axi_interconnect_0/m00_couplers/auto_cc/inst/gen_clock_conv.gen_async_conv.asyncfifo_axi/inst_fifo_gen/gaxi_full_lite.gwrite_ch.gwdch2.axi_wdch/grf.rf/gntv_or_sync_fifo.gcx.clkx/wr_pntr_cdc_inst/dest_graysync_ff_reg[0][2]
  -------------------------------------------------------------------
                         data arrival                           0.076    
                         clock arrival                          0.936    
  -------------------------------------------------------------------
                         relative delay                        -0.860    

Reference path:
    Location             Delay type                Incr(ns)  Path(ns)    Netlist Resource(s)
  -------------------------------------------------------------------    -------------------
                         (clock clk_out2_system_top_clk_wiz_0_0 rise edge)
                                                      0.000     0.000 r  
    W19                                               0.000     0.000 r  CLK100MHZ (IN)
                         net (fo=0)                   0.000     0.000    system_top_i/clk_wiz_0/inst/clk_in1
    W19                  IBUF (Prop_ibuf_I_O)         1.374     1.374 r  system_top_i/clk_wiz_0/inst/clkin1_ibufg/O
                         net (fo=1, routed)           1.004     2.378    system_top_i/clk_wiz_0/inst/clk_in1_system_top_clk_wiz_0_0
    MMCME2_ADV_X0Y2      MMCME2_ADV (Prop_mmcme2_adv_CLKIN1_CLKOUT1)
                                                     -6.451    -4.074 r  system_top_i/clk_wiz_0/inst/mmcm_adv_inst/CLKOUT1
                         net (fo=1, routed)           1.488    -2.586    system_top_i/clk_wiz_0/inst/clk_out2_system_top_clk_wiz_0_0
    BUFGCTRL_X0Y2        BUFG (Prop_bufg_I_O)         0.077    -2.509 r  system_top_i/clk_wiz_0/inst/clkout2_buf/O
                         net (fo=11971, routed)       1.297    -1.212    system_top_i/axi_interconnect_0/m00_couplers/auto_cc/inst/gen_clock_conv.gen_async_conv.asyncfifo_axi/inst_fifo_gen/gaxi_full_lite.gwrite_ch.gwdch2.axi_wdch/grf.rf/gntv_or_sync_fifo.gcx.clkx/wr_pntr_cdc_inst/src_clk
    SLICE_X133Y180       FDRE                                         r  system_top_i/axi_interconnect_0/m00_couplers/auto_cc/inst/gen_clock_conv.gen_async_conv.asyncfifo_axi/inst_fifo_gen/gaxi_full_lite.gwrite_ch.gwdch2.axi_wdch/grf.rf/gntv_or_sync_fifo.gcx.clkx/wr_pntr_cdc_inst/src_gray_ff_reg[0]/C
  -------------------------------------------------------------------    -------------------
    SLICE_X133Y180       FDRE (Prop_fdre_C_Q)         0.304    -0.908 r  system_top_i/axi_interconnect_0/m00_couplers/auto_cc/inst/gen_clock_conv.gen_async_conv.asyncfifo_axi/inst_fifo_gen/gaxi_full_lite.gwrite_ch.gwdch2.axi_wdch/grf.rf/gntv_or_sync_fifo.gcx.clkx/wr_pntr_cdc_inst/src_gray_ff_reg[0]/Q
                         net (fo=1, routed)           0.199    -0.709    system_top_i/axi_interconnect_0/m00_couplers/auto_cc/inst/gen_clock_conv.gen_async_conv.asyncfifo_axi/inst_fifo_gen/gaxi_full_lite.gwrite_ch.gwdch2.axi_wdch/grf.rf/gntv_or_sync_fifo.gcx.clkx/wr_pntr_cdc_inst/async_path[0]
    SLICE_X132Y181       FDRE                                         r  system_top_i/axi_interconnect_0/m00_couplers/auto_cc/inst/gen_clock_conv.gen_async_conv.asyncfifo_axi/inst_fifo_gen/gaxi_full_lite.gwrite_ch.gwdch2.axi_wdch/grf.rf/gntv_or_sync_fifo.gcx.clkx/wr_pntr_cdc_inst/dest_graysync_ff_reg[0][0]/D
  -------------------------------------------------------------------    -------------------

                         (clock clk_pll_i rise edge)
                                                      0.000     0.000 r  
    W19                                               0.000     0.000 r  CLK100MHZ (IN)
                         net (fo=0)                   0.000     0.000    system_top_i/clk_wiz_0/inst/clk_in1
    W19                  IBUF (Prop_ibuf_I_O)         1.440     1.440 r  system_top_i/clk_wiz_0/inst/clkin1_ibufg/O
                         net (fo=1, routed)           1.065     2.505    system_top_i/clk_wiz_0/inst/clk_in1_system_top_clk_wiz_0_0
    MMCME2_ADV_X0Y2      MMCME2_ADV (Prop_mmcme2_adv_CLKIN1_CLKOUT0)
                                                     -6.325    -3.819 r  system_top_i/clk_wiz_0/inst/mmcm_adv_inst/CLKOUT0
                         net (fo=1, routed)           1.559    -2.260    system_top_i/clk_wiz_0/inst/clk_out1_system_top_clk_wiz_0_0
    BUFGCTRL_X0Y1        BUFG (Prop_bufg_I_O)         0.081    -2.179 r  system_top_i/clk_wiz_0/inst/clkout1_buf/O
                         net (fo=63, routed)          1.519    -0.661    system_top_i/mig_7series_0/u_system_top_mig_7series_0_1_mig/u_ddr3_infrastructure/mmcm_clk
    PLLE2_ADV_X1Y2       PLLE2_ADV (Prop_plle2_adv_CLKIN1_CLKOUT3)
                                                      0.077    -0.584 r  system_top_i/mig_7series_0/u_system_top_mig_7series_0_1_mig/u_ddr3_infrastructure/plle2_i/CLKOUT3
                         net (fo=1, routed)           1.165     0.581    system_top_i/mig_7series_0/u_system_top_mig_7series_0_1_mig/u_ddr3_infrastructure/pll_clk3_out
    BUFHCE_X1Y24         BUFH (Prop_bufh_I_O)         0.106     0.687 r  system_top_i/mig_7series_0/u_system_top_mig_7series_0_1_mig/u_ddr3_infrastructure/u_bufh_pll_clk3/O
                         net (fo=1, routed)           0.813     1.500    system_top_i/mig_7series_0/u_system_top_mig_7series_0_1_mig/u_ddr3_infrastructure/pll_clk3
    MMCME2_ADV_X1Y2      MMCME2_ADV (Prop_mmcme2_adv_CLKIN1_CLKFBOUT)
                                                     -3.104    -1.604 r  system_top_i/mig_7series_0/u_system_top_mig_7series_0_1_mig/u_ddr3_infrastructure/gen_mmcm.mmcm_i/CLKFBOUT
                         net (fo=1, routed)           1.524    -0.080    system_top_i/mig_7series_0/u_system_top_mig_7series_0_1_mig/u_ddr3_infrastructure/clk_pll_i
    BUFGCTRL_X0Y0        BUFG (Prop_bufg_I_O)         0.081     0.001 r  system_top_i/mig_7series_0/u_system_top_mig_7series_0_1_mig/u_ddr3_infrastructure/u_bufg_clkdiv0/O
                         net (fo=9583, routed)        1.405     1.406    system_top_i/axi_interconnect_0/m00_couplers/auto_cc/inst/gen_clock_conv.gen_async_conv.asyncfifo_axi/inst_fifo_gen/gaxi_full_lite.gwrite_ch.gwdch2.axi_wdch/grf.rf/gntv_or_sync_fifo.gcx.clkx/wr_pntr_cdc_inst/dest_clk
    SLICE_X132Y181       FDRE                                         r  system_top_i/axi_interconnect_0/m00_couplers/auto_cc/inst/gen_clock_conv.gen_async_conv.asyncfifo_axi/inst_fifo_gen/gaxi_full_lite.gwrite_ch.gwdch2.axi_wdch/grf.rf/gntv_or_sync_fifo.gcx.clkx/wr_pntr_cdc_inst/dest_graysync_ff_reg[0][0]/C
                         clock pessimism             -0.254     1.151    
    SLICE_X132Y181       FDRE (Hold_fdre_C_D)         0.187     1.338    system_top_i/axi_interconnect_0/m00_couplers/auto_cc/inst/gen_clock_conv.gen_async_conv.asyncfifo_axi/inst_fifo_gen/gaxi_full_lite.gwrite_ch.gwdch2.axi_wdch/grf.rf/gntv_or_sync_fifo.gcx.clkx/wr_pntr_cdc_inst/dest_graysync_ff_reg[0][0]
  -------------------------------------------------------------------
                         data arrival                          -0.709    
                         clock arrival                          1.338    
  -------------------------------------------------------------------
                         relative delay                        -2.048    



Id: 5
set_bus_skew -from [get_cells [list {system_top_i/axi_interconnect_0/m00_couplers/auto_cc/inst/gen_clock_conv.gen_async_conv.asyncfifo_axi/inst_fifo_gen/gaxi_full_lite.gwrite_ch.gwdch2.axi_wdch/grf.rf/gntv_or_sync_fifo.gcx.clkx/rd_pntr_cdc_inst/src_gray_ff_reg[0]} {system_top_i/axi_interconnect_0/m00_couplers/auto_cc/inst/gen_clock_conv.gen_async_conv.asyncfifo_axi/inst_fifo_gen/gaxi_full_lite.gwrite_ch.gwdch2.axi_wdch/grf.rf/gntv_or_sync_fifo.gcx.clkx/rd_pntr_cdc_inst/src_gray_ff_reg[1]} {system_top_i/axi_interconnect_0/m00_couplers/auto_cc/inst/gen_clock_conv.gen_async_conv.asyncfifo_axi/inst_fifo_gen/gaxi_full_lite.gwrite_ch.gwdch2.axi_wdch/grf.rf/gntv_or_sync_fifo.gcx.clkx/rd_pntr_cdc_inst/src_gray_ff_reg[2]} {system_top_i/axi_interconnect_0/m00_couplers/auto_cc/inst/gen_clock_conv.gen_async_conv.asyncfifo_axi/inst_fifo_gen/gaxi_full_lite.gwrite_ch.gwdch2.axi_wdch/grf.rf/gntv_or_sync_fifo.gcx.clkx/rd_pntr_cdc_inst/src_gray_ff_reg[3]}]] -to [get_cells [list {system_top_i/axi_interconnect_0/m00_couplers/auto_cc/inst/gen_clock_conv.gen_async_conv.asyncfifo_axi/inst_fifo_gen/gaxi_full_lite.gwrite_ch.gwdch2.axi_wdch/grf.rf/gntv_or_sync_fifo.gcx.clkx/rd_pntr_cdc_inst/dest_graysync_ff_reg[0][0]} {system_top_i/axi_interconnect_0/m00_couplers/auto_cc/inst/gen_clock_conv.gen_async_conv.asyncfifo_axi/inst_fifo_gen/gaxi_full_lite.gwrite_ch.gwdch2.axi_wdch/grf.rf/gntv_or_sync_fifo.gcx.clkx/rd_pntr_cdc_inst/dest_graysync_ff_reg[0][1]} {system_top_i/axi_interconnect_0/m00_couplers/auto_cc/inst/gen_clock_conv.gen_async_conv.asyncfifo_axi/inst_fifo_gen/gaxi_full_lite.gwrite_ch.gwdch2.axi_wdch/grf.rf/gntv_or_sync_fifo.gcx.clkx/rd_pntr_cdc_inst/dest_graysync_ff_reg[0][2]} {system_top_i/axi_interconnect_0/m00_couplers/auto_cc/inst/gen_clock_conv.gen_async_conv.asyncfifo_axi/inst_fifo_gen/gaxi_full_lite.gwrite_ch.gwdch2.axi_wdch/grf.rf/gntv_or_sync_fifo.gcx.clkx/rd_pntr_cdc_inst/dest_graysync_ff_reg[0][3]}]] 10.000
Requirement: 10.000ns
Endpoints: 4

From Clock            To Clock              Endpoint Pin                    Reference Pin                   Corner  Actual(ns)  Slack(ns)
--------------------  --------------------  ------------------------------  ------------------------------  ------  ----------  ---------
clk_pll_i             clk_out2_system_top_clk_wiz_0_0
                                            system_top_i/axi_interconnect_0/m00_couplers/auto_cc/inst/gen_clock_conv.gen_async_conv.asyncfifo_axi/inst_fifo_gen/gaxi_full_lite.gwrite_ch.gwdch2.axi_wdch/grf.rf/gntv_or_sync_fifo.gcx.clkx/rd_pntr_cdc_inst/dest_graysync_ff_reg[0][3]/D
                                                                            system_top_i/axi_interconnect_0/m00_couplers/auto_cc/inst/gen_clock_conv.gen_async_conv.asyncfifo_axi/inst_fifo_gen/gaxi_full_lite.gwrite_ch.gwdch2.axi_wdch/grf.rf/gntv_or_sync_fifo.gcx.clkx/rd_pntr_cdc_inst/dest_graysync_ff_reg[0][1]/D
                                                                                                            Slow         0.972      9.028


Slack (MET) :             9.028ns  (requirement - actual skew)
  Endpoint Source:        system_top_i/axi_interconnect_0/m00_couplers/auto_cc/inst/gen_clock_conv.gen_async_conv.asyncfifo_axi/inst_fifo_gen/gaxi_full_lite.gwrite_ch.gwdch2.axi_wdch/grf.rf/gntv_or_sync_fifo.gcx.clkx/rd_pntr_cdc_inst/src_gray_ff_reg[3]/C
                            (rising edge-triggered cell FDRE clocked by clk_pll_i)
  Endpoint Destination:   system_top_i/axi_interconnect_0/m00_couplers/auto_cc/inst/gen_clock_conv.gen_async_conv.asyncfifo_axi/inst_fifo_gen/gaxi_full_lite.gwrite_ch.gwdch2.axi_wdch/grf.rf/gntv_or_sync_fifo.gcx.clkx/rd_pntr_cdc_inst/dest_graysync_ff_reg[0][3]/D
                            (rising edge-triggered cell FDRE clocked by clk_out2_system_top_clk_wiz_0_0)
  Reference Source:       system_top_i/axi_interconnect_0/m00_couplers/auto_cc/inst/gen_clock_conv.gen_async_conv.asyncfifo_axi/inst_fifo_gen/gaxi_full_lite.gwrite_ch.gwdch2.axi_wdch/grf.rf/gntv_or_sync_fifo.gcx.clkx/rd_pntr_cdc_inst/src_gray_ff_reg[1]/C
                            (rising edge-triggered cell FDRE clocked by clk_pll_i)
  Reference Destination:  system_top_i/axi_interconnect_0/m00_couplers/auto_cc/inst/gen_clock_conv.gen_async_conv.asyncfifo_axi/inst_fifo_gen/gaxi_full_lite.gwrite_ch.gwdch2.axi_wdch/grf.rf/gntv_or_sync_fifo.gcx.clkx/rd_pntr_cdc_inst/dest_graysync_ff_reg[0][1]/D
                            (rising edge-triggered cell FDRE clocked by clk_out2_system_top_clk_wiz_0_0)
  Path Type:              Bus Skew (Max at Slow Process Corner)
  Requirement:            10.000ns
  Endpoint Relative Delay:    3.404ns
  Reference Relative Delay:   2.209ns
  Relative CRPR:              0.496ns
  Uncertainty:                0.272ns
  Actual Bus Skew:            0.972ns  (Endpoint Relative Delay - Reference Relative Delay - Relative CRPR + Uncertainty)

Endpoint path:
    Location             Delay type                Incr(ns)  Path(ns)    Netlist Resource(s)
  -------------------------------------------------------------------    -------------------
                         (clock clk_pll_i rise edge)
                                                      0.000     0.000 r  
    W19                                               0.000     0.000 r  CLK100MHZ (IN)
                         net (fo=0)                   0.000     0.000    system_top_i/clk_wiz_0/inst/clk_in1
    W19                  IBUF (Prop_ibuf_I_O)         1.440     1.440 r  system_top_i/clk_wiz_0/inst/clkin1_ibufg/O
                         net (fo=1, routed)           1.065     2.505    system_top_i/clk_wiz_0/inst/clk_in1_system_top_clk_wiz_0_0
    MMCME2_ADV_X0Y2      MMCME2_ADV (Prop_mmcme2_adv_CLKIN1_CLKOUT0)
                                                     -6.325    -3.819 r  system_top_i/clk_wiz_0/inst/mmcm_adv_inst/CLKOUT0
                         net (fo=1, routed)           1.559    -2.260    system_top_i/clk_wiz_0/inst/clk_out1_system_top_clk_wiz_0_0
    BUFGCTRL_X0Y1        BUFG (Prop_bufg_I_O)         0.081    -2.179 r  system_top_i/clk_wiz_0/inst/clkout1_buf/O
                         net (fo=63, routed)          1.519    -0.661    system_top_i/mig_7series_0/u_system_top_mig_7series_0_1_mig/u_ddr3_infrastructure/mmcm_clk
    PLLE2_ADV_X1Y2       PLLE2_ADV (Prop_plle2_adv_CLKIN1_CLKOUT3)
                                                      0.077    -0.584 r  system_top_i/mig_7series_0/u_system_top_mig_7series_0_1_mig/u_ddr3_infrastructure/plle2_i/CLKOUT3
                         net (fo=1, routed)           1.165     0.581    system_top_i/mig_7series_0/u_system_top_mig_7series_0_1_mig/u_ddr3_infrastructure/pll_clk3_out
    BUFHCE_X1Y24         BUFH (Prop_bufh_I_O)         0.106     0.687 r  system_top_i/mig_7series_0/u_system_top_mig_7series_0_1_mig/u_ddr3_infrastructure/u_bufh_pll_clk3/O
                         net (fo=1, routed)           0.813     1.500    system_top_i/mig_7series_0/u_system_top_mig_7series_0_1_mig/u_ddr3_infrastructure/pll_clk3
    MMCME2_ADV_X1Y2      MMCME2_ADV (Prop_mmcme2_adv_CLKIN1_CLKFBOUT)
                                                     -3.104    -1.604 r  system_top_i/mig_7series_0/u_system_top_mig_7series_0_1_mig/u_ddr3_infrastructure/gen_mmcm.mmcm_i/CLKFBOUT
                         net (fo=1, routed)           1.524    -0.080    system_top_i/mig_7series_0/u_system_top_mig_7series_0_1_mig/u_ddr3_infrastructure/clk_pll_i
    BUFGCTRL_X0Y0        BUFG (Prop_bufg_I_O)         0.081     0.001 r  system_top_i/mig_7series_0/u_system_top_mig_7series_0_1_mig/u_ddr3_infrastructure/u_bufg_clkdiv0/O
                         net (fo=9583, routed)        1.402     1.403    system_top_i/axi_interconnect_0/m00_couplers/auto_cc/inst/gen_clock_conv.gen_async_conv.asyncfifo_axi/inst_fifo_gen/gaxi_full_lite.gwrite_ch.gwdch2.axi_wdch/grf.rf/gntv_or_sync_fifo.gcx.clkx/rd_pntr_cdc_inst/src_clk
    SLICE_X127Y179       FDRE                                         r  system_top_i/axi_interconnect_0/m00_couplers/auto_cc/inst/gen_clock_conv.gen_async_conv.asyncfifo_axi/inst_fifo_gen/gaxi_full_lite.gwrite_ch.gwdch2.axi_wdch/grf.rf/gntv_or_sync_fifo.gcx.clkx/rd_pntr_cdc_inst/src_gray_ff_reg[3]/C
  -------------------------------------------------------------------    -------------------
    SLICE_X127Y179       FDRE (Prop_fdre_C_Q)         0.348     1.751 r  system_top_i/axi_interconnect_0/m00_couplers/auto_cc/inst/gen_clock_conv.gen_async_conv.asyncfifo_axi/inst_fifo_gen/gaxi_full_lite.gwrite_ch.gwdch2.axi_wdch/grf.rf/gntv_or_sync_fifo.gcx.clkx/rd_pntr_cdc_inst/src_gray_ff_reg[3]/Q
                         net (fo=1, routed)           0.484     2.235    system_top_i/axi_interconnect_0/m00_couplers/auto_cc/inst/gen_clock_conv.gen_async_conv.asyncfifo_axi/inst_fifo_gen/gaxi_full_lite.gwrite_ch.gwdch2.axi_wdch/grf.rf/gntv_or_sync_fifo.gcx.clkx/rd_pntr_cdc_inst/async_path[3]
    SLICE_X126Y179       FDRE                                         r  system_top_i/axi_interconnect_0/m00_couplers/auto_cc/inst/gen_clock_conv.gen_async_conv.asyncfifo_axi/inst_fifo_gen/gaxi_full_lite.gwrite_ch.gwdch2.axi_wdch/grf.rf/gntv_or_sync_fifo.gcx.clkx/rd_pntr_cdc_inst/dest_graysync_ff_reg[0][3]/D
  -------------------------------------------------------------------    -------------------

                         (clock clk_out2_system_top_clk_wiz_0_0 rise edge)
                                                      0.000     0.000 r  
    W19                                               0.000     0.000 r  CLK100MHZ (IN)
                         net (fo=0)                   0.000     0.000    system_top_i/clk_wiz_0/inst/clk_in1
    W19                  IBUF (Prop_ibuf_I_O)         1.374     1.374 r  system_top_i/clk_wiz_0/inst/clkin1_ibufg/O
                         net (fo=1, routed)           1.004     2.378    system_top_i/clk_wiz_0/inst/clk_in1_system_top_clk_wiz_0_0
    MMCME2_ADV_X0Y2      MMCME2_ADV (Prop_mmcme2_adv_CLKIN1_CLKOUT1)
                                                     -6.451    -4.074 r  system_top_i/clk_wiz_0/inst/mmcm_adv_inst/CLKOUT1
                         net (fo=1, routed)           1.488    -2.586    system_top_i/clk_wiz_0/inst/clk_out2_system_top_clk_wiz_0_0
    BUFGCTRL_X0Y2        BUFG (Prop_bufg_I_O)         0.077    -2.509 r  system_top_i/clk_wiz_0/inst/clkout2_buf/O
                         net (fo=11971, routed)       1.295    -1.214    system_top_i/axi_interconnect_0/m00_couplers/auto_cc/inst/gen_clock_conv.gen_async_conv.asyncfifo_axi/inst_fifo_gen/gaxi_full_lite.gwrite_ch.gwdch2.axi_wdch/grf.rf/gntv_or_sync_fifo.gcx.clkx/rd_pntr_cdc_inst/dest_clk
    SLICE_X126Y179       FDRE                                         r  system_top_i/axi_interconnect_0/m00_couplers/auto_cc/inst/gen_clock_conv.gen_async_conv.asyncfifo_axi/inst_fifo_gen/gaxi_full_lite.gwrite_ch.gwdch2.axi_wdch/grf.rf/gntv_or_sync_fifo.gcx.clkx/rd_pntr_cdc_inst/dest_graysync_ff_reg[0][3]/C
                         clock pessimism              0.254    -0.959    
    SLICE_X126Y179       FDRE (Setup_fdre_C_D)       -0.210    -1.169    system_top_i/axi_interconnect_0/m00_couplers/auto_cc/inst/gen_clock_conv.gen_async_conv.asyncfifo_axi/inst_fifo_gen/gaxi_full_lite.gwrite_ch.gwdch2.axi_wdch/grf.rf/gntv_or_sync_fifo.gcx.clkx/rd_pntr_cdc_inst/dest_graysync_ff_reg[0][3]
  -------------------------------------------------------------------
                         data arrival                           2.235    
                         clock arrival                         -1.169    
  -------------------------------------------------------------------
                         relative delay                         3.404    

Reference path:
    Location             Delay type                Incr(ns)  Path(ns)    Netlist Resource(s)
  -------------------------------------------------------------------    -------------------
                         (clock clk_pll_i rise edge)
                                                      0.000     0.000 r  
    W19                                               0.000     0.000 r  CLK100MHZ (IN)
                         net (fo=0)                   0.000     0.000    system_top_i/clk_wiz_0/inst/clk_in1
    W19                  IBUF (Prop_ibuf_I_O)         1.374     1.374 r  system_top_i/clk_wiz_0/inst/clkin1_ibufg/O
                         net (fo=1, routed)           1.004     2.378    system_top_i/clk_wiz_0/inst/clk_in1_system_top_clk_wiz_0_0
    MMCME2_ADV_X0Y2      MMCME2_ADV (Prop_mmcme2_adv_CLKIN1_CLKOUT0)
                                                     -6.451    -4.074 r  system_top_i/clk_wiz_0/inst/mmcm_adv_inst/CLKOUT0
                         net (fo=1, routed)           1.488    -2.586    system_top_i/clk_wiz_0/inst/clk_out1_system_top_clk_wiz_0_0
    BUFGCTRL_X0Y1        BUFG (Prop_bufg_I_O)         0.077    -2.509 r  system_top_i/clk_wiz_0/inst/clkout1_buf/O
                         net (fo=63, routed)          1.417    -1.092    system_top_i/mig_7series_0/u_system_top_mig_7series_0_1_mig/u_ddr3_infrastructure/mmcm_clk
    PLLE2_ADV_X1Y2       PLLE2_ADV (Prop_plle2_adv_CLKIN1_CLKOUT3)
                                                      0.073    -1.019 r  system_top_i/mig_7series_0/u_system_top_mig_7series_0_1_mig/u_ddr3_infrastructure/plle2_i/CLKOUT3
                         net (fo=1, routed)           1.029     0.010    system_top_i/mig_7series_0/u_system_top_mig_7series_0_1_mig/u_ddr3_infrastructure/pll_clk3_out
    BUFHCE_X1Y24         BUFH (Prop_bufh_I_O)         0.069     0.079 r  system_top_i/mig_7series_0/u_system_top_mig_7series_0_1_mig/u_ddr3_infrastructure/u_bufh_pll_clk3/O
                         net (fo=1, routed)           0.777     0.856    system_top_i/mig_7series_0/u_system_top_mig_7series_0_1_mig/u_ddr3_infrastructure/pll_clk3
    MMCME2_ADV_X1Y2      MMCME2_ADV (Prop_mmcme2_adv_CLKIN1_CLKFBOUT)
                                                     -2.927    -2.072 r  system_top_i/mig_7series_0/u_system_top_mig_7series_0_1_mig/u_ddr3_infrastructure/gen_mmcm.mmcm_i/CLKFBOUT
                         net (fo=1, routed)           1.452    -0.619    system_top_i/mig_7series_0/u_system_top_mig_7series_0_1_mig/u_ddr3_infrastructure/clk_pll_i
    BUFGCTRL_X0Y0        BUFG (Prop_bufg_I_O)         0.077    -0.542 r  system_top_i/mig_7series_0/u_system_top_mig_7series_0_1_mig/u_ddr3_infrastructure/u_bufg_clkdiv0/O
                         net (fo=9583, routed)        1.294     0.752    system_top_i/axi_interconnect_0/m00_couplers/auto_cc/inst/gen_clock_conv.gen_async_conv.asyncfifo_axi/inst_fifo_gen/gaxi_full_lite.gwrite_ch.gwdch2.axi_wdch/grf.rf/gntv_or_sync_fifo.gcx.clkx/rd_pntr_cdc_inst/src_clk
    SLICE_X129Y178       FDRE                                         r  system_top_i/axi_interconnect_0/m00_couplers/auto_cc/inst/gen_clock_conv.gen_async_conv.asyncfifo_axi/inst_fifo_gen/gaxi_full_lite.gwrite_ch.gwdch2.axi_wdch/grf.rf/gntv_or_sync_fifo.gcx.clkx/rd_pntr_cdc_inst/src_gray_ff_reg[1]/C
  -------------------------------------------------------------------    -------------------
    SLICE_X129Y178       FDRE (Prop_fdre_C_Q)         0.279     1.031 r  system_top_i/axi_interconnect_0/m00_couplers/auto_cc/inst/gen_clock_conv.gen_async_conv.asyncfifo_axi/inst_fifo_gen/gaxi_full_lite.gwrite_ch.gwdch2.axi_wdch/grf.rf/gntv_or_sync_fifo.gcx.clkx/rd_pntr_cdc_inst/src_gray_ff_reg[1]/Q
                         net (fo=1, routed)           0.223     1.254    system_top_i/axi_interconnect_0/m00_couplers/auto_cc/inst/gen_clock_conv.gen_async_conv.asyncfifo_axi/inst_fifo_gen/gaxi_full_lite.gwrite_ch.gwdch2.axi_wdch/grf.rf/gntv_or_sync_fifo.gcx.clkx/rd_pntr_cdc_inst/async_path[1]
    SLICE_X128Y178       FDRE                                         r  system_top_i/axi_interconnect_0/m00_couplers/auto_cc/inst/gen_clock_conv.gen_async_conv.asyncfifo_axi/inst_fifo_gen/gaxi_full_lite.gwrite_ch.gwdch2.axi_wdch/grf.rf/gntv_or_sync_fifo.gcx.clkx/rd_pntr_cdc_inst/dest_graysync_ff_reg[0][1]/D
  -------------------------------------------------------------------    -------------------

                         (clock clk_out2_system_top_clk_wiz_0_0 rise edge)
                                                      0.000     0.000 r  
    W19                                               0.000     0.000 r  CLK100MHZ (IN)
                         net (fo=0)                   0.000     0.000    system_top_i/clk_wiz_0/inst/clk_in1
    W19                  IBUF (Prop_ibuf_I_O)         1.440     1.440 r  system_top_i/clk_wiz_0/inst/clkin1_ibufg/O
                         net (fo=1, routed)           1.065     2.505    system_top_i/clk_wiz_0/inst/clk_in1_system_top_clk_wiz_0_0
    MMCME2_ADV_X0Y2      MMCME2_ADV (Prop_mmcme2_adv_CLKIN1_CLKOUT1)
                                                     -6.325    -3.819 r  system_top_i/clk_wiz_0/inst/mmcm_adv_inst/CLKOUT1
                         net (fo=1, routed)           1.559    -2.260    system_top_i/clk_wiz_0/inst/clk_out2_system_top_clk_wiz_0_0
    BUFGCTRL_X0Y2        BUFG (Prop_bufg_I_O)         0.081    -2.179 r  system_top_i/clk_wiz_0/inst/clkout2_buf/O
                         net (fo=11971, routed)       1.400    -0.779    system_top_i/axi_interconnect_0/m00_couplers/auto_cc/inst/gen_clock_conv.gen_async_conv.asyncfifo_axi/inst_fifo_gen/gaxi_full_lite.gwrite_ch.gwdch2.axi_wdch/grf.rf/gntv_or_sync_fifo.gcx.clkx/rd_pntr_cdc_inst/dest_clk
    SLICE_X128Y178       FDRE                                         r  system_top_i/axi_interconnect_0/m00_couplers/auto_cc/inst/gen_clock_conv.gen_async_conv.asyncfifo_axi/inst_fifo_gen/gaxi_full_lite.gwrite_ch.gwdch2.axi_wdch/grf.rf/gntv_or_sync_fifo.gcx.clkx/rd_pntr_cdc_inst/dest_graysync_ff_reg[0][1]/C
                         clock pessimism             -0.254    -1.034    
    SLICE_X128Y178       FDRE (Hold_fdre_C_D)         0.079    -0.955    system_top_i/axi_interconnect_0/m00_couplers/auto_cc/inst/gen_clock_conv.gen_async_conv.asyncfifo_axi/inst_fifo_gen/gaxi_full_lite.gwrite_ch.gwdch2.axi_wdch/grf.rf/gntv_or_sync_fifo.gcx.clkx/rd_pntr_cdc_inst/dest_graysync_ff_reg[0][1]
  -------------------------------------------------------------------
                         data arrival                           1.254    
                         clock arrival                         -0.955    
  -------------------------------------------------------------------
                         relative delay                         2.209    



Id: 6
set_bus_skew -from [get_cells [list {system_top_i/axi_interconnect_0/m00_couplers/auto_cc/inst/gen_clock_conv.gen_async_conv.asyncfifo_axi/inst_fifo_gen/gaxi_full_lite.gwrite_ch.gwrch2.axi_wrch/grf.rf/gntv_or_sync_fifo.gcx.clkx/wr_pntr_cdc_inst/src_gray_ff_reg[0]} {system_top_i/axi_interconnect_0/m00_couplers/auto_cc/inst/gen_clock_conv.gen_async_conv.asyncfifo_axi/inst_fifo_gen/gaxi_full_lite.gwrite_ch.gwrch2.axi_wrch/grf.rf/gntv_or_sync_fifo.gcx.clkx/wr_pntr_cdc_inst/src_gray_ff_reg[1]} {system_top_i/axi_interconnect_0/m00_couplers/auto_cc/inst/gen_clock_conv.gen_async_conv.asyncfifo_axi/inst_fifo_gen/gaxi_full_lite.gwrite_ch.gwrch2.axi_wrch/grf.rf/gntv_or_sync_fifo.gcx.clkx/wr_pntr_cdc_inst/src_gray_ff_reg[2]} {system_top_i/axi_interconnect_0/m00_couplers/auto_cc/inst/gen_clock_conv.gen_async_conv.asyncfifo_axi/inst_fifo_gen/gaxi_full_lite.gwrite_ch.gwrch2.axi_wrch/grf.rf/gntv_or_sync_fifo.gcx.clkx/wr_pntr_cdc_inst/src_gray_ff_reg[3]}]] -to [get_cells [list {system_top_i/axi_interconnect_0/m00_couplers/auto_cc/inst/gen_clock_conv.gen_async_conv.asyncfifo_axi/inst_fifo_gen/gaxi_full_lite.gwrite_ch.gwrch2.axi_wrch/grf.rf/gntv_or_sync_fifo.gcx.clkx/wr_pntr_cdc_inst/dest_graysync_ff_reg[0][0]} {system_top_i/axi_interconnect_0/m00_couplers/auto_cc/inst/gen_clock_conv.gen_async_conv.asyncfifo_axi/inst_fifo_gen/gaxi_full_lite.gwrite_ch.gwrch2.axi_wrch/grf.rf/gntv_or_sync_fifo.gcx.clkx/wr_pntr_cdc_inst/dest_graysync_ff_reg[0][1]} {system_top_i/axi_interconnect_0/m00_couplers/auto_cc/inst/gen_clock_conv.gen_async_conv.asyncfifo_axi/inst_fifo_gen/gaxi_full_lite.gwrite_ch.gwrch2.axi_wrch/grf.rf/gntv_or_sync_fifo.gcx.clkx/wr_pntr_cdc_inst/dest_graysync_ff_reg[0][2]} {system_top_i/axi_interconnect_0/m00_couplers/auto_cc/inst/gen_clock_conv.gen_async_conv.asyncfifo_axi/inst_fifo_gen/gaxi_full_lite.gwrite_ch.gwrch2.axi_wrch/grf.rf/gntv_or_sync_fifo.gcx.clkx/wr_pntr_cdc_inst/dest_graysync_ff_reg[0][3]}]] 10.000
Requirement: 10.000ns
Endpoints: 4

From Clock            To Clock              Endpoint Pin                    Reference Pin                   Corner  Actual(ns)  Slack(ns)
--------------------  --------------------  ------------------------------  ------------------------------  ------  ----------  ---------
clk_pll_i             clk_out2_system_top_clk_wiz_0_0
                                            system_top_i/axi_interconnect_0/m00_couplers/auto_cc/inst/gen_clock_conv.gen_async_conv.asyncfifo_axi/inst_fifo_gen/gaxi_full_lite.gwrite_ch.gwrch2.axi_wrch/grf.rf/gntv_or_sync_fifo.gcx.clkx/wr_pntr_cdc_inst/dest_graysync_ff_reg[0][1]/D
                                                                            system_top_i/axi_interconnect_0/m00_couplers/auto_cc/inst/gen_clock_conv.gen_async_conv.asyncfifo_axi/inst_fifo_gen/gaxi_full_lite.gwrite_ch.gwrch2.axi_wrch/grf.rf/gntv_or_sync_fifo.gcx.clkx/wr_pntr_cdc_inst/dest_graysync_ff_reg[0][2]/D
                                                                                                            Slow         0.743      9.257


Slack (MET) :             9.257ns  (requirement - actual skew)
  Endpoint Source:        system_top_i/axi_interconnect_0/m00_couplers/auto_cc/inst/gen_clock_conv.gen_async_conv.asyncfifo_axi/inst_fifo_gen/gaxi_full_lite.gwrite_ch.gwrch2.axi_wrch/grf.rf/gntv_or_sync_fifo.gcx.clkx/wr_pntr_cdc_inst/src_gray_ff_reg[1]/C
                            (rising edge-triggered cell FDRE clocked by clk_pll_i)
  Endpoint Destination:   system_top_i/axi_interconnect_0/m00_couplers/auto_cc/inst/gen_clock_conv.gen_async_conv.asyncfifo_axi/inst_fifo_gen/gaxi_full_lite.gwrite_ch.gwrch2.axi_wrch/grf.rf/gntv_or_sync_fifo.gcx.clkx/wr_pntr_cdc_inst/dest_graysync_ff_reg[0][1]/D
                            (rising edge-triggered cell FDRE clocked by clk_out2_system_top_clk_wiz_0_0)
  Reference Source:       system_top_i/axi_interconnect_0/m00_couplers/auto_cc/inst/gen_clock_conv.gen_async_conv.asyncfifo_axi/inst_fifo_gen/gaxi_full_lite.gwrite_ch.gwrch2.axi_wrch/grf.rf/gntv_or_sync_fifo.gcx.clkx/wr_pntr_cdc_inst/src_gray_ff_reg[2]/C
                            (rising edge-triggered cell FDRE clocked by clk_pll_i)
  Reference Destination:  system_top_i/axi_interconnect_0/m00_couplers/auto_cc/inst/gen_clock_conv.gen_async_conv.asyncfifo_axi/inst_fifo_gen/gaxi_full_lite.gwrite_ch.gwrch2.axi_wrch/grf.rf/gntv_or_sync_fifo.gcx.clkx/wr_pntr_cdc_inst/dest_graysync_ff_reg[0][2]/D
                            (rising edge-triggered cell FDRE clocked by clk_out2_system_top_clk_wiz_0_0)
  Path Type:              Bus Skew (Max at Slow Process Corner)
  Requirement:            10.000ns
  Endpoint Relative Delay:    3.181ns
  Reference Relative Delay:   2.182ns
  Relative CRPR:              0.528ns
  Uncertainty:                0.272ns
  Actual Bus Skew:            0.743ns  (Endpoint Relative Delay - Reference Relative Delay - Relative CRPR + Uncertainty)

Endpoint path:
    Location             Delay type                Incr(ns)  Path(ns)    Netlist Resource(s)
  -------------------------------------------------------------------    -------------------
                         (clock clk_pll_i rise edge)
                                                      0.000     0.000 r  
    W19                                               0.000     0.000 r  CLK100MHZ (IN)
                         net (fo=0)                   0.000     0.000    system_top_i/clk_wiz_0/inst/clk_in1
    W19                  IBUF (Prop_ibuf_I_O)         1.440     1.440 r  system_top_i/clk_wiz_0/inst/clkin1_ibufg/O
                         net (fo=1, routed)           1.065     2.505    system_top_i/clk_wiz_0/inst/clk_in1_system_top_clk_wiz_0_0
    MMCME2_ADV_X0Y2      MMCME2_ADV (Prop_mmcme2_adv_CLKIN1_CLKOUT0)
                                                     -6.325    -3.819 r  system_top_i/clk_wiz_0/inst/mmcm_adv_inst/CLKOUT0
                         net (fo=1, routed)           1.559    -2.260    system_top_i/clk_wiz_0/inst/clk_out1_system_top_clk_wiz_0_0
    BUFGCTRL_X0Y1        BUFG (Prop_bufg_I_O)         0.081    -2.179 r  system_top_i/clk_wiz_0/inst/clkout1_buf/O
                         net (fo=63, routed)          1.519    -0.661    system_top_i/mig_7series_0/u_system_top_mig_7series_0_1_mig/u_ddr3_infrastructure/mmcm_clk
    PLLE2_ADV_X1Y2       PLLE2_ADV (Prop_plle2_adv_CLKIN1_CLKOUT3)
                                                      0.077    -0.584 r  system_top_i/mig_7series_0/u_system_top_mig_7series_0_1_mig/u_ddr3_infrastructure/plle2_i/CLKOUT3
                         net (fo=1, routed)           1.165     0.581    system_top_i/mig_7series_0/u_system_top_mig_7series_0_1_mig/u_ddr3_infrastructure/pll_clk3_out
    BUFHCE_X1Y24         BUFH (Prop_bufh_I_O)         0.106     0.687 r  system_top_i/mig_7series_0/u_system_top_mig_7series_0_1_mig/u_ddr3_infrastructure/u_bufh_pll_clk3/O
                         net (fo=1, routed)           0.813     1.500    system_top_i/mig_7series_0/u_system_top_mig_7series_0_1_mig/u_ddr3_infrastructure/pll_clk3
    MMCME2_ADV_X1Y2      MMCME2_ADV (Prop_mmcme2_adv_CLKIN1_CLKFBOUT)
                                                     -3.104    -1.604 r  system_top_i/mig_7series_0/u_system_top_mig_7series_0_1_mig/u_ddr3_infrastructure/gen_mmcm.mmcm_i/CLKFBOUT
                         net (fo=1, routed)           1.524    -0.080    system_top_i/mig_7series_0/u_system_top_mig_7series_0_1_mig/u_ddr3_infrastructure/clk_pll_i
    BUFGCTRL_X0Y0        BUFG (Prop_bufg_I_O)         0.081     0.001 r  system_top_i/mig_7series_0/u_system_top_mig_7series_0_1_mig/u_ddr3_infrastructure/u_bufg_clkdiv0/O
                         net (fo=9583, routed)        1.379     1.380    system_top_i/axi_interconnect_0/m00_couplers/auto_cc/inst/gen_clock_conv.gen_async_conv.asyncfifo_axi/inst_fifo_gen/gaxi_full_lite.gwrite_ch.gwrch2.axi_wrch/grf.rf/gntv_or_sync_fifo.gcx.clkx/wr_pntr_cdc_inst/src_clk
    SLICE_X99Y176        FDRE                                         r  system_top_i/axi_interconnect_0/m00_couplers/auto_cc/inst/gen_clock_conv.gen_async_conv.asyncfifo_axi/inst_fifo_gen/gaxi_full_lite.gwrite_ch.gwrch2.axi_wrch/grf.rf/gntv_or_sync_fifo.gcx.clkx/wr_pntr_cdc_inst/src_gray_ff_reg[1]/C
  -------------------------------------------------------------------    -------------------
    SLICE_X99Y176        FDRE (Prop_fdre_C_Q)         0.348     1.728 r  system_top_i/axi_interconnect_0/m00_couplers/auto_cc/inst/gen_clock_conv.gen_async_conv.asyncfifo_axi/inst_fifo_gen/gaxi_full_lite.gwrite_ch.gwrch2.axi_wrch/grf.rf/gntv_or_sync_fifo.gcx.clkx/wr_pntr_cdc_inst/src_gray_ff_reg[1]/Q
                         net (fo=1, routed)           0.261     1.989    system_top_i/axi_interconnect_0/m00_couplers/auto_cc/inst/gen_clock_conv.gen_async_conv.asyncfifo_axi/inst_fifo_gen/gaxi_full_lite.gwrite_ch.gwrch2.axi_wrch/grf.rf/gntv_or_sync_fifo.gcx.clkx/wr_pntr_cdc_inst/async_path[1]
    SLICE_X99Y175        FDRE                                         r  system_top_i/axi_interconnect_0/m00_couplers/auto_cc/inst/gen_clock_conv.gen_async_conv.asyncfifo_axi/inst_fifo_gen/gaxi_full_lite.gwrite_ch.gwrch2.axi_wrch/grf.rf/gntv_or_sync_fifo.gcx.clkx/wr_pntr_cdc_inst/dest_graysync_ff_reg[0][1]/D
  -------------------------------------------------------------------    -------------------

                         (clock clk_out2_system_top_clk_wiz_0_0 rise edge)
                                                      0.000     0.000 r  
    W19                                               0.000     0.000 r  CLK100MHZ (IN)
                         net (fo=0)                   0.000     0.000    system_top_i/clk_wiz_0/inst/clk_in1
    W19                  IBUF (Prop_ibuf_I_O)         1.374     1.374 r  system_top_i/clk_wiz_0/inst/clkin1_ibufg/O
                         net (fo=1, routed)           1.004     2.378    system_top_i/clk_wiz_0/inst/clk_in1_system_top_clk_wiz_0_0
    MMCME2_ADV_X0Y2      MMCME2_ADV (Prop_mmcme2_adv_CLKIN1_CLKOUT1)
                                                     -6.451    -4.074 r  system_top_i/clk_wiz_0/inst/mmcm_adv_inst/CLKOUT1
                         net (fo=1, routed)           1.488    -2.586    system_top_i/clk_wiz_0/inst/clk_out2_system_top_clk_wiz_0_0
    BUFGCTRL_X0Y2        BUFG (Prop_bufg_I_O)         0.077    -2.509 r  system_top_i/clk_wiz_0/inst/clkout2_buf/O
                         net (fo=11971, routed)       1.272    -1.237    system_top_i/axi_interconnect_0/m00_couplers/auto_cc/inst/gen_clock_conv.gen_async_conv.asyncfifo_axi/inst_fifo_gen/gaxi_full_lite.gwrite_ch.gwrch2.axi_wrch/grf.rf/gntv_or_sync_fifo.gcx.clkx/wr_pntr_cdc_inst/dest_clk
    SLICE_X99Y175        FDRE                                         r  system_top_i/axi_interconnect_0/m00_couplers/auto_cc/inst/gen_clock_conv.gen_async_conv.asyncfifo_axi/inst_fifo_gen/gaxi_full_lite.gwrite_ch.gwrch2.axi_wrch/grf.rf/gntv_or_sync_fifo.gcx.clkx/wr_pntr_cdc_inst/dest_graysync_ff_reg[0][1]/C
                         clock pessimism              0.254    -0.982    
    SLICE_X99Y175        FDRE (Setup_fdre_C_D)       -0.210    -1.192    system_top_i/axi_interconnect_0/m00_couplers/auto_cc/inst/gen_clock_conv.gen_async_conv.asyncfifo_axi/inst_fifo_gen/gaxi_full_lite.gwrite_ch.gwrch2.axi_wrch/grf.rf/gntv_or_sync_fifo.gcx.clkx/wr_pntr_cdc_inst/dest_graysync_ff_reg[0][1]
  -------------------------------------------------------------------
                         data arrival                           1.989    
                         clock arrival                         -1.192    
  -------------------------------------------------------------------
                         relative delay                         3.181    

Reference path:
    Location             Delay type                Incr(ns)  Path(ns)    Netlist Resource(s)
  -------------------------------------------------------------------    -------------------
                         (clock clk_pll_i rise edge)
                                                      0.000     0.000 r  
    W19                                               0.000     0.000 r  CLK100MHZ (IN)
                         net (fo=0)                   0.000     0.000    system_top_i/clk_wiz_0/inst/clk_in1
    W19                  IBUF (Prop_ibuf_I_O)         1.374     1.374 r  system_top_i/clk_wiz_0/inst/clkin1_ibufg/O
                         net (fo=1, routed)           1.004     2.378    system_top_i/clk_wiz_0/inst/clk_in1_system_top_clk_wiz_0_0
    MMCME2_ADV_X0Y2      MMCME2_ADV (Prop_mmcme2_adv_CLKIN1_CLKOUT0)
                                                     -6.451    -4.074 r  system_top_i/clk_wiz_0/inst/mmcm_adv_inst/CLKOUT0
                         net (fo=1, routed)           1.488    -2.586    system_top_i/clk_wiz_0/inst/clk_out1_system_top_clk_wiz_0_0
    BUFGCTRL_X0Y1        BUFG (Prop_bufg_I_O)         0.077    -2.509 r  system_top_i/clk_wiz_0/inst/clkout1_buf/O
                         net (fo=63, routed)          1.417    -1.092    system_top_i/mig_7series_0/u_system_top_mig_7series_0_1_mig/u_ddr3_infrastructure/mmcm_clk
    PLLE2_ADV_X1Y2       PLLE2_ADV (Prop_plle2_adv_CLKIN1_CLKOUT3)
                                                      0.073    -1.019 r  system_top_i/mig_7series_0/u_system_top_mig_7series_0_1_mig/u_ddr3_infrastructure/plle2_i/CLKOUT3
                         net (fo=1, routed)           1.029     0.010    system_top_i/mig_7series_0/u_system_top_mig_7series_0_1_mig/u_ddr3_infrastructure/pll_clk3_out
    BUFHCE_X1Y24         BUFH (Prop_bufh_I_O)         0.069     0.079 r  system_top_i/mig_7series_0/u_system_top_mig_7series_0_1_mig/u_ddr3_infrastructure/u_bufh_pll_clk3/O
                         net (fo=1, routed)           0.777     0.856    system_top_i/mig_7series_0/u_system_top_mig_7series_0_1_mig/u_ddr3_infrastructure/pll_clk3
    MMCME2_ADV_X1Y2      MMCME2_ADV (Prop_mmcme2_adv_CLKIN1_CLKFBOUT)
                                                     -2.927    -2.072 r  system_top_i/mig_7series_0/u_system_top_mig_7series_0_1_mig/u_ddr3_infrastructure/gen_mmcm.mmcm_i/CLKFBOUT
                         net (fo=1, routed)           1.452    -0.619    system_top_i/mig_7series_0/u_system_top_mig_7series_0_1_mig/u_ddr3_infrastructure/clk_pll_i
    BUFGCTRL_X0Y0        BUFG (Prop_bufg_I_O)         0.077    -0.542 r  system_top_i/mig_7series_0/u_system_top_mig_7series_0_1_mig/u_ddr3_infrastructure/u_bufg_clkdiv0/O
                         net (fo=9583, routed)        1.275     0.733    system_top_i/axi_interconnect_0/m00_couplers/auto_cc/inst/gen_clock_conv.gen_async_conv.asyncfifo_axi/inst_fifo_gen/gaxi_full_lite.gwrite_ch.gwrch2.axi_wrch/grf.rf/gntv_or_sync_fifo.gcx.clkx/wr_pntr_cdc_inst/src_clk
    SLICE_X98Y177        FDRE                                         r  system_top_i/axi_interconnect_0/m00_couplers/auto_cc/inst/gen_clock_conv.gen_async_conv.asyncfifo_axi/inst_fifo_gen/gaxi_full_lite.gwrite_ch.gwrch2.axi_wrch/grf.rf/gntv_or_sync_fifo.gcx.clkx/wr_pntr_cdc_inst/src_gray_ff_reg[2]/C
  -------------------------------------------------------------------    -------------------
    SLICE_X98Y177        FDRE (Prop_fdre_C_Q)         0.347     1.080 r  system_top_i/axi_interconnect_0/m00_couplers/auto_cc/inst/gen_clock_conv.gen_async_conv.asyncfifo_axi/inst_fifo_gen/gaxi_full_lite.gwrite_ch.gwrch2.axi_wrch/grf.rf/gntv_or_sync_fifo.gcx.clkx/wr_pntr_cdc_inst/src_gray_ff_reg[2]/Q
                         net (fo=1, routed)           0.188     1.268    system_top_i/axi_interconnect_0/m00_couplers/auto_cc/inst/gen_clock_conv.gen_async_conv.asyncfifo_axi/inst_fifo_gen/gaxi_full_lite.gwrite_ch.gwrch2.axi_wrch/grf.rf/gntv_or_sync_fifo.gcx.clkx/wr_pntr_cdc_inst/async_path[2]
    SLICE_X99Y177        FDRE                                         r  system_top_i/axi_interconnect_0/m00_couplers/auto_cc/inst/gen_clock_conv.gen_async_conv.asyncfifo_axi/inst_fifo_gen/gaxi_full_lite.gwrite_ch.gwrch2.axi_wrch/grf.rf/gntv_or_sync_fifo.gcx.clkx/wr_pntr_cdc_inst/dest_graysync_ff_reg[0][2]/D
  -------------------------------------------------------------------    -------------------

                         (clock clk_out2_system_top_clk_wiz_0_0 rise edge)
                                                      0.000     0.000 r  
    W19                                               0.000     0.000 r  CLK100MHZ (IN)
                         net (fo=0)                   0.000     0.000    system_top_i/clk_wiz_0/inst/clk_in1
    W19                  IBUF (Prop_ibuf_I_O)         1.440     1.440 r  system_top_i/clk_wiz_0/inst/clkin1_ibufg/O
                         net (fo=1, routed)           1.065     2.505    system_top_i/clk_wiz_0/inst/clk_in1_system_top_clk_wiz_0_0
    MMCME2_ADV_X0Y2      MMCME2_ADV (Prop_mmcme2_adv_CLKIN1_CLKOUT1)
                                                     -6.325    -3.819 r  system_top_i/clk_wiz_0/inst/mmcm_adv_inst/CLKOUT1
                         net (fo=1, routed)           1.559    -2.260    system_top_i/clk_wiz_0/inst/clk_out2_system_top_clk_wiz_0_0
    BUFGCTRL_X0Y2        BUFG (Prop_bufg_I_O)         0.081    -2.179 r  system_top_i/clk_wiz_0/inst/clkout2_buf/O
                         net (fo=11971, routed)       1.381    -0.798    system_top_i/axi_interconnect_0/m00_couplers/auto_cc/inst/gen_clock_conv.gen_async_conv.asyncfifo_axi/inst_fifo_gen/gaxi_full_lite.gwrite_ch.gwrch2.axi_wrch/grf.rf/gntv_or_sync_fifo.gcx.clkx/wr_pntr_cdc_inst/dest_clk
    SLICE_X99Y177        FDRE                                         r  system_top_i/axi_interconnect_0/m00_couplers/auto_cc/inst/gen_clock_conv.gen_async_conv.asyncfifo_axi/inst_fifo_gen/gaxi_full_lite.gwrite_ch.gwrch2.axi_wrch/grf.rf/gntv_or_sync_fifo.gcx.clkx/wr_pntr_cdc_inst/dest_graysync_ff_reg[0][2]/C
                         clock pessimism             -0.254    -1.053    
    SLICE_X99Y177        FDRE (Hold_fdre_C_D)         0.138    -0.915    system_top_i/axi_interconnect_0/m00_couplers/auto_cc/inst/gen_clock_conv.gen_async_conv.asyncfifo_axi/inst_fifo_gen/gaxi_full_lite.gwrite_ch.gwrch2.axi_wrch/grf.rf/gntv_or_sync_fifo.gcx.clkx/wr_pntr_cdc_inst/dest_graysync_ff_reg[0][2]
  -------------------------------------------------------------------
                         data arrival                           1.268    
                         clock arrival                         -0.915    
  -------------------------------------------------------------------
                         relative delay                         2.182    



Id: 7
set_bus_skew -from [get_cells [list {system_top_i/axi_interconnect_0/m00_couplers/auto_cc/inst/gen_clock_conv.gen_async_conv.asyncfifo_axi/inst_fifo_gen/gaxi_full_lite.gwrite_ch.gwrch2.axi_wrch/grf.rf/gntv_or_sync_fifo.gcx.clkx/rd_pntr_cdc_inst/src_gray_ff_reg[0]} {system_top_i/axi_interconnect_0/m00_couplers/auto_cc/inst/gen_clock_conv.gen_async_conv.asyncfifo_axi/inst_fifo_gen/gaxi_full_lite.gwrite_ch.gwrch2.axi_wrch/grf.rf/gntv_or_sync_fifo.gcx.clkx/rd_pntr_cdc_inst/src_gray_ff_reg[1]} {system_top_i/axi_interconnect_0/m00_couplers/auto_cc/inst/gen_clock_conv.gen_async_conv.asyncfifo_axi/inst_fifo_gen/gaxi_full_lite.gwrite_ch.gwrch2.axi_wrch/grf.rf/gntv_or_sync_fifo.gcx.clkx/rd_pntr_cdc_inst/src_gray_ff_reg[2]} {system_top_i/axi_interconnect_0/m00_couplers/auto_cc/inst/gen_clock_conv.gen_async_conv.asyncfifo_axi/inst_fifo_gen/gaxi_full_lite.gwrite_ch.gwrch2.axi_wrch/grf.rf/gntv_or_sync_fifo.gcx.clkx/rd_pntr_cdc_inst/src_gray_ff_reg[3]}]] -to [get_cells [list {system_top_i/axi_interconnect_0/m00_couplers/auto_cc/inst/gen_clock_conv.gen_async_conv.asyncfifo_axi/inst_fifo_gen/gaxi_full_lite.gwrite_ch.gwrch2.axi_wrch/grf.rf/gntv_or_sync_fifo.gcx.clkx/rd_pntr_cdc_inst/dest_graysync_ff_reg[0][0]} {system_top_i/axi_interconnect_0/m00_couplers/auto_cc/inst/gen_clock_conv.gen_async_conv.asyncfifo_axi/inst_fifo_gen/gaxi_full_lite.gwrite_ch.gwrch2.axi_wrch/grf.rf/gntv_or_sync_fifo.gcx.clkx/rd_pntr_cdc_inst/dest_graysync_ff_reg[0][1]} {system_top_i/axi_interconnect_0/m00_couplers/auto_cc/inst/gen_clock_conv.gen_async_conv.asyncfifo_axi/inst_fifo_gen/gaxi_full_lite.gwrite_ch.gwrch2.axi_wrch/grf.rf/gntv_or_sync_fifo.gcx.clkx/rd_pntr_cdc_inst/dest_graysync_ff_reg[0][2]} {system_top_i/axi_interconnect_0/m00_couplers/auto_cc/inst/gen_clock_conv.gen_async_conv.asyncfifo_axi/inst_fifo_gen/gaxi_full_lite.gwrite_ch.gwrch2.axi_wrch/grf.rf/gntv_or_sync_fifo.gcx.clkx/rd_pntr_cdc_inst/dest_graysync_ff_reg[0][3]}]] 10.000
Requirement: 10.000ns
Endpoints: 4

From Clock            To Clock              Endpoint Pin                    Reference Pin                   Corner  Actual(ns)  Slack(ns)
--------------------  --------------------  ------------------------------  ------------------------------  ------  ----------  ---------
clk_out2_system_top_clk_wiz_0_0
                      clk_pll_i             system_top_i/axi_interconnect_0/m00_couplers/auto_cc/inst/gen_clock_conv.gen_async_conv.asyncfifo_axi/inst_fifo_gen/gaxi_full_lite.gwrite_ch.gwrch2.axi_wrch/grf.rf/gntv_or_sync_fifo.gcx.clkx/rd_pntr_cdc_inst/dest_graysync_ff_reg[0][0]/D
                                                                            system_top_i/axi_interconnect_0/m00_couplers/auto_cc/inst/gen_clock_conv.gen_async_conv.asyncfifo_axi/inst_fifo_gen/gaxi_full_lite.gwrite_ch.gwrch2.axi_wrch/grf.rf/gntv_or_sync_fifo.gcx.clkx/rd_pntr_cdc_inst/dest_graysync_ff_reg[0][2]/D
                                                                                                            Slow         0.862      9.138


Slack (MET) :             9.138ns  (requirement - actual skew)
  Endpoint Source:        system_top_i/axi_interconnect_0/m00_couplers/auto_cc/inst/gen_clock_conv.gen_async_conv.asyncfifo_axi/inst_fifo_gen/gaxi_full_lite.gwrite_ch.gwrch2.axi_wrch/grf.rf/gntv_or_sync_fifo.gcx.clkx/rd_pntr_cdc_inst/src_gray_ff_reg[0]/C
                            (rising edge-triggered cell FDRE clocked by clk_out2_system_top_clk_wiz_0_0)
  Endpoint Destination:   system_top_i/axi_interconnect_0/m00_couplers/auto_cc/inst/gen_clock_conv.gen_async_conv.asyncfifo_axi/inst_fifo_gen/gaxi_full_lite.gwrite_ch.gwrch2.axi_wrch/grf.rf/gntv_or_sync_fifo.gcx.clkx/rd_pntr_cdc_inst/dest_graysync_ff_reg[0][0]/D
                            (rising edge-triggered cell FDRE clocked by clk_pll_i)
  Reference Source:       system_top_i/axi_interconnect_0/m00_couplers/auto_cc/inst/gen_clock_conv.gen_async_conv.asyncfifo_axi/inst_fifo_gen/gaxi_full_lite.gwrite_ch.gwrch2.axi_wrch/grf.rf/gntv_or_sync_fifo.gcx.clkx/rd_pntr_cdc_inst/src_gray_ff_reg[2]/C
                            (rising edge-triggered cell FDRE clocked by clk_out2_system_top_clk_wiz_0_0)
  Reference Destination:  system_top_i/axi_interconnect_0/m00_couplers/auto_cc/inst/gen_clock_conv.gen_async_conv.asyncfifo_axi/inst_fifo_gen/gaxi_full_lite.gwrite_ch.gwrch2.axi_wrch/grf.rf/gntv_or_sync_fifo.gcx.clkx/rd_pntr_cdc_inst/dest_graysync_ff_reg[0][2]/D
                            (rising edge-triggered cell FDRE clocked by clk_pll_i)
  Path Type:              Bus Skew (Max at Slow Process Corner)
  Requirement:            10.000ns
  Endpoint Relative Delay:   -0.785ns
  Reference Relative Delay:  -1.914ns
  Relative CRPR:              0.496ns
  Uncertainty:                0.229ns
  Actual Bus Skew:            0.862ns  (Endpoint Relative Delay - Reference Relative Delay - Relative CRPR + Uncertainty)

Endpoint path:
    Location             Delay type                Incr(ns)  Path(ns)    Netlist Resource(s)
  -------------------------------------------------------------------    -------------------
                         (clock clk_out2_system_top_clk_wiz_0_0 rise edge)
                                                      0.000     0.000 r  
    W19                                               0.000     0.000 r  CLK100MHZ (IN)
                         net (fo=0)                   0.000     0.000    system_top_i/clk_wiz_0/inst/clk_in1
    W19                  IBUF (Prop_ibuf_I_O)         1.440     1.440 r  system_top_i/clk_wiz_0/inst/clkin1_ibufg/O
                         net (fo=1, routed)           1.065     2.505    system_top_i/clk_wiz_0/inst/clk_in1_system_top_clk_wiz_0_0
    MMCME2_ADV_X0Y2      MMCME2_ADV (Prop_mmcme2_adv_CLKIN1_CLKOUT1)
                                                     -6.325    -3.819 r  system_top_i/clk_wiz_0/inst/mmcm_adv_inst/CLKOUT1
                         net (fo=1, routed)           1.559    -2.260    system_top_i/clk_wiz_0/inst/clk_out2_system_top_clk_wiz_0_0
    BUFGCTRL_X0Y2        BUFG (Prop_bufg_I_O)         0.081    -2.179 r  system_top_i/clk_wiz_0/inst/clkout2_buf/O
                         net (fo=11971, routed)       1.381    -0.798    system_top_i/axi_interconnect_0/m00_couplers/auto_cc/inst/gen_clock_conv.gen_async_conv.asyncfifo_axi/inst_fifo_gen/gaxi_full_lite.gwrite_ch.gwrch2.axi_wrch/grf.rf/gntv_or_sync_fifo.gcx.clkx/rd_pntr_cdc_inst/src_clk
    SLICE_X99Y177        FDRE                                         r  system_top_i/axi_interconnect_0/m00_couplers/auto_cc/inst/gen_clock_conv.gen_async_conv.asyncfifo_axi/inst_fifo_gen/gaxi_full_lite.gwrite_ch.gwrch2.axi_wrch/grf.rf/gntv_or_sync_fifo.gcx.clkx/rd_pntr_cdc_inst/src_gray_ff_reg[0]/C
  -------------------------------------------------------------------    -------------------
    SLICE_X99Y177        FDRE (Prop_fdre_C_Q)         0.379    -0.419 r  system_top_i/axi_interconnect_0/m00_couplers/auto_cc/inst/gen_clock_conv.gen_async_conv.asyncfifo_axi/inst_fifo_gen/gaxi_full_lite.gwrite_ch.gwrch2.axi_wrch/grf.rf/gntv_or_sync_fifo.gcx.clkx/rd_pntr_cdc_inst/src_gray_ff_reg[0]/Q
                         net (fo=1, routed)           0.546     0.127    system_top_i/axi_interconnect_0/m00_couplers/auto_cc/inst/gen_clock_conv.gen_async_conv.asyncfifo_axi/inst_fifo_gen/gaxi_full_lite.gwrite_ch.gwrch2.axi_wrch/grf.rf/gntv_or_sync_fifo.gcx.clkx/rd_pntr_cdc_inst/async_path[0]
    SLICE_X99Y178        FDRE                                         r  system_top_i/axi_interconnect_0/m00_couplers/auto_cc/inst/gen_clock_conv.gen_async_conv.asyncfifo_axi/inst_fifo_gen/gaxi_full_lite.gwrite_ch.gwrch2.axi_wrch/grf.rf/gntv_or_sync_fifo.gcx.clkx/rd_pntr_cdc_inst/dest_graysync_ff_reg[0][0]/D
  -------------------------------------------------------------------    -------------------

                         (clock clk_pll_i rise edge)
                                                      0.000     0.000 r  
    W19                                               0.000     0.000 r  CLK100MHZ (IN)
                         net (fo=0)                   0.000     0.000    system_top_i/clk_wiz_0/inst/clk_in1
    W19                  IBUF (Prop_ibuf_I_O)         1.374     1.374 r  system_top_i/clk_wiz_0/inst/clkin1_ibufg/O
                         net (fo=1, routed)           1.004     2.378    system_top_i/clk_wiz_0/inst/clk_in1_system_top_clk_wiz_0_0
    MMCME2_ADV_X0Y2      MMCME2_ADV (Prop_mmcme2_adv_CLKIN1_CLKOUT0)
                                                     -6.451    -4.074 r  system_top_i/clk_wiz_0/inst/mmcm_adv_inst/CLKOUT0
                         net (fo=1, routed)           1.488    -2.586    system_top_i/clk_wiz_0/inst/clk_out1_system_top_clk_wiz_0_0
    BUFGCTRL_X0Y1        BUFG (Prop_bufg_I_O)         0.077    -2.509 r  system_top_i/clk_wiz_0/inst/clkout1_buf/O
                         net (fo=63, routed)          1.417    -1.092    system_top_i/mig_7series_0/u_system_top_mig_7series_0_1_mig/u_ddr3_infrastructure/mmcm_clk
    PLLE2_ADV_X1Y2       PLLE2_ADV (Prop_plle2_adv_CLKIN1_CLKOUT3)
                                                      0.073    -1.019 r  system_top_i/mig_7series_0/u_system_top_mig_7series_0_1_mig/u_ddr3_infrastructure/plle2_i/CLKOUT3
                         net (fo=1, routed)           1.029     0.010    system_top_i/mig_7series_0/u_system_top_mig_7series_0_1_mig/u_ddr3_infrastructure/pll_clk3_out
    BUFHCE_X1Y24         BUFH (Prop_bufh_I_O)         0.069     0.079 r  system_top_i/mig_7series_0/u_system_top_mig_7series_0_1_mig/u_ddr3_infrastructure/u_bufh_pll_clk3/O
                         net (fo=1, routed)           0.777     0.856    system_top_i/mig_7series_0/u_system_top_mig_7series_0_1_mig/u_ddr3_infrastructure/pll_clk3
    MMCME2_ADV_X1Y2      MMCME2_ADV (Prop_mmcme2_adv_CLKIN1_CLKFBOUT)
                                                     -2.927    -2.072 r  system_top_i/mig_7series_0/u_system_top_mig_7series_0_1_mig/u_ddr3_infrastructure/gen_mmcm.mmcm_i/CLKFBOUT
                         net (fo=1, routed)           1.452    -0.619    system_top_i/mig_7series_0/u_system_top_mig_7series_0_1_mig/u_ddr3_infrastructure/clk_pll_i
    BUFGCTRL_X0Y0        BUFG (Prop_bufg_I_O)         0.077    -0.542 r  system_top_i/mig_7series_0/u_system_top_mig_7series_0_1_mig/u_ddr3_infrastructure/u_bufg_clkdiv0/O
                         net (fo=9583, routed)        1.275     0.733    system_top_i/axi_interconnect_0/m00_couplers/auto_cc/inst/gen_clock_conv.gen_async_conv.asyncfifo_axi/inst_fifo_gen/gaxi_full_lite.gwrite_ch.gwrch2.axi_wrch/grf.rf/gntv_or_sync_fifo.gcx.clkx/rd_pntr_cdc_inst/dest_clk
    SLICE_X99Y178        FDRE                                         r  system_top_i/axi_interconnect_0/m00_couplers/auto_cc/inst/gen_clock_conv.gen_async_conv.asyncfifo_axi/inst_fifo_gen/gaxi_full_lite.gwrite_ch.gwrch2.axi_wrch/grf.rf/gntv_or_sync_fifo.gcx.clkx/rd_pntr_cdc_inst/dest_graysync_ff_reg[0][0]/C
                         clock pessimism              0.254     0.988    
    SLICE_X99Y178        FDRE (Setup_fdre_C_D)       -0.075     0.913    system_top_i/axi_interconnect_0/m00_couplers/auto_cc/inst/gen_clock_conv.gen_async_conv.asyncfifo_axi/inst_fifo_gen/gaxi_full_lite.gwrite_ch.gwrch2.axi_wrch/grf.rf/gntv_or_sync_fifo.gcx.clkx/rd_pntr_cdc_inst/dest_graysync_ff_reg[0][0]
  -------------------------------------------------------------------
                         data arrival                           0.127    
                         clock arrival                          0.913    
  -------------------------------------------------------------------
                         relative delay                        -0.785    

Reference path:
    Location             Delay type                Incr(ns)  Path(ns)    Netlist Resource(s)
  -------------------------------------------------------------------    -------------------
                         (clock clk_out2_system_top_clk_wiz_0_0 rise edge)
                                                      0.000     0.000 r  
    W19                                               0.000     0.000 r  CLK100MHZ (IN)
                         net (fo=0)                   0.000     0.000    system_top_i/clk_wiz_0/inst/clk_in1
    W19                  IBUF (Prop_ibuf_I_O)         1.374     1.374 r  system_top_i/clk_wiz_0/inst/clkin1_ibufg/O
                         net (fo=1, routed)           1.004     2.378    system_top_i/clk_wiz_0/inst/clk_in1_system_top_clk_wiz_0_0
    MMCME2_ADV_X0Y2      MMCME2_ADV (Prop_mmcme2_adv_CLKIN1_CLKOUT1)
                                                     -6.451    -4.074 r  system_top_i/clk_wiz_0/inst/mmcm_adv_inst/CLKOUT1
                         net (fo=1, routed)           1.488    -2.586    system_top_i/clk_wiz_0/inst/clk_out2_system_top_clk_wiz_0_0
    BUFGCTRL_X0Y2        BUFG (Prop_bufg_I_O)         0.077    -2.509 r  system_top_i/clk_wiz_0/inst/clkout2_buf/O
                         net (fo=11971, routed)       1.275    -1.234    system_top_i/axi_interconnect_0/m00_couplers/auto_cc/inst/gen_clock_conv.gen_async_conv.asyncfifo_axi/inst_fifo_gen/gaxi_full_lite.gwrite_ch.gwrch2.axi_wrch/grf.rf/gntv_or_sync_fifo.gcx.clkx/rd_pntr_cdc_inst/src_clk
    SLICE_X100Y176       FDRE                                         r  system_top_i/axi_interconnect_0/m00_couplers/auto_cc/inst/gen_clock_conv.gen_async_conv.asyncfifo_axi/inst_fifo_gen/gaxi_full_lite.gwrite_ch.gwrch2.axi_wrch/grf.rf/gntv_or_sync_fifo.gcx.clkx/rd_pntr_cdc_inst/src_gray_ff_reg[2]/C
  -------------------------------------------------------------------    -------------------
    SLICE_X100Y176       FDRE (Prop_fdre_C_Q)         0.347    -0.887 r  system_top_i/axi_interconnect_0/m00_couplers/auto_cc/inst/gen_clock_conv.gen_async_conv.asyncfifo_axi/inst_fifo_gen/gaxi_full_lite.gwrite_ch.gwrch2.axi_wrch/grf.rf/gntv_or_sync_fifo.gcx.clkx/rd_pntr_cdc_inst/src_gray_ff_reg[2]/Q
                         net (fo=1, routed)           0.289    -0.598    system_top_i/axi_interconnect_0/m00_couplers/auto_cc/inst/gen_clock_conv.gen_async_conv.asyncfifo_axi/inst_fifo_gen/gaxi_full_lite.gwrite_ch.gwrch2.axi_wrch/grf.rf/gntv_or_sync_fifo.gcx.clkx/rd_pntr_cdc_inst/async_path[2]
    SLICE_X100Y177       FDRE                                         r  system_top_i/axi_interconnect_0/m00_couplers/auto_cc/inst/gen_clock_conv.gen_async_conv.asyncfifo_axi/inst_fifo_gen/gaxi_full_lite.gwrite_ch.gwrch2.axi_wrch/grf.rf/gntv_or_sync_fifo.gcx.clkx/rd_pntr_cdc_inst/dest_graysync_ff_reg[0][2]/D
  -------------------------------------------------------------------    -------------------

                         (clock clk_pll_i rise edge)
                                                      0.000     0.000 r  
    W19                                               0.000     0.000 r  CLK100MHZ (IN)
                         net (fo=0)                   0.000     0.000    system_top_i/clk_wiz_0/inst/clk_in1
    W19                  IBUF (Prop_ibuf_I_O)         1.440     1.440 r  system_top_i/clk_wiz_0/inst/clkin1_ibufg/O
                         net (fo=1, routed)           1.065     2.505    system_top_i/clk_wiz_0/inst/clk_in1_system_top_clk_wiz_0_0
    MMCME2_ADV_X0Y2      MMCME2_ADV (Prop_mmcme2_adv_CLKIN1_CLKOUT0)
                                                     -6.325    -3.819 r  system_top_i/clk_wiz_0/inst/mmcm_adv_inst/CLKOUT0
                         net (fo=1, routed)           1.559    -2.260    system_top_i/clk_wiz_0/inst/clk_out1_system_top_clk_wiz_0_0
    BUFGCTRL_X0Y1        BUFG (Prop_bufg_I_O)         0.081    -2.179 r  system_top_i/clk_wiz_0/inst/clkout1_buf/O
                         net (fo=63, routed)          1.519    -0.661    system_top_i/mig_7series_0/u_system_top_mig_7series_0_1_mig/u_ddr3_infrastructure/mmcm_clk
    PLLE2_ADV_X1Y2       PLLE2_ADV (Prop_plle2_adv_CLKIN1_CLKOUT3)
                                                      0.077    -0.584 r  system_top_i/mig_7series_0/u_system_top_mig_7series_0_1_mig/u_ddr3_infrastructure/plle2_i/CLKOUT3
                         net (fo=1, routed)           1.165     0.581    system_top_i/mig_7series_0/u_system_top_mig_7series_0_1_mig/u_ddr3_infrastructure/pll_clk3_out
    BUFHCE_X1Y24         BUFH (Prop_bufh_I_O)         0.106     0.687 r  system_top_i/mig_7series_0/u_system_top_mig_7series_0_1_mig/u_ddr3_infrastructure/u_bufh_pll_clk3/O
                         net (fo=1, routed)           0.813     1.500    system_top_i/mig_7series_0/u_system_top_mig_7series_0_1_mig/u_ddr3_infrastructure/pll_clk3
    MMCME2_ADV_X1Y2      MMCME2_ADV (Prop_mmcme2_adv_CLKIN1_CLKFBOUT)
                                                     -3.104    -1.604 r  system_top_i/mig_7series_0/u_system_top_mig_7series_0_1_mig/u_ddr3_infrastructure/gen_mmcm.mmcm_i/CLKFBOUT
                         net (fo=1, routed)           1.524    -0.080    system_top_i/mig_7series_0/u_system_top_mig_7series_0_1_mig/u_ddr3_infrastructure/clk_pll_i
    BUFGCTRL_X0Y0        BUFG (Prop_bufg_I_O)         0.081     0.001 r  system_top_i/mig_7series_0/u_system_top_mig_7series_0_1_mig/u_ddr3_infrastructure/u_bufg_clkdiv0/O
                         net (fo=9583, routed)        1.383     1.384    system_top_i/axi_interconnect_0/m00_couplers/auto_cc/inst/gen_clock_conv.gen_async_conv.asyncfifo_axi/inst_fifo_gen/gaxi_full_lite.gwrite_ch.gwrch2.axi_wrch/grf.rf/gntv_or_sync_fifo.gcx.clkx/rd_pntr_cdc_inst/dest_clk
    SLICE_X100Y177       FDRE                                         r  system_top_i/axi_interconnect_0/m00_couplers/auto_cc/inst/gen_clock_conv.gen_async_conv.asyncfifo_axi/inst_fifo_gen/gaxi_full_lite.gwrite_ch.gwrch2.axi_wrch/grf.rf/gntv_or_sync_fifo.gcx.clkx/rd_pntr_cdc_inst/dest_graysync_ff_reg[0][2]/C
                         clock pessimism             -0.254     1.129    
    SLICE_X100Y177       FDRE (Hold_fdre_C_D)         0.187     1.316    system_top_i/axi_interconnect_0/m00_couplers/auto_cc/inst/gen_clock_conv.gen_async_conv.asyncfifo_axi/inst_fifo_gen/gaxi_full_lite.gwrite_ch.gwrch2.axi_wrch/grf.rf/gntv_or_sync_fifo.gcx.clkx/rd_pntr_cdc_inst/dest_graysync_ff_reg[0][2]
  -------------------------------------------------------------------
                         data arrival                          -0.598    
                         clock arrival                          1.316    
  -------------------------------------------------------------------
                         relative delay                        -1.914    



Id: 8
set_bus_skew -from [get_cells [list {system_top_i/axi_interconnect_0/m00_couplers/auto_cc/inst/gen_clock_conv.gen_async_conv.asyncfifo_axi/inst_fifo_gen/gaxi_full_lite.gread_ch.grach2.axi_rach/grf.rf/gntv_or_sync_fifo.gcx.clkx/wr_pntr_cdc_inst/src_gray_ff_reg[0]} {system_top_i/axi_interconnect_0/m00_couplers/auto_cc/inst/gen_clock_conv.gen_async_conv.asyncfifo_axi/inst_fifo_gen/gaxi_full_lite.gread_ch.grach2.axi_rach/grf.rf/gntv_or_sync_fifo.gcx.clkx/wr_pntr_cdc_inst/src_gray_ff_reg[1]} {system_top_i/axi_interconnect_0/m00_couplers/auto_cc/inst/gen_clock_conv.gen_async_conv.asyncfifo_axi/inst_fifo_gen/gaxi_full_lite.gread_ch.grach2.axi_rach/grf.rf/gntv_or_sync_fifo.gcx.clkx/wr_pntr_cdc_inst/src_gray_ff_reg[2]} {system_top_i/axi_interconnect_0/m00_couplers/auto_cc/inst/gen_clock_conv.gen_async_conv.asyncfifo_axi/inst_fifo_gen/gaxi_full_lite.gread_ch.grach2.axi_rach/grf.rf/gntv_or_sync_fifo.gcx.clkx/wr_pntr_cdc_inst/src_gray_ff_reg[3]}]] -to [get_cells [list {system_top_i/axi_interconnect_0/m00_couplers/auto_cc/inst/gen_clock_conv.gen_async_conv.asyncfifo_axi/inst_fifo_gen/gaxi_full_lite.gread_ch.grach2.axi_rach/grf.rf/gntv_or_sync_fifo.gcx.clkx/wr_pntr_cdc_inst/dest_graysync_ff_reg[0][0]} {system_top_i/axi_interconnect_0/m00_couplers/auto_cc/inst/gen_clock_conv.gen_async_conv.asyncfifo_axi/inst_fifo_gen/gaxi_full_lite.gread_ch.grach2.axi_rach/grf.rf/gntv_or_sync_fifo.gcx.clkx/wr_pntr_cdc_inst/dest_graysync_ff_reg[0][1]} {system_top_i/axi_interconnect_0/m00_couplers/auto_cc/inst/gen_clock_conv.gen_async_conv.asyncfifo_axi/inst_fifo_gen/gaxi_full_lite.gread_ch.grach2.axi_rach/grf.rf/gntv_or_sync_fifo.gcx.clkx/wr_pntr_cdc_inst/dest_graysync_ff_reg[0][2]} {system_top_i/axi_interconnect_0/m00_couplers/auto_cc/inst/gen_clock_conv.gen_async_conv.asyncfifo_axi/inst_fifo_gen/gaxi_full_lite.gread_ch.grach2.axi_rach/grf.rf/gntv_or_sync_fifo.gcx.clkx/wr_pntr_cdc_inst/dest_graysync_ff_reg[0][3]}]] 10.000
Requirement: 10.000ns
Endpoints: 4

From Clock            To Clock              Endpoint Pin                    Reference Pin                   Corner  Actual(ns)  Slack(ns)
--------------------  --------------------  ------------------------------  ------------------------------  ------  ----------  ---------
clk_out2_system_top_clk_wiz_0_0
                      clk_pll_i             system_top_i/axi_interconnect_0/m00_couplers/auto_cc/inst/gen_clock_conv.gen_async_conv.asyncfifo_axi/inst_fifo_gen/gaxi_full_lite.gread_ch.grach2.axi_rach/grf.rf/gntv_or_sync_fifo.gcx.clkx/wr_pntr_cdc_inst/dest_graysync_ff_reg[0][1]/D
                                                                            system_top_i/axi_interconnect_0/m00_couplers/auto_cc/inst/gen_clock_conv.gen_async_conv.asyncfifo_axi/inst_fifo_gen/gaxi_full_lite.gread_ch.grach2.axi_rach/grf.rf/gntv_or_sync_fifo.gcx.clkx/wr_pntr_cdc_inst/dest_graysync_ff_reg[0][2]/D
                                                                                                            Slow         0.727      9.273


Slack (MET) :             9.273ns  (requirement - actual skew)
  Endpoint Source:        system_top_i/axi_interconnect_0/m00_couplers/auto_cc/inst/gen_clock_conv.gen_async_conv.asyncfifo_axi/inst_fifo_gen/gaxi_full_lite.gread_ch.grach2.axi_rach/grf.rf/gntv_or_sync_fifo.gcx.clkx/wr_pntr_cdc_inst/src_gray_ff_reg[1]/C
                            (rising edge-triggered cell FDRE clocked by clk_out2_system_top_clk_wiz_0_0)
  Endpoint Destination:   system_top_i/axi_interconnect_0/m00_couplers/auto_cc/inst/gen_clock_conv.gen_async_conv.asyncfifo_axi/inst_fifo_gen/gaxi_full_lite.gread_ch.grach2.axi_rach/grf.rf/gntv_or_sync_fifo.gcx.clkx/wr_pntr_cdc_inst/dest_graysync_ff_reg[0][1]/D
                            (rising edge-triggered cell FDRE clocked by clk_pll_i)
  Reference Source:       system_top_i/axi_interconnect_0/m00_couplers/auto_cc/inst/gen_clock_conv.gen_async_conv.asyncfifo_axi/inst_fifo_gen/gaxi_full_lite.gread_ch.grach2.axi_rach/grf.rf/gntv_or_sync_fifo.gcx.clkx/wr_pntr_cdc_inst/src_gray_ff_reg[2]/C
                            (rising edge-triggered cell FDRE clocked by clk_out2_system_top_clk_wiz_0_0)
  Reference Destination:  system_top_i/axi_interconnect_0/m00_couplers/auto_cc/inst/gen_clock_conv.gen_async_conv.asyncfifo_axi/inst_fifo_gen/gaxi_full_lite.gread_ch.grach2.axi_rach/grf.rf/gntv_or_sync_fifo.gcx.clkx/wr_pntr_cdc_inst/dest_graysync_ff_reg[0][2]/D
                            (rising edge-triggered cell FDRE clocked by clk_pll_i)
  Path Type:              Bus Skew (Max at Slow Process Corner)
  Requirement:            10.000ns
  Endpoint Relative Delay:   -0.880ns
  Reference Relative Delay:  -1.930ns
  Relative CRPR:              0.552ns
  Uncertainty:                0.229ns
  Actual Bus Skew:            0.727ns  (Endpoint Relative Delay - Reference Relative Delay - Relative CRPR + Uncertainty)

Endpoint path:
    Location             Delay type                Incr(ns)  Path(ns)    Netlist Resource(s)
  -------------------------------------------------------------------    -------------------
                         (clock clk_out2_system_top_clk_wiz_0_0 rise edge)
                                                      0.000     0.000 r  
    W19                                               0.000     0.000 r  CLK100MHZ (IN)
                         net (fo=0)                   0.000     0.000    system_top_i/clk_wiz_0/inst/clk_in1
    W19                  IBUF (Prop_ibuf_I_O)         1.440     1.440 r  system_top_i/clk_wiz_0/inst/clkin1_ibufg/O
                         net (fo=1, routed)           1.065     2.505    system_top_i/clk_wiz_0/inst/clk_in1_system_top_clk_wiz_0_0
    MMCME2_ADV_X0Y2      MMCME2_ADV (Prop_mmcme2_adv_CLKIN1_CLKOUT1)
                                                     -6.325    -3.819 r  system_top_i/clk_wiz_0/inst/mmcm_adv_inst/CLKOUT1
                         net (fo=1, routed)           1.559    -2.260    system_top_i/clk_wiz_0/inst/clk_out2_system_top_clk_wiz_0_0
    BUFGCTRL_X0Y2        BUFG (Prop_bufg_I_O)         0.081    -2.179 r  system_top_i/clk_wiz_0/inst/clkout2_buf/O
                         net (fo=11971, routed)       1.395    -0.784    system_top_i/axi_interconnect_0/m00_couplers/auto_cc/inst/gen_clock_conv.gen_async_conv.asyncfifo_axi/inst_fifo_gen/gaxi_full_lite.gread_ch.grach2.axi_rach/grf.rf/gntv_or_sync_fifo.gcx.clkx/wr_pntr_cdc_inst/src_clk
    SLICE_X113Y172       FDRE                                         r  system_top_i/axi_interconnect_0/m00_couplers/auto_cc/inst/gen_clock_conv.gen_async_conv.asyncfifo_axi/inst_fifo_gen/gaxi_full_lite.gread_ch.grach2.axi_rach/grf.rf/gntv_or_sync_fifo.gcx.clkx/wr_pntr_cdc_inst/src_gray_ff_reg[1]/C
  -------------------------------------------------------------------    -------------------
    SLICE_X113Y172       FDRE (Prop_fdre_C_Q)         0.348    -0.436 r  system_top_i/axi_interconnect_0/m00_couplers/auto_cc/inst/gen_clock_conv.gen_async_conv.asyncfifo_axi/inst_fifo_gen/gaxi_full_lite.gread_ch.grach2.axi_rach/grf.rf/gntv_or_sync_fifo.gcx.clkx/wr_pntr_cdc_inst/src_gray_ff_reg[1]/Q
                         net (fo=1, routed)           0.387    -0.049    system_top_i/axi_interconnect_0/m00_couplers/auto_cc/inst/gen_clock_conv.gen_async_conv.asyncfifo_axi/inst_fifo_gen/gaxi_full_lite.gread_ch.grach2.axi_rach/grf.rf/gntv_or_sync_fifo.gcx.clkx/wr_pntr_cdc_inst/async_path[1]
    SLICE_X112Y172       FDRE                                         r  system_top_i/axi_interconnect_0/m00_couplers/auto_cc/inst/gen_clock_conv.gen_async_conv.asyncfifo_axi/inst_fifo_gen/gaxi_full_lite.gread_ch.grach2.axi_rach/grf.rf/gntv_or_sync_fifo.gcx.clkx/wr_pntr_cdc_inst/dest_graysync_ff_reg[0][1]/D
  -------------------------------------------------------------------    -------------------

                         (clock clk_pll_i rise edge)
                                                      0.000     0.000 r  
    W19                                               0.000     0.000 r  CLK100MHZ (IN)
                         net (fo=0)                   0.000     0.000    system_top_i/clk_wiz_0/inst/clk_in1
    W19                  IBUF (Prop_ibuf_I_O)         1.374     1.374 r  system_top_i/clk_wiz_0/inst/clkin1_ibufg/O
                         net (fo=1, routed)           1.004     2.378    system_top_i/clk_wiz_0/inst/clk_in1_system_top_clk_wiz_0_0
    MMCME2_ADV_X0Y2      MMCME2_ADV (Prop_mmcme2_adv_CLKIN1_CLKOUT0)
                                                     -6.451    -4.074 r  system_top_i/clk_wiz_0/inst/mmcm_adv_inst/CLKOUT0
                         net (fo=1, routed)           1.488    -2.586    system_top_i/clk_wiz_0/inst/clk_out1_system_top_clk_wiz_0_0
    BUFGCTRL_X0Y1        BUFG (Prop_bufg_I_O)         0.077    -2.509 r  system_top_i/clk_wiz_0/inst/clkout1_buf/O
                         net (fo=63, routed)          1.417    -1.092    system_top_i/mig_7series_0/u_system_top_mig_7series_0_1_mig/u_ddr3_infrastructure/mmcm_clk
    PLLE2_ADV_X1Y2       PLLE2_ADV (Prop_plle2_adv_CLKIN1_CLKOUT3)
                                                      0.073    -1.019 r  system_top_i/mig_7series_0/u_system_top_mig_7series_0_1_mig/u_ddr3_infrastructure/plle2_i/CLKOUT3
                         net (fo=1, routed)           1.029     0.010    system_top_i/mig_7series_0/u_system_top_mig_7series_0_1_mig/u_ddr3_infrastructure/pll_clk3_out
    BUFHCE_X1Y24         BUFH (Prop_bufh_I_O)         0.069     0.079 r  system_top_i/mig_7series_0/u_system_top_mig_7series_0_1_mig/u_ddr3_infrastructure/u_bufh_pll_clk3/O
                         net (fo=1, routed)           0.777     0.856    system_top_i/mig_7series_0/u_system_top_mig_7series_0_1_mig/u_ddr3_infrastructure/pll_clk3
    MMCME2_ADV_X1Y2      MMCME2_ADV (Prop_mmcme2_adv_CLKIN1_CLKFBOUT)
                                                     -2.927    -2.072 r  system_top_i/mig_7series_0/u_system_top_mig_7series_0_1_mig/u_ddr3_infrastructure/gen_mmcm.mmcm_i/CLKFBOUT
                         net (fo=1, routed)           1.452    -0.619    system_top_i/mig_7series_0/u_system_top_mig_7series_0_1_mig/u_ddr3_infrastructure/clk_pll_i
    BUFGCTRL_X0Y0        BUFG (Prop_bufg_I_O)         0.077    -0.542 r  system_top_i/mig_7series_0/u_system_top_mig_7series_0_1_mig/u_ddr3_infrastructure/u_bufg_clkdiv0/O
                         net (fo=9583, routed)        1.289     0.747    system_top_i/axi_interconnect_0/m00_couplers/auto_cc/inst/gen_clock_conv.gen_async_conv.asyncfifo_axi/inst_fifo_gen/gaxi_full_lite.gread_ch.grach2.axi_rach/grf.rf/gntv_or_sync_fifo.gcx.clkx/wr_pntr_cdc_inst/dest_clk
    SLICE_X112Y172       FDRE                                         r  system_top_i/axi_interconnect_0/m00_couplers/auto_cc/inst/gen_clock_conv.gen_async_conv.asyncfifo_axi/inst_fifo_gen/gaxi_full_lite.gread_ch.grach2.axi_rach/grf.rf/gntv_or_sync_fifo.gcx.clkx/wr_pntr_cdc_inst/dest_graysync_ff_reg[0][1]/C
                         clock pessimism              0.254     1.002    
    SLICE_X112Y172       FDRE (Setup_fdre_C_D)       -0.170     0.832    system_top_i/axi_interconnect_0/m00_couplers/auto_cc/inst/gen_clock_conv.gen_async_conv.asyncfifo_axi/inst_fifo_gen/gaxi_full_lite.gread_ch.grach2.axi_rach/grf.rf/gntv_or_sync_fifo.gcx.clkx/wr_pntr_cdc_inst/dest_graysync_ff_reg[0][1]
  -------------------------------------------------------------------
                         data arrival                          -0.049    
                         clock arrival                          0.832    
  -------------------------------------------------------------------
                         relative delay                        -0.880    

Reference path:
    Location             Delay type                Incr(ns)  Path(ns)    Netlist Resource(s)
  -------------------------------------------------------------------    -------------------
                         (clock clk_out2_system_top_clk_wiz_0_0 rise edge)
                                                      0.000     0.000 r  
    W19                                               0.000     0.000 r  CLK100MHZ (IN)
                         net (fo=0)                   0.000     0.000    system_top_i/clk_wiz_0/inst/clk_in1
    W19                  IBUF (Prop_ibuf_I_O)         1.374     1.374 r  system_top_i/clk_wiz_0/inst/clkin1_ibufg/O
                         net (fo=1, routed)           1.004     2.378    system_top_i/clk_wiz_0/inst/clk_in1_system_top_clk_wiz_0_0
    MMCME2_ADV_X0Y2      MMCME2_ADV (Prop_mmcme2_adv_CLKIN1_CLKOUT1)
                                                     -6.451    -4.074 r  system_top_i/clk_wiz_0/inst/mmcm_adv_inst/CLKOUT1
                         net (fo=1, routed)           1.488    -2.586    system_top_i/clk_wiz_0/inst/clk_out2_system_top_clk_wiz_0_0
    BUFGCTRL_X0Y2        BUFG (Prop_bufg_I_O)         0.077    -2.509 r  system_top_i/clk_wiz_0/inst/clkout2_buf/O
                         net (fo=11971, routed)       1.289    -1.220    system_top_i/axi_interconnect_0/m00_couplers/auto_cc/inst/gen_clock_conv.gen_async_conv.asyncfifo_axi/inst_fifo_gen/gaxi_full_lite.gread_ch.grach2.axi_rach/grf.rf/gntv_or_sync_fifo.gcx.clkx/wr_pntr_cdc_inst/src_clk
    SLICE_X113Y172       FDRE                                         r  system_top_i/axi_interconnect_0/m00_couplers/auto_cc/inst/gen_clock_conv.gen_async_conv.asyncfifo_axi/inst_fifo_gen/gaxi_full_lite.gread_ch.grach2.axi_rach/grf.rf/gntv_or_sync_fifo.gcx.clkx/wr_pntr_cdc_inst/src_gray_ff_reg[2]/C
  -------------------------------------------------------------------    -------------------
    SLICE_X113Y172       FDRE (Prop_fdre_C_Q)         0.304    -0.916 r  system_top_i/axi_interconnect_0/m00_couplers/auto_cc/inst/gen_clock_conv.gen_async_conv.asyncfifo_axi/inst_fifo_gen/gaxi_full_lite.gread_ch.grach2.axi_rach/grf.rf/gntv_or_sync_fifo.gcx.clkx/wr_pntr_cdc_inst/src_gray_ff_reg[2]/Q
                         net (fo=1, routed)           0.317    -0.599    system_top_i/axi_interconnect_0/m00_couplers/auto_cc/inst/gen_clock_conv.gen_async_conv.asyncfifo_axi/inst_fifo_gen/gaxi_full_lite.gread_ch.grach2.axi_rach/grf.rf/gntv_or_sync_fifo.gcx.clkx/wr_pntr_cdc_inst/async_path[2]
    SLICE_X112Y173       FDRE                                         r  system_top_i/axi_interconnect_0/m00_couplers/auto_cc/inst/gen_clock_conv.gen_async_conv.asyncfifo_axi/inst_fifo_gen/gaxi_full_lite.gread_ch.grach2.axi_rach/grf.rf/gntv_or_sync_fifo.gcx.clkx/wr_pntr_cdc_inst/dest_graysync_ff_reg[0][2]/D
  -------------------------------------------------------------------    -------------------

                         (clock clk_pll_i rise edge)
                                                      0.000     0.000 r  
    W19                                               0.000     0.000 r  CLK100MHZ (IN)
                         net (fo=0)                   0.000     0.000    system_top_i/clk_wiz_0/inst/clk_in1
    W19                  IBUF (Prop_ibuf_I_O)         1.440     1.440 r  system_top_i/clk_wiz_0/inst/clkin1_ibufg/O
                         net (fo=1, routed)           1.065     2.505    system_top_i/clk_wiz_0/inst/clk_in1_system_top_clk_wiz_0_0
    MMCME2_ADV_X0Y2      MMCME2_ADV (Prop_mmcme2_adv_CLKIN1_CLKOUT0)
                                                     -6.325    -3.819 r  system_top_i/clk_wiz_0/inst/mmcm_adv_inst/CLKOUT0
                         net (fo=1, routed)           1.559    -2.260    system_top_i/clk_wiz_0/inst/clk_out1_system_top_clk_wiz_0_0
    BUFGCTRL_X0Y1        BUFG (Prop_bufg_I_O)         0.081    -2.179 r  system_top_i/clk_wiz_0/inst/clkout1_buf/O
                         net (fo=63, routed)          1.519    -0.661    system_top_i/mig_7series_0/u_system_top_mig_7series_0_1_mig/u_ddr3_infrastructure/mmcm_clk
    PLLE2_ADV_X1Y2       PLLE2_ADV (Prop_plle2_adv_CLKIN1_CLKOUT3)
                                                      0.077    -0.584 r  system_top_i/mig_7series_0/u_system_top_mig_7series_0_1_mig/u_ddr3_infrastructure/plle2_i/CLKOUT3
                         net (fo=1, routed)           1.165     0.581    system_top_i/mig_7series_0/u_system_top_mig_7series_0_1_mig/u_ddr3_infrastructure/pll_clk3_out
    BUFHCE_X1Y24         BUFH (Prop_bufh_I_O)         0.106     0.687 r  system_top_i/mig_7series_0/u_system_top_mig_7series_0_1_mig/u_ddr3_infrastructure/u_bufh_pll_clk3/O
                         net (fo=1, routed)           0.813     1.500    system_top_i/mig_7series_0/u_system_top_mig_7series_0_1_mig/u_ddr3_infrastructure/pll_clk3
    MMCME2_ADV_X1Y2      MMCME2_ADV (Prop_mmcme2_adv_CLKIN1_CLKFBOUT)
                                                     -3.104    -1.604 r  system_top_i/mig_7series_0/u_system_top_mig_7series_0_1_mig/u_ddr3_infrastructure/gen_mmcm.mmcm_i/CLKFBOUT
                         net (fo=1, routed)           1.524    -0.080    system_top_i/mig_7series_0/u_system_top_mig_7series_0_1_mig/u_ddr3_infrastructure/clk_pll_i
    BUFGCTRL_X0Y0        BUFG (Prop_bufg_I_O)         0.081     0.001 r  system_top_i/mig_7series_0/u_system_top_mig_7series_0_1_mig/u_ddr3_infrastructure/u_bufg_clkdiv0/O
                         net (fo=9583, routed)        1.393     1.394    system_top_i/axi_interconnect_0/m00_couplers/auto_cc/inst/gen_clock_conv.gen_async_conv.asyncfifo_axi/inst_fifo_gen/gaxi_full_lite.gread_ch.grach2.axi_rach/grf.rf/gntv_or_sync_fifo.gcx.clkx/wr_pntr_cdc_inst/dest_clk
    SLICE_X112Y173       FDRE                                         r  system_top_i/axi_interconnect_0/m00_couplers/auto_cc/inst/gen_clock_conv.gen_async_conv.asyncfifo_axi/inst_fifo_gen/gaxi_full_lite.gread_ch.grach2.axi_rach/grf.rf/gntv_or_sync_fifo.gcx.clkx/wr_pntr_cdc_inst/dest_graysync_ff_reg[0][2]/C
                         clock pessimism             -0.254     1.139    
    SLICE_X112Y173       FDRE (Hold_fdre_C_D)         0.191     1.330    system_top_i/axi_interconnect_0/m00_couplers/auto_cc/inst/gen_clock_conv.gen_async_conv.asyncfifo_axi/inst_fifo_gen/gaxi_full_lite.gread_ch.grach2.axi_rach/grf.rf/gntv_or_sync_fifo.gcx.clkx/wr_pntr_cdc_inst/dest_graysync_ff_reg[0][2]
  -------------------------------------------------------------------
                         data arrival                          -0.599    
                         clock arrival                          1.330    
  -------------------------------------------------------------------
                         relative delay                        -1.930    



Id: 9
set_bus_skew -from [get_cells [list {system_top_i/axi_interconnect_0/m00_couplers/auto_cc/inst/gen_clock_conv.gen_async_conv.asyncfifo_axi/inst_fifo_gen/gaxi_full_lite.gread_ch.grach2.axi_rach/grf.rf/gntv_or_sync_fifo.gcx.clkx/rd_pntr_cdc_inst/src_gray_ff_reg[0]} {system_top_i/axi_interconnect_0/m00_couplers/auto_cc/inst/gen_clock_conv.gen_async_conv.asyncfifo_axi/inst_fifo_gen/gaxi_full_lite.gread_ch.grach2.axi_rach/grf.rf/gntv_or_sync_fifo.gcx.clkx/rd_pntr_cdc_inst/src_gray_ff_reg[1]} {system_top_i/axi_interconnect_0/m00_couplers/auto_cc/inst/gen_clock_conv.gen_async_conv.asyncfifo_axi/inst_fifo_gen/gaxi_full_lite.gread_ch.grach2.axi_rach/grf.rf/gntv_or_sync_fifo.gcx.clkx/rd_pntr_cdc_inst/src_gray_ff_reg[2]} {system_top_i/axi_interconnect_0/m00_couplers/auto_cc/inst/gen_clock_conv.gen_async_conv.asyncfifo_axi/inst_fifo_gen/gaxi_full_lite.gread_ch.grach2.axi_rach/grf.rf/gntv_or_sync_fifo.gcx.clkx/rd_pntr_cdc_inst/src_gray_ff_reg[3]}]] -to [get_cells [list {system_top_i/axi_interconnect_0/m00_couplers/auto_cc/inst/gen_clock_conv.gen_async_conv.asyncfifo_axi/inst_fifo_gen/gaxi_full_lite.gread_ch.grach2.axi_rach/grf.rf/gntv_or_sync_fifo.gcx.clkx/rd_pntr_cdc_inst/dest_graysync_ff_reg[0][0]} {system_top_i/axi_interconnect_0/m00_couplers/auto_cc/inst/gen_clock_conv.gen_async_conv.asyncfifo_axi/inst_fifo_gen/gaxi_full_lite.gread_ch.grach2.axi_rach/grf.rf/gntv_or_sync_fifo.gcx.clkx/rd_pntr_cdc_inst/dest_graysync_ff_reg[0][1]} {system_top_i/axi_interconnect_0/m00_couplers/auto_cc/inst/gen_clock_conv.gen_async_conv.asyncfifo_axi/inst_fifo_gen/gaxi_full_lite.gread_ch.grach2.axi_rach/grf.rf/gntv_or_sync_fifo.gcx.clkx/rd_pntr_cdc_inst/dest_graysync_ff_reg[0][2]} {system_top_i/axi_interconnect_0/m00_couplers/auto_cc/inst/gen_clock_conv.gen_async_conv.asyncfifo_axi/inst_fifo_gen/gaxi_full_lite.gread_ch.grach2.axi_rach/grf.rf/gntv_or_sync_fifo.gcx.clkx/rd_pntr_cdc_inst/dest_graysync_ff_reg[0][3]}]] 10.000
Requirement: 10.000ns
Endpoints: 4

From Clock            To Clock              Endpoint Pin                    Reference Pin                   Corner  Actual(ns)  Slack(ns)
--------------------  --------------------  ------------------------------  ------------------------------  ------  ----------  ---------
clk_pll_i             clk_out2_system_top_clk_wiz_0_0
                                            system_top_i/axi_interconnect_0/m00_couplers/auto_cc/inst/gen_clock_conv.gen_async_conv.asyncfifo_axi/inst_fifo_gen/gaxi_full_lite.gread_ch.grach2.axi_rach/grf.rf/gntv_or_sync_fifo.gcx.clkx/rd_pntr_cdc_inst/dest_graysync_ff_reg[0][1]/D
                                                                            system_top_i/axi_interconnect_0/m00_couplers/auto_cc/inst/gen_clock_conv.gen_async_conv.asyncfifo_axi/inst_fifo_gen/gaxi_full_lite.gread_ch.grach2.axi_rach/grf.rf/gntv_or_sync_fifo.gcx.clkx/rd_pntr_cdc_inst/dest_graysync_ff_reg[0][3]/D
                                                                                                            Slow         0.823      9.177


Slack (MET) :             9.177ns  (requirement - actual skew)
  Endpoint Source:        system_top_i/axi_interconnect_0/m00_couplers/auto_cc/inst/gen_clock_conv.gen_async_conv.asyncfifo_axi/inst_fifo_gen/gaxi_full_lite.gread_ch.grach2.axi_rach/grf.rf/gntv_or_sync_fifo.gcx.clkx/rd_pntr_cdc_inst/src_gray_ff_reg[1]/C
                            (rising edge-triggered cell FDRE clocked by clk_pll_i)
  Endpoint Destination:   system_top_i/axi_interconnect_0/m00_couplers/auto_cc/inst/gen_clock_conv.gen_async_conv.asyncfifo_axi/inst_fifo_gen/gaxi_full_lite.gread_ch.grach2.axi_rach/grf.rf/gntv_or_sync_fifo.gcx.clkx/rd_pntr_cdc_inst/dest_graysync_ff_reg[0][1]/D
                            (rising edge-triggered cell FDRE clocked by clk_out2_system_top_clk_wiz_0_0)
  Reference Source:       system_top_i/axi_interconnect_0/m00_couplers/auto_cc/inst/gen_clock_conv.gen_async_conv.asyncfifo_axi/inst_fifo_gen/gaxi_full_lite.gread_ch.grach2.axi_rach/grf.rf/gntv_or_sync_fifo.gcx.clkx/rd_pntr_cdc_inst/src_gray_ff_reg[3]/C
                            (rising edge-triggered cell FDRE clocked by clk_pll_i)
  Reference Destination:  system_top_i/axi_interconnect_0/m00_couplers/auto_cc/inst/gen_clock_conv.gen_async_conv.asyncfifo_axi/inst_fifo_gen/gaxi_full_lite.gread_ch.grach2.axi_rach/grf.rf/gntv_or_sync_fifo.gcx.clkx/rd_pntr_cdc_inst/dest_graysync_ff_reg[0][3]/D
                            (rising edge-triggered cell FDRE clocked by clk_out2_system_top_clk_wiz_0_0)
  Path Type:              Bus Skew (Max at Slow Process Corner)
  Requirement:            10.000ns
  Endpoint Relative Delay:    3.334ns
  Reference Relative Delay:   2.255ns
  Relative CRPR:              0.528ns
  Uncertainty:                0.272ns
  Actual Bus Skew:            0.823ns  (Endpoint Relative Delay - Reference Relative Delay - Relative CRPR + Uncertainty)

Endpoint path:
    Location             Delay type                Incr(ns)  Path(ns)    Netlist Resource(s)
  -------------------------------------------------------------------    -------------------
                         (clock clk_pll_i rise edge)
                                                      0.000     0.000 r  
    W19                                               0.000     0.000 r  CLK100MHZ (IN)
                         net (fo=0)                   0.000     0.000    system_top_i/clk_wiz_0/inst/clk_in1
    W19                  IBUF (Prop_ibuf_I_O)         1.440     1.440 r  system_top_i/clk_wiz_0/inst/clkin1_ibufg/O
                         net (fo=1, routed)           1.065     2.505    system_top_i/clk_wiz_0/inst/clk_in1_system_top_clk_wiz_0_0
    MMCME2_ADV_X0Y2      MMCME2_ADV (Prop_mmcme2_adv_CLKIN1_CLKOUT0)
                                                     -6.325    -3.819 r  system_top_i/clk_wiz_0/inst/mmcm_adv_inst/CLKOUT0
                         net (fo=1, routed)           1.559    -2.260    system_top_i/clk_wiz_0/inst/clk_out1_system_top_clk_wiz_0_0
    BUFGCTRL_X0Y1        BUFG (Prop_bufg_I_O)         0.081    -2.179 r  system_top_i/clk_wiz_0/inst/clkout1_buf/O
                         net (fo=63, routed)          1.519    -0.661    system_top_i/mig_7series_0/u_system_top_mig_7series_0_1_mig/u_ddr3_infrastructure/mmcm_clk
    PLLE2_ADV_X1Y2       PLLE2_ADV (Prop_plle2_adv_CLKIN1_CLKOUT3)
                                                      0.077    -0.584 r  system_top_i/mig_7series_0/u_system_top_mig_7series_0_1_mig/u_ddr3_infrastructure/plle2_i/CLKOUT3
                         net (fo=1, routed)           1.165     0.581    system_top_i/mig_7series_0/u_system_top_mig_7series_0_1_mig/u_ddr3_infrastructure/pll_clk3_out
    BUFHCE_X1Y24         BUFH (Prop_bufh_I_O)         0.106     0.687 r  system_top_i/mig_7series_0/u_system_top_mig_7series_0_1_mig/u_ddr3_infrastructure/u_bufh_pll_clk3/O
                         net (fo=1, routed)           0.813     1.500    system_top_i/mig_7series_0/u_system_top_mig_7series_0_1_mig/u_ddr3_infrastructure/pll_clk3
    MMCME2_ADV_X1Y2      MMCME2_ADV (Prop_mmcme2_adv_CLKIN1_CLKFBOUT)
                                                     -3.104    -1.604 r  system_top_i/mig_7series_0/u_system_top_mig_7series_0_1_mig/u_ddr3_infrastructure/gen_mmcm.mmcm_i/CLKFBOUT
                         net (fo=1, routed)           1.524    -0.080    system_top_i/mig_7series_0/u_system_top_mig_7series_0_1_mig/u_ddr3_infrastructure/clk_pll_i
    BUFGCTRL_X0Y0        BUFG (Prop_bufg_I_O)         0.081     0.001 r  system_top_i/mig_7series_0/u_system_top_mig_7series_0_1_mig/u_ddr3_infrastructure/u_bufg_clkdiv0/O
                         net (fo=9583, routed)        1.393     1.394    system_top_i/axi_interconnect_0/m00_couplers/auto_cc/inst/gen_clock_conv.gen_async_conv.asyncfifo_axi/inst_fifo_gen/gaxi_full_lite.gread_ch.grach2.axi_rach/grf.rf/gntv_or_sync_fifo.gcx.clkx/rd_pntr_cdc_inst/src_clk
    SLICE_X112Y173       FDRE                                         r  system_top_i/axi_interconnect_0/m00_couplers/auto_cc/inst/gen_clock_conv.gen_async_conv.asyncfifo_axi/inst_fifo_gen/gaxi_full_lite.gread_ch.grach2.axi_rach/grf.rf/gntv_or_sync_fifo.gcx.clkx/rd_pntr_cdc_inst/src_gray_ff_reg[1]/C
  -------------------------------------------------------------------    -------------------
    SLICE_X112Y173       FDRE (Prop_fdre_C_Q)         0.398     1.792 r  system_top_i/axi_interconnect_0/m00_couplers/auto_cc/inst/gen_clock_conv.gen_async_conv.asyncfifo_axi/inst_fifo_gen/gaxi_full_lite.gread_ch.grach2.axi_rach/grf.rf/gntv_or_sync_fifo.gcx.clkx/rd_pntr_cdc_inst/src_gray_ff_reg[1]/Q
                         net (fo=1, routed)           0.373     2.164    system_top_i/axi_interconnect_0/m00_couplers/auto_cc/inst/gen_clock_conv.gen_async_conv.asyncfifo_axi/inst_fifo_gen/gaxi_full_lite.gread_ch.grach2.axi_rach/grf.rf/gntv_or_sync_fifo.gcx.clkx/rd_pntr_cdc_inst/async_path[1]
    SLICE_X111Y173       FDRE                                         r  system_top_i/axi_interconnect_0/m00_couplers/auto_cc/inst/gen_clock_conv.gen_async_conv.asyncfifo_axi/inst_fifo_gen/gaxi_full_lite.gread_ch.grach2.axi_rach/grf.rf/gntv_or_sync_fifo.gcx.clkx/rd_pntr_cdc_inst/dest_graysync_ff_reg[0][1]/D
  -------------------------------------------------------------------    -------------------

                         (clock clk_out2_system_top_clk_wiz_0_0 rise edge)
                                                      0.000     0.000 r  
    W19                                               0.000     0.000 r  CLK100MHZ (IN)
                         net (fo=0)                   0.000     0.000    system_top_i/clk_wiz_0/inst/clk_in1
    W19                  IBUF (Prop_ibuf_I_O)         1.374     1.374 r  system_top_i/clk_wiz_0/inst/clkin1_ibufg/O
                         net (fo=1, routed)           1.004     2.378    system_top_i/clk_wiz_0/inst/clk_in1_system_top_clk_wiz_0_0
    MMCME2_ADV_X0Y2      MMCME2_ADV (Prop_mmcme2_adv_CLKIN1_CLKOUT1)
                                                     -6.451    -4.074 r  system_top_i/clk_wiz_0/inst/mmcm_adv_inst/CLKOUT1
                         net (fo=1, routed)           1.488    -2.586    system_top_i/clk_wiz_0/inst/clk_out2_system_top_clk_wiz_0_0
    BUFGCTRL_X0Y2        BUFG (Prop_bufg_I_O)         0.077    -2.509 r  system_top_i/clk_wiz_0/inst/clkout2_buf/O
                         net (fo=11971, routed)       1.285    -1.224    system_top_i/axi_interconnect_0/m00_couplers/auto_cc/inst/gen_clock_conv.gen_async_conv.asyncfifo_axi/inst_fifo_gen/gaxi_full_lite.gread_ch.grach2.axi_rach/grf.rf/gntv_or_sync_fifo.gcx.clkx/rd_pntr_cdc_inst/dest_clk
    SLICE_X111Y173       FDRE                                         r  system_top_i/axi_interconnect_0/m00_couplers/auto_cc/inst/gen_clock_conv.gen_async_conv.asyncfifo_axi/inst_fifo_gen/gaxi_full_lite.gread_ch.grach2.axi_rach/grf.rf/gntv_or_sync_fifo.gcx.clkx/rd_pntr_cdc_inst/dest_graysync_ff_reg[0][1]/C
                         clock pessimism              0.254    -0.969    
    SLICE_X111Y173       FDRE (Setup_fdre_C_D)       -0.200    -1.169    system_top_i/axi_interconnect_0/m00_couplers/auto_cc/inst/gen_clock_conv.gen_async_conv.asyncfifo_axi/inst_fifo_gen/gaxi_full_lite.gread_ch.grach2.axi_rach/grf.rf/gntv_or_sync_fifo.gcx.clkx/rd_pntr_cdc_inst/dest_graysync_ff_reg[0][1]
  -------------------------------------------------------------------
                         data arrival                           2.164    
                         clock arrival                         -1.169    
  -------------------------------------------------------------------
                         relative delay                         3.334    

Reference path:
    Location             Delay type                Incr(ns)  Path(ns)    Netlist Resource(s)
  -------------------------------------------------------------------    -------------------
                         (clock clk_pll_i rise edge)
                                                      0.000     0.000 r  
    W19                                               0.000     0.000 r  CLK100MHZ (IN)
                         net (fo=0)                   0.000     0.000    system_top_i/clk_wiz_0/inst/clk_in1
    W19                  IBUF (Prop_ibuf_I_O)         1.374     1.374 r  system_top_i/clk_wiz_0/inst/clkin1_ibufg/O
                         net (fo=1, routed)           1.004     2.378    system_top_i/clk_wiz_0/inst/clk_in1_system_top_clk_wiz_0_0
    MMCME2_ADV_X0Y2      MMCME2_ADV (Prop_mmcme2_adv_CLKIN1_CLKOUT0)
                                                     -6.451    -4.074 r  system_top_i/clk_wiz_0/inst/mmcm_adv_inst/CLKOUT0
                         net (fo=1, routed)           1.488    -2.586    system_top_i/clk_wiz_0/inst/clk_out1_system_top_clk_wiz_0_0
    BUFGCTRL_X0Y1        BUFG (Prop_bufg_I_O)         0.077    -2.509 r  system_top_i/clk_wiz_0/inst/clkout1_buf/O
                         net (fo=63, routed)          1.417    -1.092    system_top_i/mig_7series_0/u_system_top_mig_7series_0_1_mig/u_ddr3_infrastructure/mmcm_clk
    PLLE2_ADV_X1Y2       PLLE2_ADV (Prop_plle2_adv_CLKIN1_CLKOUT3)
                                                      0.073    -1.019 r  system_top_i/mig_7series_0/u_system_top_mig_7series_0_1_mig/u_ddr3_infrastructure/plle2_i/CLKOUT3
                         net (fo=1, routed)           1.029     0.010    system_top_i/mig_7series_0/u_system_top_mig_7series_0_1_mig/u_ddr3_infrastructure/pll_clk3_out
    BUFHCE_X1Y24         BUFH (Prop_bufh_I_O)         0.069     0.079 r  system_top_i/mig_7series_0/u_system_top_mig_7series_0_1_mig/u_ddr3_infrastructure/u_bufh_pll_clk3/O
                         net (fo=1, routed)           0.777     0.856    system_top_i/mig_7series_0/u_system_top_mig_7series_0_1_mig/u_ddr3_infrastructure/pll_clk3
    MMCME2_ADV_X1Y2      MMCME2_ADV (Prop_mmcme2_adv_CLKIN1_CLKFBOUT)
                                                     -2.927    -2.072 r  system_top_i/mig_7series_0/u_system_top_mig_7series_0_1_mig/u_ddr3_infrastructure/gen_mmcm.mmcm_i/CLKFBOUT
                         net (fo=1, routed)           1.452    -0.619    system_top_i/mig_7series_0/u_system_top_mig_7series_0_1_mig/u_ddr3_infrastructure/clk_pll_i
    BUFGCTRL_X0Y0        BUFG (Prop_bufg_I_O)         0.077    -0.542 r  system_top_i/mig_7series_0/u_system_top_mig_7series_0_1_mig/u_ddr3_infrastructure/u_bufg_clkdiv0/O
                         net (fo=9583, routed)        1.287     0.745    system_top_i/axi_interconnect_0/m00_couplers/auto_cc/inst/gen_clock_conv.gen_async_conv.asyncfifo_axi/inst_fifo_gen/gaxi_full_lite.gread_ch.grach2.axi_rach/grf.rf/gntv_or_sync_fifo.gcx.clkx/rd_pntr_cdc_inst/src_clk
    SLICE_X113Y173       FDRE                                         r  system_top_i/axi_interconnect_0/m00_couplers/auto_cc/inst/gen_clock_conv.gen_async_conv.asyncfifo_axi/inst_fifo_gen/gaxi_full_lite.gread_ch.grach2.axi_rach/grf.rf/gntv_or_sync_fifo.gcx.clkx/rd_pntr_cdc_inst/src_gray_ff_reg[3]/C
  -------------------------------------------------------------------    -------------------
    SLICE_X113Y173       FDRE (Prop_fdre_C_Q)         0.279     1.024 r  system_top_i/axi_interconnect_0/m00_couplers/auto_cc/inst/gen_clock_conv.gen_async_conv.asyncfifo_axi/inst_fifo_gen/gaxi_full_lite.gread_ch.grach2.axi_rach/grf.rf/gntv_or_sync_fifo.gcx.clkx/rd_pntr_cdc_inst/src_gray_ff_reg[3]/Q
                         net (fo=1, routed)           0.215     1.239    system_top_i/axi_interconnect_0/m00_couplers/auto_cc/inst/gen_clock_conv.gen_async_conv.asyncfifo_axi/inst_fifo_gen/gaxi_full_lite.gread_ch.grach2.axi_rach/grf.rf/gntv_or_sync_fifo.gcx.clkx/rd_pntr_cdc_inst/async_path[3]
    SLICE_X110Y173       FDRE                                         r  system_top_i/axi_interconnect_0/m00_couplers/auto_cc/inst/gen_clock_conv.gen_async_conv.asyncfifo_axi/inst_fifo_gen/gaxi_full_lite.gread_ch.grach2.axi_rach/grf.rf/gntv_or_sync_fifo.gcx.clkx/rd_pntr_cdc_inst/dest_graysync_ff_reg[0][3]/D
  -------------------------------------------------------------------    -------------------

                         (clock clk_out2_system_top_clk_wiz_0_0 rise edge)
                                                      0.000     0.000 r  
    W19                                               0.000     0.000 r  CLK100MHZ (IN)
                         net (fo=0)                   0.000     0.000    system_top_i/clk_wiz_0/inst/clk_in1
    W19                  IBUF (Prop_ibuf_I_O)         1.440     1.440 r  system_top_i/clk_wiz_0/inst/clkin1_ibufg/O
                         net (fo=1, routed)           1.065     2.505    system_top_i/clk_wiz_0/inst/clk_in1_system_top_clk_wiz_0_0
    MMCME2_ADV_X0Y2      MMCME2_ADV (Prop_mmcme2_adv_CLKIN1_CLKOUT1)
                                                     -6.325    -3.819 r  system_top_i/clk_wiz_0/inst/mmcm_adv_inst/CLKOUT1
                         net (fo=1, routed)           1.559    -2.260    system_top_i/clk_wiz_0/inst/clk_out2_system_top_clk_wiz_0_0
    BUFGCTRL_X0Y2        BUFG (Prop_bufg_I_O)         0.081    -2.179 r  system_top_i/clk_wiz_0/inst/clkout2_buf/O
                         net (fo=11971, routed)       1.391    -0.788    system_top_i/axi_interconnect_0/m00_couplers/auto_cc/inst/gen_clock_conv.gen_async_conv.asyncfifo_axi/inst_fifo_gen/gaxi_full_lite.gread_ch.grach2.axi_rach/grf.rf/gntv_or_sync_fifo.gcx.clkx/rd_pntr_cdc_inst/dest_clk
    SLICE_X110Y173       FDRE                                         r  system_top_i/axi_interconnect_0/m00_couplers/auto_cc/inst/gen_clock_conv.gen_async_conv.asyncfifo_axi/inst_fifo_gen/gaxi_full_lite.gread_ch.grach2.axi_rach/grf.rf/gntv_or_sync_fifo.gcx.clkx/rd_pntr_cdc_inst/dest_graysync_ff_reg[0][3]/C
                         clock pessimism             -0.254    -1.043    
    SLICE_X110Y173       FDRE (Hold_fdre_C_D)         0.026    -1.017    system_top_i/axi_interconnect_0/m00_couplers/auto_cc/inst/gen_clock_conv.gen_async_conv.asyncfifo_axi/inst_fifo_gen/gaxi_full_lite.gread_ch.grach2.axi_rach/grf.rf/gntv_or_sync_fifo.gcx.clkx/rd_pntr_cdc_inst/dest_graysync_ff_reg[0][3]
  -------------------------------------------------------------------
                         data arrival                           1.239    
                         clock arrival                         -1.017    
  -------------------------------------------------------------------
                         relative delay                         2.255    



Id: 10
set_bus_skew -from [get_cells [list {system_top_i/axi_interconnect_0/m00_couplers/auto_cc/inst/gen_clock_conv.gen_async_conv.asyncfifo_axi/inst_fifo_gen/gaxi_full_lite.gread_ch.grdch2.axi_rdch/grf.rf/gntv_or_sync_fifo.gcx.clkx/wr_pntr_cdc_inst/src_gray_ff_reg[0]} {system_top_i/axi_interconnect_0/m00_couplers/auto_cc/inst/gen_clock_conv.gen_async_conv.asyncfifo_axi/inst_fifo_gen/gaxi_full_lite.gread_ch.grdch2.axi_rdch/grf.rf/gntv_or_sync_fifo.gcx.clkx/wr_pntr_cdc_inst/src_gray_ff_reg[1]} {system_top_i/axi_interconnect_0/m00_couplers/auto_cc/inst/gen_clock_conv.gen_async_conv.asyncfifo_axi/inst_fifo_gen/gaxi_full_lite.gread_ch.grdch2.axi_rdch/grf.rf/gntv_or_sync_fifo.gcx.clkx/wr_pntr_cdc_inst/src_gray_ff_reg[2]} {system_top_i/axi_interconnect_0/m00_couplers/auto_cc/inst/gen_clock_conv.gen_async_conv.asyncfifo_axi/inst_fifo_gen/gaxi_full_lite.gread_ch.grdch2.axi_rdch/grf.rf/gntv_or_sync_fifo.gcx.clkx/wr_pntr_cdc_inst/src_gray_ff_reg[3]}]] -to [get_cells [list {system_top_i/axi_interconnect_0/m00_couplers/auto_cc/inst/gen_clock_conv.gen_async_conv.asyncfifo_axi/inst_fifo_gen/gaxi_full_lite.gread_ch.grdch2.axi_rdch/grf.rf/gntv_or_sync_fifo.gcx.clkx/wr_pntr_cdc_inst/dest_graysync_ff_reg[0][0]} {system_top_i/axi_interconnect_0/m00_couplers/auto_cc/inst/gen_clock_conv.gen_async_conv.asyncfifo_axi/inst_fifo_gen/gaxi_full_lite.gread_ch.grdch2.axi_rdch/grf.rf/gntv_or_sync_fifo.gcx.clkx/wr_pntr_cdc_inst/dest_graysync_ff_reg[0][1]} {system_top_i/axi_interconnect_0/m00_couplers/auto_cc/inst/gen_clock_conv.gen_async_conv.asyncfifo_axi/inst_fifo_gen/gaxi_full_lite.gread_ch.grdch2.axi_rdch/grf.rf/gntv_or_sync_fifo.gcx.clkx/wr_pntr_cdc_inst/dest_graysync_ff_reg[0][2]} {system_top_i/axi_interconnect_0/m00_couplers/auto_cc/inst/gen_clock_conv.gen_async_conv.asyncfifo_axi/inst_fifo_gen/gaxi_full_lite.gread_ch.grdch2.axi_rdch/grf.rf/gntv_or_sync_fifo.gcx.clkx/wr_pntr_cdc_inst/dest_graysync_ff_reg[0][3]}]] 10.000
Requirement: 10.000ns
Endpoints: 4

From Clock            To Clock              Endpoint Pin                    Reference Pin                   Corner  Actual(ns)  Slack(ns)
--------------------  --------------------  ------------------------------  ------------------------------  ------  ----------  ---------
clk_pll_i             clk_out2_system_top_clk_wiz_0_0
                                            system_top_i/axi_interconnect_0/m00_couplers/auto_cc/inst/gen_clock_conv.gen_async_conv.asyncfifo_axi/inst_fifo_gen/gaxi_full_lite.gread_ch.grdch2.axi_rdch/grf.rf/gntv_or_sync_fifo.gcx.clkx/wr_pntr_cdc_inst/dest_graysync_ff_reg[0][1]/D
                                                                            system_top_i/axi_interconnect_0/m00_couplers/auto_cc/inst/gen_clock_conv.gen_async_conv.asyncfifo_axi/inst_fifo_gen/gaxi_full_lite.gread_ch.grdch2.axi_rdch/grf.rf/gntv_or_sync_fifo.gcx.clkx/wr_pntr_cdc_inst/dest_graysync_ff_reg[0][3]/D
                                                                                                            Slow         0.762      9.238


Slack (MET) :             9.238ns  (requirement - actual skew)
  Endpoint Source:        system_top_i/axi_interconnect_0/m00_couplers/auto_cc/inst/gen_clock_conv.gen_async_conv.asyncfifo_axi/inst_fifo_gen/gaxi_full_lite.gread_ch.grdch2.axi_rdch/grf.rf/gntv_or_sync_fifo.gcx.clkx/wr_pntr_cdc_inst/src_gray_ff_reg[1]/C
                            (rising edge-triggered cell FDRE clocked by clk_pll_i)
  Endpoint Destination:   system_top_i/axi_interconnect_0/m00_couplers/auto_cc/inst/gen_clock_conv.gen_async_conv.asyncfifo_axi/inst_fifo_gen/gaxi_full_lite.gread_ch.grdch2.axi_rdch/grf.rf/gntv_or_sync_fifo.gcx.clkx/wr_pntr_cdc_inst/dest_graysync_ff_reg[0][1]/D
                            (rising edge-triggered cell FDRE clocked by clk_out2_system_top_clk_wiz_0_0)
  Reference Source:       system_top_i/axi_interconnect_0/m00_couplers/auto_cc/inst/gen_clock_conv.gen_async_conv.asyncfifo_axi/inst_fifo_gen/gaxi_full_lite.gread_ch.grdch2.axi_rdch/grf.rf/gntv_or_sync_fifo.gcx.clkx/wr_pntr_cdc_inst/src_gray_ff_reg[3]/C
                            (rising edge-triggered cell FDRE clocked by clk_pll_i)
  Reference Destination:  system_top_i/axi_interconnect_0/m00_couplers/auto_cc/inst/gen_clock_conv.gen_async_conv.asyncfifo_axi/inst_fifo_gen/gaxi_full_lite.gread_ch.grdch2.axi_rdch/grf.rf/gntv_or_sync_fifo.gcx.clkx/wr_pntr_cdc_inst/dest_graysync_ff_reg[0][3]/D
                            (rising edge-triggered cell FDRE clocked by clk_out2_system_top_clk_wiz_0_0)
  Path Type:              Bus Skew (Max at Slow Process Corner)
  Requirement:            10.000ns
  Endpoint Relative Delay:    3.274ns
  Reference Relative Delay:   2.289ns
  Relative CRPR:              0.496ns
  Uncertainty:                0.272ns
  Actual Bus Skew:            0.762ns  (Endpoint Relative Delay - Reference Relative Delay - Relative CRPR + Uncertainty)

Endpoint path:
    Location             Delay type                Incr(ns)  Path(ns)    Netlist Resource(s)
  -------------------------------------------------------------------    -------------------
                         (clock clk_pll_i rise edge)
                                                      0.000     0.000 r  
    W19                                               0.000     0.000 r  CLK100MHZ (IN)
                         net (fo=0)                   0.000     0.000    system_top_i/clk_wiz_0/inst/clk_in1
    W19                  IBUF (Prop_ibuf_I_O)         1.440     1.440 r  system_top_i/clk_wiz_0/inst/clkin1_ibufg/O
                         net (fo=1, routed)           1.065     2.505    system_top_i/clk_wiz_0/inst/clk_in1_system_top_clk_wiz_0_0
    MMCME2_ADV_X0Y2      MMCME2_ADV (Prop_mmcme2_adv_CLKIN1_CLKOUT0)
                                                     -6.325    -3.819 r  system_top_i/clk_wiz_0/inst/mmcm_adv_inst/CLKOUT0
                         net (fo=1, routed)           1.559    -2.260    system_top_i/clk_wiz_0/inst/clk_out1_system_top_clk_wiz_0_0
    BUFGCTRL_X0Y1        BUFG (Prop_bufg_I_O)         0.081    -2.179 r  system_top_i/clk_wiz_0/inst/clkout1_buf/O
                         net (fo=63, routed)          1.519    -0.661    system_top_i/mig_7series_0/u_system_top_mig_7series_0_1_mig/u_ddr3_infrastructure/mmcm_clk
    PLLE2_ADV_X1Y2       PLLE2_ADV (Prop_plle2_adv_CLKIN1_CLKOUT3)
                                                      0.077    -0.584 r  system_top_i/mig_7series_0/u_system_top_mig_7series_0_1_mig/u_ddr3_infrastructure/plle2_i/CLKOUT3
                         net (fo=1, routed)           1.165     0.581    system_top_i/mig_7series_0/u_system_top_mig_7series_0_1_mig/u_ddr3_infrastructure/pll_clk3_out
    BUFHCE_X1Y24         BUFH (Prop_bufh_I_O)         0.106     0.687 r  system_top_i/mig_7series_0/u_system_top_mig_7series_0_1_mig/u_ddr3_infrastructure/u_bufh_pll_clk3/O
                         net (fo=1, routed)           0.813     1.500    system_top_i/mig_7series_0/u_system_top_mig_7series_0_1_mig/u_ddr3_infrastructure/pll_clk3
    MMCME2_ADV_X1Y2      MMCME2_ADV (Prop_mmcme2_adv_CLKIN1_CLKFBOUT)
                                                     -3.104    -1.604 r  system_top_i/mig_7series_0/u_system_top_mig_7series_0_1_mig/u_ddr3_infrastructure/gen_mmcm.mmcm_i/CLKFBOUT
                         net (fo=1, routed)           1.524    -0.080    system_top_i/mig_7series_0/u_system_top_mig_7series_0_1_mig/u_ddr3_infrastructure/clk_pll_i
    BUFGCTRL_X0Y0        BUFG (Prop_bufg_I_O)         0.081     0.001 r  system_top_i/mig_7series_0/u_system_top_mig_7series_0_1_mig/u_ddr3_infrastructure/u_bufg_clkdiv0/O
                         net (fo=9583, routed)        1.397     1.398    system_top_i/axi_interconnect_0/m00_couplers/auto_cc/inst/gen_clock_conv.gen_async_conv.asyncfifo_axi/inst_fifo_gen/gaxi_full_lite.gread_ch.grdch2.axi_rdch/grf.rf/gntv_or_sync_fifo.gcx.clkx/wr_pntr_cdc_inst/src_clk
    SLICE_X134Y175       FDRE                                         r  system_top_i/axi_interconnect_0/m00_couplers/auto_cc/inst/gen_clock_conv.gen_async_conv.asyncfifo_axi/inst_fifo_gen/gaxi_full_lite.gread_ch.grdch2.axi_rdch/grf.rf/gntv_or_sync_fifo.gcx.clkx/wr_pntr_cdc_inst/src_gray_ff_reg[1]/C
  -------------------------------------------------------------------    -------------------
    SLICE_X134Y175       FDRE (Prop_fdre_C_Q)         0.348     1.746 r  system_top_i/axi_interconnect_0/m00_couplers/auto_cc/inst/gen_clock_conv.gen_async_conv.asyncfifo_axi/inst_fifo_gen/gaxi_full_lite.gread_ch.grdch2.axi_rdch/grf.rf/gntv_or_sync_fifo.gcx.clkx/wr_pntr_cdc_inst/src_gray_ff_reg[1]/Q
                         net (fo=1, routed)           0.355     2.101    system_top_i/axi_interconnect_0/m00_couplers/auto_cc/inst/gen_clock_conv.gen_async_conv.asyncfifo_axi/inst_fifo_gen/gaxi_full_lite.gread_ch.grdch2.axi_rdch/grf.rf/gntv_or_sync_fifo.gcx.clkx/wr_pntr_cdc_inst/async_path[1]
    SLICE_X133Y175       FDRE                                         r  system_top_i/axi_interconnect_0/m00_couplers/auto_cc/inst/gen_clock_conv.gen_async_conv.asyncfifo_axi/inst_fifo_gen/gaxi_full_lite.gread_ch.grdch2.axi_rdch/grf.rf/gntv_or_sync_fifo.gcx.clkx/wr_pntr_cdc_inst/dest_graysync_ff_reg[0][1]/D
  -------------------------------------------------------------------    -------------------

                         (clock clk_out2_system_top_clk_wiz_0_0 rise edge)
                                                      0.000     0.000 r  
    W19                                               0.000     0.000 r  CLK100MHZ (IN)
                         net (fo=0)                   0.000     0.000    system_top_i/clk_wiz_0/inst/clk_in1
    W19                  IBUF (Prop_ibuf_I_O)         1.374     1.374 r  system_top_i/clk_wiz_0/inst/clkin1_ibufg/O
                         net (fo=1, routed)           1.004     2.378    system_top_i/clk_wiz_0/inst/clk_in1_system_top_clk_wiz_0_0
    MMCME2_ADV_X0Y2      MMCME2_ADV (Prop_mmcme2_adv_CLKIN1_CLKOUT1)
                                                     -6.451    -4.074 r  system_top_i/clk_wiz_0/inst/mmcm_adv_inst/CLKOUT1
                         net (fo=1, routed)           1.488    -2.586    system_top_i/clk_wiz_0/inst/clk_out2_system_top_clk_wiz_0_0
    BUFGCTRL_X0Y2        BUFG (Prop_bufg_I_O)         0.077    -2.509 r  system_top_i/clk_wiz_0/inst/clkout2_buf/O
                         net (fo=11971, routed)       1.291    -1.218    system_top_i/axi_interconnect_0/m00_couplers/auto_cc/inst/gen_clock_conv.gen_async_conv.asyncfifo_axi/inst_fifo_gen/gaxi_full_lite.gread_ch.grdch2.axi_rdch/grf.rf/gntv_or_sync_fifo.gcx.clkx/wr_pntr_cdc_inst/dest_clk
    SLICE_X133Y175       FDRE                                         r  system_top_i/axi_interconnect_0/m00_couplers/auto_cc/inst/gen_clock_conv.gen_async_conv.asyncfifo_axi/inst_fifo_gen/gaxi_full_lite.gread_ch.grdch2.axi_rdch/grf.rf/gntv_or_sync_fifo.gcx.clkx/wr_pntr_cdc_inst/dest_graysync_ff_reg[0][1]/C
                         clock pessimism              0.254    -0.963    
    SLICE_X133Y175       FDRE (Setup_fdre_C_D)       -0.210    -1.173    system_top_i/axi_interconnect_0/m00_couplers/auto_cc/inst/gen_clock_conv.gen_async_conv.asyncfifo_axi/inst_fifo_gen/gaxi_full_lite.gread_ch.grdch2.axi_rdch/grf.rf/gntv_or_sync_fifo.gcx.clkx/wr_pntr_cdc_inst/dest_graysync_ff_reg[0][1]
  -------------------------------------------------------------------
                         data arrival                           2.101    
                         clock arrival                         -1.173    
  -------------------------------------------------------------------
                         relative delay                         3.274    

Reference path:
    Location             Delay type                Incr(ns)  Path(ns)    Netlist Resource(s)
  -------------------------------------------------------------------    -------------------
                         (clock clk_pll_i rise edge)
                                                      0.000     0.000 r  
    W19                                               0.000     0.000 r  CLK100MHZ (IN)
                         net (fo=0)                   0.000     0.000    system_top_i/clk_wiz_0/inst/clk_in1
    W19                  IBUF (Prop_ibuf_I_O)         1.374     1.374 r  system_top_i/clk_wiz_0/inst/clkin1_ibufg/O
                         net (fo=1, routed)           1.004     2.378    system_top_i/clk_wiz_0/inst/clk_in1_system_top_clk_wiz_0_0
    MMCME2_ADV_X0Y2      MMCME2_ADV (Prop_mmcme2_adv_CLKIN1_CLKOUT0)
                                                     -6.451    -4.074 r  system_top_i/clk_wiz_0/inst/mmcm_adv_inst/CLKOUT0
                         net (fo=1, routed)           1.488    -2.586    system_top_i/clk_wiz_0/inst/clk_out1_system_top_clk_wiz_0_0
    BUFGCTRL_X0Y1        BUFG (Prop_bufg_I_O)         0.077    -2.509 r  system_top_i/clk_wiz_0/inst/clkout1_buf/O
                         net (fo=63, routed)          1.417    -1.092    system_top_i/mig_7series_0/u_system_top_mig_7series_0_1_mig/u_ddr3_infrastructure/mmcm_clk
    PLLE2_ADV_X1Y2       PLLE2_ADV (Prop_plle2_adv_CLKIN1_CLKOUT3)
                                                      0.073    -1.019 r  system_top_i/mig_7series_0/u_system_top_mig_7series_0_1_mig/u_ddr3_infrastructure/plle2_i/CLKOUT3
                         net (fo=1, routed)           1.029     0.010    system_top_i/mig_7series_0/u_system_top_mig_7series_0_1_mig/u_ddr3_infrastructure/pll_clk3_out
    BUFHCE_X1Y24         BUFH (Prop_bufh_I_O)         0.069     0.079 r  system_top_i/mig_7series_0/u_system_top_mig_7series_0_1_mig/u_ddr3_infrastructure/u_bufh_pll_clk3/O
                         net (fo=1, routed)           0.777     0.856    system_top_i/mig_7series_0/u_system_top_mig_7series_0_1_mig/u_ddr3_infrastructure/pll_clk3
    MMCME2_ADV_X1Y2      MMCME2_ADV (Prop_mmcme2_adv_CLKIN1_CLKFBOUT)
                                                     -2.927    -2.072 r  system_top_i/mig_7series_0/u_system_top_mig_7series_0_1_mig/u_ddr3_infrastructure/gen_mmcm.mmcm_i/CLKFBOUT
                         net (fo=1, routed)           1.452    -0.619    system_top_i/mig_7series_0/u_system_top_mig_7series_0_1_mig/u_ddr3_infrastructure/clk_pll_i
    BUFGCTRL_X0Y0        BUFG (Prop_bufg_I_O)         0.077    -0.542 r  system_top_i/mig_7series_0/u_system_top_mig_7series_0_1_mig/u_ddr3_infrastructure/u_bufg_clkdiv0/O
                         net (fo=9583, routed)        1.291     0.749    system_top_i/axi_interconnect_0/m00_couplers/auto_cc/inst/gen_clock_conv.gen_async_conv.asyncfifo_axi/inst_fifo_gen/gaxi_full_lite.gread_ch.grdch2.axi_rdch/grf.rf/gntv_or_sync_fifo.gcx.clkx/wr_pntr_cdc_inst/src_clk
    SLICE_X131Y175       FDRE                                         r  system_top_i/axi_interconnect_0/m00_couplers/auto_cc/inst/gen_clock_conv.gen_async_conv.asyncfifo_axi/inst_fifo_gen/gaxi_full_lite.gread_ch.grdch2.axi_rdch/grf.rf/gntv_or_sync_fifo.gcx.clkx/wr_pntr_cdc_inst/src_gray_ff_reg[3]/C
  -------------------------------------------------------------------    -------------------
    SLICE_X131Y175       FDRE (Prop_fdre_C_Q)         0.304     1.053 r  system_top_i/axi_interconnect_0/m00_couplers/auto_cc/inst/gen_clock_conv.gen_async_conv.asyncfifo_axi/inst_fifo_gen/gaxi_full_lite.gread_ch.grdch2.axi_rdch/grf.rf/gntv_or_sync_fifo.gcx.clkx/wr_pntr_cdc_inst/src_gray_ff_reg[3]/Q
                         net (fo=1, routed)           0.334     1.387    system_top_i/axi_interconnect_0/m00_couplers/auto_cc/inst/gen_clock_conv.gen_async_conv.asyncfifo_axi/inst_fifo_gen/gaxi_full_lite.gread_ch.grdch2.axi_rdch/grf.rf/gntv_or_sync_fifo.gcx.clkx/wr_pntr_cdc_inst/async_path[3]
    SLICE_X129Y175       FDRE                                         r  system_top_i/axi_interconnect_0/m00_couplers/auto_cc/inst/gen_clock_conv.gen_async_conv.asyncfifo_axi/inst_fifo_gen/gaxi_full_lite.gread_ch.grdch2.axi_rdch/grf.rf/gntv_or_sync_fifo.gcx.clkx/wr_pntr_cdc_inst/dest_graysync_ff_reg[0][3]/D
  -------------------------------------------------------------------    -------------------

                         (clock clk_out2_system_top_clk_wiz_0_0 rise edge)
                                                      0.000     0.000 r  
    W19                                               0.000     0.000 r  CLK100MHZ (IN)
                         net (fo=0)                   0.000     0.000    system_top_i/clk_wiz_0/inst/clk_in1
    W19                  IBUF (Prop_ibuf_I_O)         1.440     1.440 r  system_top_i/clk_wiz_0/inst/clkin1_ibufg/O
                         net (fo=1, routed)           1.065     2.505    system_top_i/clk_wiz_0/inst/clk_in1_system_top_clk_wiz_0_0
    MMCME2_ADV_X0Y2      MMCME2_ADV (Prop_mmcme2_adv_CLKIN1_CLKOUT1)
                                                     -6.325    -3.819 r  system_top_i/clk_wiz_0/inst/mmcm_adv_inst/CLKOUT1
                         net (fo=1, routed)           1.559    -2.260    system_top_i/clk_wiz_0/inst/clk_out2_system_top_clk_wiz_0_0
    BUFGCTRL_X0Y2        BUFG (Prop_bufg_I_O)         0.081    -2.179 r  system_top_i/clk_wiz_0/inst/clkout2_buf/O
                         net (fo=11971, routed)       1.396    -0.783    system_top_i/axi_interconnect_0/m00_couplers/auto_cc/inst/gen_clock_conv.gen_async_conv.asyncfifo_axi/inst_fifo_gen/gaxi_full_lite.gread_ch.grdch2.axi_rdch/grf.rf/gntv_or_sync_fifo.gcx.clkx/wr_pntr_cdc_inst/dest_clk
    SLICE_X129Y175       FDRE                                         r  system_top_i/axi_interconnect_0/m00_couplers/auto_cc/inst/gen_clock_conv.gen_async_conv.asyncfifo_axi/inst_fifo_gen/gaxi_full_lite.gread_ch.grdch2.axi_rdch/grf.rf/gntv_or_sync_fifo.gcx.clkx/wr_pntr_cdc_inst/dest_graysync_ff_reg[0][3]/C
                         clock pessimism             -0.254    -1.038    
    SLICE_X129Y175       FDRE (Hold_fdre_C_D)         0.136    -0.902    system_top_i/axi_interconnect_0/m00_couplers/auto_cc/inst/gen_clock_conv.gen_async_conv.asyncfifo_axi/inst_fifo_gen/gaxi_full_lite.gread_ch.grdch2.axi_rdch/grf.rf/gntv_or_sync_fifo.gcx.clkx/wr_pntr_cdc_inst/dest_graysync_ff_reg[0][3]
  -------------------------------------------------------------------
                         data arrival                           1.387    
                         clock arrival                         -0.902    
  -------------------------------------------------------------------
                         relative delay                         2.289    



