
*** Running vivado
    with args -log system_top_wrapper.vds -m64 -product Vivado -mode batch -messageDb vivado.pb -notrace -source system_top_wrapper.tcl



****** Vivado v2020.2 (64-bit)
  **** SW Build 3064766 on Wed Nov 18 09:12:45 MST 2020
  **** IP Build 3064653 on Wed Nov 18 14:17:31 MST 2020
    ** Copyright 1986-2020 Xilinx, Inc. All Rights Reserved.

source system_top_wrapper.tcl -notrace
INFO: [IP_Flow 19-234] Refreshing IP repositories
INFO: [IP_Flow 19-1700] Loaded user IP repository 'e:/Desktop/my_git/e203_zs/prj/ip_repo/axi_lite_for_snake_1.0'.
INFO: [IP_Flow 19-1700] Loaded user IP repository 'e:/Desktop/my_git/e203_zs/prj/ip_repo/axi_lite_1.0'.
INFO: [IP_Flow 19-1700] Loaded user IP repository 'e:/Desktop/my_git/e203_zs/user_ip'.
INFO: [IP_Flow 19-2313] Loaded Vivado IP repository 'E:/Xilinx/Vivado/2020.2/data/ip'.
Command: synth_design -top system_top_wrapper -part xc7a200tfbg484-2
Starting synth_design
Attempting to get a license for feature 'Synthesis' and/or device 'xc7a200t'
INFO: [Common 17-349] Got license for feature 'Synthesis' and/or device 'xc7a200t'
INFO: [Device 21-403] Loading part xc7a200tfbg484-2
INFO: [Synth 8-7079] Multithreading enabled for synth_design using a maximum of 2 processes.
INFO: [Synth 8-7078] Launching helper process for spawning children vivado processes
INFO: [Synth 8-7075] Helper process launched with PID 30392
---------------------------------------------------------------------------------
Starting RTL Elaboration : Time (s): cpu = 00:00:04 ; elapsed = 00:00:03 . Memory (MB): peak = 1246.871 ; gain = 108.266
---------------------------------------------------------------------------------
INFO: [Synth 8-6157] synthesizing module 'system_top_wrapper' [E:/Desktop/my_git/e203_zs/prj/sys_top_bd/sys_top_bd.gen/sources_1/bd/system_top/hdl/system_top_wrapper.v:12]
INFO: [Synth 8-6157] synthesizing module 'system_top' [e:/Desktop/my_git/e203_zs/prj/sys_top_bd/sys_top_bd.gen/sources_1/bd/system_top/synth/system_top.v:1291]
INFO: [Synth 8-6157] synthesizing module 'system_top_axi_gpio_0_0' [E:/Desktop/my_git/e203_zs/prj/sys_top_bd/sys_top_bd.runs/synth_1/.Xil/Vivado-33012-Lab/realtime/system_top_axi_gpio_0_0_stub.v:6]
INFO: [Synth 8-6155] done synthesizing module 'system_top_axi_gpio_0_0' (1#1) [E:/Desktop/my_git/e203_zs/prj/sys_top_bd/sys_top_bd.runs/synth_1/.Xil/Vivado-33012-Lab/realtime/system_top_axi_gpio_0_0_stub.v:6]
INFO: [Synth 8-6157] synthesizing module 'system_top_axi_interconnect_0_0' [e:/Desktop/my_git/e203_zs/prj/sys_top_bd/sys_top_bd.gen/sources_1/bd/system_top/synth/system_top.v:1843]
INFO: [Synth 8-6157] synthesizing module 'm00_couplers_imp_13VSFJX' [e:/Desktop/my_git/e203_zs/prj/sys_top_bd/sys_top_bd.gen/sources_1/bd/system_top/synth/system_top.v:12]
INFO: [Synth 8-6157] synthesizing module 'system_top_auto_cc_0' [E:/Desktop/my_git/e203_zs/prj/sys_top_bd/sys_top_bd.runs/synth_1/.Xil/Vivado-33012-Lab/realtime/system_top_auto_cc_0_stub.v:6]
INFO: [Synth 8-6155] done synthesizing module 'system_top_auto_cc_0' (2#1) [E:/Desktop/my_git/e203_zs/prj/sys_top_bd/sys_top_bd.runs/synth_1/.Xil/Vivado-33012-Lab/realtime/system_top_auto_cc_0_stub.v:6]
WARNING: [Synth 8-7071] port 'm_axi_awregion' of module 'system_top_auto_cc_0' is unconnected for instance 'auto_cc' [e:/Desktop/my_git/e203_zs/prj/sys_top_bd/sys_top_bd.gen/sources_1/bd/system_top/synth/system_top.v:303]
WARNING: [Synth 8-7071] port 'm_axi_arregion' of module 'system_top_auto_cc_0' is unconnected for instance 'auto_cc' [e:/Desktop/my_git/e203_zs/prj/sys_top_bd/sys_top_bd.gen/sources_1/bd/system_top/synth/system_top.v:303]
WARNING: [Synth 8-7023] instance 'auto_cc' of module 'system_top_auto_cc_0' has 74 connections declared, but only 72 given [e:/Desktop/my_git/e203_zs/prj/sys_top_bd/sys_top_bd.gen/sources_1/bd/system_top/synth/system_top.v:303]
INFO: [Synth 8-6155] done synthesizing module 'm00_couplers_imp_13VSFJX' (3#1) [e:/Desktop/my_git/e203_zs/prj/sys_top_bd/sys_top_bd.gen/sources_1/bd/system_top/synth/system_top.v:12]
INFO: [Synth 8-6157] synthesizing module 'm01_couplers_imp_1T5VXFF' [e:/Desktop/my_git/e203_zs/prj/sys_top_bd/sys_top_bd.gen/sources_1/bd/system_top/synth/system_top.v:378]
INFO: [Synth 8-6157] synthesizing module 'system_top_auto_pc_0' [E:/Desktop/my_git/e203_zs/prj/sys_top_bd/sys_top_bd.runs/synth_1/.Xil/Vivado-33012-Lab/realtime/system_top_auto_pc_0_stub.v:6]
INFO: [Synth 8-6155] done synthesizing module 'system_top_auto_pc_0' (4#1) [E:/Desktop/my_git/e203_zs/prj/sys_top_bd/sys_top_bd.runs/synth_1/.Xil/Vivado-33012-Lab/realtime/system_top_auto_pc_0_stub.v:6]
WARNING: [Synth 8-7071] port 'm_axi_awprot' of module 'system_top_auto_pc_0' is unconnected for instance 'auto_pc' [e:/Desktop/my_git/e203_zs/prj/sys_top_bd/sys_top_bd.gen/sources_1/bd/system_top/synth/system_top.v:601]
WARNING: [Synth 8-7071] port 'm_axi_arprot' of module 'system_top_auto_pc_0' is unconnected for instance 'auto_pc' [e:/Desktop/my_git/e203_zs/prj/sys_top_bd/sys_top_bd.gen/sources_1/bd/system_top/synth/system_top.v:601]
WARNING: [Synth 8-7023] instance 'auto_pc' of module 'system_top_auto_pc_0' has 56 connections declared, but only 54 given [e:/Desktop/my_git/e203_zs/prj/sys_top_bd/sys_top_bd.gen/sources_1/bd/system_top/synth/system_top.v:601]
INFO: [Synth 8-6155] done synthesizing module 'm01_couplers_imp_1T5VXFF' (5#1) [e:/Desktop/my_git/e203_zs/prj/sys_top_bd/sys_top_bd.gen/sources_1/bd/system_top/synth/system_top.v:378]
INFO: [Synth 8-6157] synthesizing module 'm02_couplers_imp_J9QNG1' [e:/Desktop/my_git/e203_zs/prj/sys_top_bd/sys_top_bd.gen/sources_1/bd/system_top/synth/system_top.v:658]
INFO: [Synth 8-6157] synthesizing module 'system_top_auto_pc_1' [E:/Desktop/my_git/e203_zs/prj/sys_top_bd/sys_top_bd.runs/synth_1/.Xil/Vivado-33012-Lab/realtime/system_top_auto_pc_1_stub.v:6]
INFO: [Synth 8-6155] done synthesizing module 'system_top_auto_pc_1' (6#1) [E:/Desktop/my_git/e203_zs/prj/sys_top_bd/sys_top_bd.runs/synth_1/.Xil/Vivado-33012-Lab/realtime/system_top_auto_pc_1_stub.v:6]
INFO: [Synth 8-6155] done synthesizing module 'm02_couplers_imp_J9QNG1' (7#1) [e:/Desktop/my_git/e203_zs/prj/sys_top_bd/sys_top_bd.gen/sources_1/bd/system_top/synth/system_top.v:658]
INFO: [Synth 8-6157] synthesizing module 's00_couplers_imp_1U10WOS' [e:/Desktop/my_git/e203_zs/prj/sys_top_bd/sys_top_bd.gen/sources_1/bd/system_top/synth/system_top.v:948]
INFO: [Synth 8-6157] synthesizing module 'system_top_auto_pc_2' [E:/Desktop/my_git/e203_zs/prj/sys_top_bd/sys_top_bd.runs/synth_1/.Xil/Vivado-33012-Lab/realtime/system_top_auto_pc_2_stub.v:6]
INFO: [Synth 8-6155] done synthesizing module 'system_top_auto_pc_2' (8#1) [E:/Desktop/my_git/e203_zs/prj/sys_top_bd/sys_top_bd.runs/synth_1/.Xil/Vivado-33012-Lab/realtime/system_top_auto_pc_2_stub.v:6]
WARNING: [Synth 8-7071] port 'm_axi_awregion' of module 'system_top_auto_pc_2' is unconnected for instance 'auto_pc' [e:/Desktop/my_git/e203_zs/prj/sys_top_bd/sys_top_bd.gen/sources_1/bd/system_top/synth/system_top.v:1219]
WARNING: [Synth 8-7071] port 'm_axi_arregion' of module 'system_top_auto_pc_2' is unconnected for instance 'auto_pc' [e:/Desktop/my_git/e203_zs/prj/sys_top_bd/sys_top_bd.gen/sources_1/bd/system_top/synth/system_top.v:1219]
WARNING: [Synth 8-7023] instance 'auto_pc' of module 'system_top_auto_pc_2' has 70 connections declared, but only 68 given [e:/Desktop/my_git/e203_zs/prj/sys_top_bd/sys_top_bd.gen/sources_1/bd/system_top/synth/system_top.v:1219]
INFO: [Synth 8-6155] done synthesizing module 's00_couplers_imp_1U10WOS' (9#1) [e:/Desktop/my_git/e203_zs/prj/sys_top_bd/sys_top_bd.gen/sources_1/bd/system_top/synth/system_top.v:948]
INFO: [Synth 8-6157] synthesizing module 'system_top_xbar_0' [E:/Desktop/my_git/e203_zs/prj/sys_top_bd/sys_top_bd.runs/synth_1/.Xil/Vivado-33012-Lab/realtime/system_top_xbar_0_stub.v:6]
INFO: [Synth 8-6155] done synthesizing module 'system_top_xbar_0' (10#1) [E:/Desktop/my_git/e203_zs/prj/sys_top_bd/sys_top_bd.runs/synth_1/.Xil/Vivado-33012-Lab/realtime/system_top_xbar_0_stub.v:6]
INFO: [Synth 8-6155] done synthesizing module 'system_top_axi_interconnect_0_0' (11#1) [e:/Desktop/my_git/e203_zs/prj/sys_top_bd/sys_top_bd.gen/sources_1/bd/system_top/synth/system_top.v:1843]
INFO: [Synth 8-6157] synthesizing module 'system_top_axi_lite_for_snake_0_0' [E:/Desktop/my_git/e203_zs/prj/sys_top_bd/sys_top_bd.runs/synth_1/.Xil/Vivado-33012-Lab/realtime/system_top_axi_lite_for_snake_0_0_stub.v:6]
INFO: [Synth 8-6155] done synthesizing module 'system_top_axi_lite_for_snake_0_0' (12#1) [E:/Desktop/my_git/e203_zs/prj/sys_top_bd/sys_top_bd.runs/synth_1/.Xil/Vivado-33012-Lab/realtime/system_top_axi_lite_for_snake_0_0_stub.v:6]
WARNING: [Synth 8-7071] port 'snake_x' of module 'system_top_axi_lite_for_snake_0_0' is unconnected for instance 'axi_lite_for_snake_0' [e:/Desktop/my_git/e203_zs/prj/sys_top_bd/sys_top_bd.gen/sources_1/bd/system_top/synth/system_top.v:1666]
WARNING: [Synth 8-7071] port 'snake_y' of module 'system_top_axi_lite_for_snake_0_0' is unconnected for instance 'axi_lite_for_snake_0' [e:/Desktop/my_git/e203_zs/prj/sys_top_bd/sys_top_bd.gen/sources_1/bd/system_top/synth/system_top.v:1666]
WARNING: [Synth 8-7071] port 'food_x' of module 'system_top_axi_lite_for_snake_0_0' is unconnected for instance 'axi_lite_for_snake_0' [e:/Desktop/my_git/e203_zs/prj/sys_top_bd/sys_top_bd.gen/sources_1/bd/system_top/synth/system_top.v:1666]
WARNING: [Synth 8-7071] port 'food_y' of module 'system_top_axi_lite_for_snake_0_0' is unconnected for instance 'axi_lite_for_snake_0' [e:/Desktop/my_git/e203_zs/prj/sys_top_bd/sys_top_bd.gen/sources_1/bd/system_top/synth/system_top.v:1666]
WARNING: [Synth 8-7023] instance 'axi_lite_for_snake_0' of module 'system_top_axi_lite_for_snake_0_0' has 26 connections declared, but only 22 given [e:/Desktop/my_git/e203_zs/prj/sys_top_bd/sys_top_bd.gen/sources_1/bd/system_top/synth/system_top.v:1666]
INFO: [Synth 8-6157] synthesizing module 'system_top_clk_wiz_0_0' [E:/Desktop/my_git/e203_zs/prj/sys_top_bd/sys_top_bd.runs/synth_1/.Xil/Vivado-33012-Lab/realtime/system_top_clk_wiz_0_0_stub.v:5]
INFO: [Synth 8-6155] done synthesizing module 'system_top_clk_wiz_0_0' (13#1) [E:/Desktop/my_git/e203_zs/prj/sys_top_bd/sys_top_bd.runs/synth_1/.Xil/Vivado-33012-Lab/realtime/system_top_clk_wiz_0_0_stub.v:5]
INFO: [Synth 8-6157] synthesizing module 'system_top_lcd_rgb_snake_0_0' [E:/Desktop/my_git/e203_zs/prj/sys_top_bd/sys_top_bd.runs/synth_1/.Xil/Vivado-33012-Lab/realtime/system_top_lcd_rgb_snake_0_0_stub.v:6]
INFO: [Synth 8-6155] done synthesizing module 'system_top_lcd_rgb_snake_0_0' (14#1) [E:/Desktop/my_git/e203_zs/prj/sys_top_bd/sys_top_bd.runs/synth_1/.Xil/Vivado-33012-Lab/realtime/system_top_lcd_rgb_snake_0_0_stub.v:6]
INFO: [Synth 8-6157] synthesizing module 'system_top_mig_7series_0_1' [E:/Desktop/my_git/e203_zs/prj/sys_top_bd/sys_top_bd.runs/synth_1/.Xil/Vivado-33012-Lab/realtime/system_top_mig_7series_0_1_stub.v:5]
INFO: [Synth 8-6155] done synthesizing module 'system_top_mig_7series_0_1' (15#1) [E:/Desktop/my_git/e203_zs/prj/sys_top_bd/sys_top_bd.runs/synth_1/.Xil/Vivado-33012-Lab/realtime/system_top_mig_7series_0_1_stub.v:5]
WARNING: [Synth 8-7071] port 'app_sr_active' of module 'system_top_mig_7series_0_1' is unconnected for instance 'mig_7series_0' [e:/Desktop/my_git/e203_zs/prj/sys_top_bd/sys_top_bd.gen/sources_1/bd/system_top/synth/system_top.v:1704]
WARNING: [Synth 8-7071] port 'app_ref_ack' of module 'system_top_mig_7series_0_1' is unconnected for instance 'mig_7series_0' [e:/Desktop/my_git/e203_zs/prj/sys_top_bd/sys_top_bd.gen/sources_1/bd/system_top/synth/system_top.v:1704]
WARNING: [Synth 8-7071] port 'app_zq_ack' of module 'system_top_mig_7series_0_1' is unconnected for instance 'mig_7series_0' [e:/Desktop/my_git/e203_zs/prj/sys_top_bd/sys_top_bd.gen/sources_1/bd/system_top/synth/system_top.v:1704]
WARNING: [Synth 8-7071] port 's_axi_bid' of module 'system_top_mig_7series_0_1' is unconnected for instance 'mig_7series_0' [e:/Desktop/my_git/e203_zs/prj/sys_top_bd/sys_top_bd.gen/sources_1/bd/system_top/synth/system_top.v:1704]
WARNING: [Synth 8-7071] port 's_axi_rid' of module 'system_top_mig_7series_0_1' is unconnected for instance 'mig_7series_0' [e:/Desktop/my_git/e203_zs/prj/sys_top_bd/sys_top_bd.gen/sources_1/bd/system_top/synth/system_top.v:1704]
WARNING: [Synth 8-7071] port 'init_calib_complete' of module 'system_top_mig_7series_0_1' is unconnected for instance 'mig_7series_0' [e:/Desktop/my_git/e203_zs/prj/sys_top_bd/sys_top_bd.gen/sources_1/bd/system_top/synth/system_top.v:1704]
WARNING: [Synth 8-7071] port 'device_temp' of module 'system_top_mig_7series_0_1' is unconnected for instance 'mig_7series_0' [e:/Desktop/my_git/e203_zs/prj/sys_top_bd/sys_top_bd.gen/sources_1/bd/system_top/synth/system_top.v:1704]
WARNING: [Synth 8-7023] instance 'mig_7series_0' of module 'system_top_mig_7series_0_1' has 64 connections declared, but only 57 given [e:/Desktop/my_git/e203_zs/prj/sys_top_bd/sys_top_bd.gen/sources_1/bd/system_top/synth/system_top.v:1704]
INFO: [Synth 8-6157] synthesizing module 'system_top_proc_sys_reset_0_0' [E:/Desktop/my_git/e203_zs/prj/sys_top_bd/sys_top_bd.runs/synth_1/.Xil/Vivado-33012-Lab/realtime/system_top_proc_sys_reset_0_0_stub.v:6]
INFO: [Synth 8-6155] done synthesizing module 'system_top_proc_sys_reset_0_0' (16#1) [E:/Desktop/my_git/e203_zs/prj/sys_top_bd/sys_top_bd.runs/synth_1/.Xil/Vivado-33012-Lab/realtime/system_top_proc_sys_reset_0_0_stub.v:6]
WARNING: [Synth 8-7071] port 'bus_struct_reset' of module 'system_top_proc_sys_reset_0_0' is unconnected for instance 'proc_sys_reset_0' [e:/Desktop/my_git/e203_zs/prj/sys_top_bd/sys_top_bd.gen/sources_1/bd/system_top/synth/system_top.v:1762]
WARNING: [Synth 8-7071] port 'peripheral_reset' of module 'system_top_proc_sys_reset_0_0' is unconnected for instance 'proc_sys_reset_0' [e:/Desktop/my_git/e203_zs/prj/sys_top_bd/sys_top_bd.gen/sources_1/bd/system_top/synth/system_top.v:1762]
WARNING: [Synth 8-7023] instance 'proc_sys_reset_0' of module 'system_top_proc_sys_reset_0_0' has 10 connections declared, but only 8 given [e:/Desktop/my_git/e203_zs/prj/sys_top_bd/sys_top_bd.gen/sources_1/bd/system_top/synth/system_top.v:1762]
INFO: [Synth 8-6157] synthesizing module 'system_top_proc_sys_reset_1_0' [E:/Desktop/my_git/e203_zs/prj/sys_top_bd/sys_top_bd.runs/synth_1/.Xil/Vivado-33012-Lab/realtime/system_top_proc_sys_reset_1_0_stub.v:6]
INFO: [Synth 8-6155] done synthesizing module 'system_top_proc_sys_reset_1_0' (17#1) [E:/Desktop/my_git/e203_zs/prj/sys_top_bd/sys_top_bd.runs/synth_1/.Xil/Vivado-33012-Lab/realtime/system_top_proc_sys_reset_1_0_stub.v:6]
WARNING: [Synth 8-7071] port 'mb_reset' of module 'system_top_proc_sys_reset_1_0' is unconnected for instance 'proc_sys_reset_1' [e:/Desktop/my_git/e203_zs/prj/sys_top_bd/sys_top_bd.gen/sources_1/bd/system_top/synth/system_top.v:1771]
WARNING: [Synth 8-7071] port 'bus_struct_reset' of module 'system_top_proc_sys_reset_1_0' is unconnected for instance 'proc_sys_reset_1' [e:/Desktop/my_git/e203_zs/prj/sys_top_bd/sys_top_bd.gen/sources_1/bd/system_top/synth/system_top.v:1771]
WARNING: [Synth 8-7071] port 'peripheral_reset' of module 'system_top_proc_sys_reset_1_0' is unconnected for instance 'proc_sys_reset_1' [e:/Desktop/my_git/e203_zs/prj/sys_top_bd/sys_top_bd.gen/sources_1/bd/system_top/synth/system_top.v:1771]
WARNING: [Synth 8-7071] port 'interconnect_aresetn' of module 'system_top_proc_sys_reset_1_0' is unconnected for instance 'proc_sys_reset_1' [e:/Desktop/my_git/e203_zs/prj/sys_top_bd/sys_top_bd.gen/sources_1/bd/system_top/synth/system_top.v:1771]
WARNING: [Synth 8-7023] instance 'proc_sys_reset_1' of module 'system_top_proc_sys_reset_1_0' has 10 connections declared, but only 6 given [e:/Desktop/my_git/e203_zs/prj/sys_top_bd/sys_top_bd.gen/sources_1/bd/system_top/synth/system_top.v:1771]
WARNING: [Synth 8-4446] all outputs are unconnected for this instance and logic may be removed [e:/Desktop/my_git/e203_zs/prj/sys_top_bd/sys_top_bd.gen/sources_1/bd/system_top/synth/system_top.v:1778]
INFO: [Synth 8-6157] synthesizing module 'system_top_rst_clk_wiz_0_200M_0' [E:/Desktop/my_git/e203_zs/prj/sys_top_bd/sys_top_bd.runs/synth_1/.Xil/Vivado-33012-Lab/realtime/system_top_rst_clk_wiz_0_200M_0_stub.v:6]
INFO: [Synth 8-6155] done synthesizing module 'system_top_rst_clk_wiz_0_200M_0' (18#1) [E:/Desktop/my_git/e203_zs/prj/sys_top_bd/sys_top_bd.runs/synth_1/.Xil/Vivado-33012-Lab/realtime/system_top_rst_clk_wiz_0_200M_0_stub.v:6]
WARNING: [Synth 8-7071] port 'mb_reset' of module 'system_top_rst_clk_wiz_0_200M_0' is unconnected for instance 'rst_clk_wiz_0_200M' [e:/Desktop/my_git/e203_zs/prj/sys_top_bd/sys_top_bd.gen/sources_1/bd/system_top/synth/system_top.v:1778]
WARNING: [Synth 8-7071] port 'bus_struct_reset' of module 'system_top_rst_clk_wiz_0_200M_0' is unconnected for instance 'rst_clk_wiz_0_200M' [e:/Desktop/my_git/e203_zs/prj/sys_top_bd/sys_top_bd.gen/sources_1/bd/system_top/synth/system_top.v:1778]
WARNING: [Synth 8-7071] port 'peripheral_reset' of module 'system_top_rst_clk_wiz_0_200M_0' is unconnected for instance 'rst_clk_wiz_0_200M' [e:/Desktop/my_git/e203_zs/prj/sys_top_bd/sys_top_bd.gen/sources_1/bd/system_top/synth/system_top.v:1778]
WARNING: [Synth 8-7071] port 'interconnect_aresetn' of module 'system_top_rst_clk_wiz_0_200M_0' is unconnected for instance 'rst_clk_wiz_0_200M' [e:/Desktop/my_git/e203_zs/prj/sys_top_bd/sys_top_bd.gen/sources_1/bd/system_top/synth/system_top.v:1778]
WARNING: [Synth 8-7071] port 'peripheral_aresetn' of module 'system_top_rst_clk_wiz_0_200M_0' is unconnected for instance 'rst_clk_wiz_0_200M' [e:/Desktop/my_git/e203_zs/prj/sys_top_bd/sys_top_bd.gen/sources_1/bd/system_top/synth/system_top.v:1778]
WARNING: [Synth 8-7023] instance 'rst_clk_wiz_0_200M' of module 'system_top_rst_clk_wiz_0_200M_0' has 10 connections declared, but only 5 given [e:/Desktop/my_git/e203_zs/prj/sys_top_bd/sys_top_bd.gen/sources_1/bd/system_top/synth/system_top.v:1778]
INFO: [Synth 8-6157] synthesizing module 'system_top_system_e203_0_0' [E:/Desktop/my_git/e203_zs/prj/sys_top_bd/sys_top_bd.runs/synth_1/.Xil/Vivado-33012-Lab/realtime/system_top_system_e203_0_0_stub.v:6]
INFO: [Synth 8-6155] done synthesizing module 'system_top_system_e203_0_0' (19#1) [E:/Desktop/my_git/e203_zs/prj/sys_top_bd/sys_top_bd.runs/synth_1/.Xil/Vivado-33012-Lab/realtime/system_top_system_e203_0_0_stub.v:6]
WARNING: [Synth 8-4446] all outputs are unconnected for this instance and logic may be removed [e:/Desktop/my_git/e203_zs/prj/sys_top_bd/sys_top_bd.gen/sources_1/bd/system_top/synth/system_top.v:1831]
INFO: [Synth 8-6157] synthesizing module 'system_top_system_ila_0_0' [E:/Desktop/my_git/e203_zs/prj/sys_top_bd/sys_top_bd.runs/synth_1/.Xil/Vivado-33012-Lab/realtime/system_top_system_ila_0_0_stub.v:6]
INFO: [Synth 8-6155] done synthesizing module 'system_top_system_ila_0_0' (20#1) [E:/Desktop/my_git/e203_zs/prj/sys_top_bd/sys_top_bd.runs/synth_1/.Xil/Vivado-33012-Lab/realtime/system_top_system_ila_0_0_stub.v:6]
INFO: [Synth 8-6157] synthesizing module 'system_top_util_vector_logic_0_0' [E:/Desktop/my_git/e203_zs/prj/sys_top_bd/sys_top_bd.runs/synth_1/.Xil/Vivado-33012-Lab/realtime/system_top_util_vector_logic_0_0_stub.v:6]
INFO: [Synth 8-6155] done synthesizing module 'system_top_util_vector_logic_0_0' (21#1) [E:/Desktop/my_git/e203_zs/prj/sys_top_bd/sys_top_bd.runs/synth_1/.Xil/Vivado-33012-Lab/realtime/system_top_util_vector_logic_0_0_stub.v:6]
INFO: [Synth 8-6157] synthesizing module 'system_top_util_vector_logic_1_0' [E:/Desktop/my_git/e203_zs/prj/sys_top_bd/sys_top_bd.runs/synth_1/.Xil/Vivado-33012-Lab/realtime/system_top_util_vector_logic_1_0_stub.v:6]
INFO: [Synth 8-6155] done synthesizing module 'system_top_util_vector_logic_1_0' (22#1) [E:/Desktop/my_git/e203_zs/prj/sys_top_bd/sys_top_bd.runs/synth_1/.Xil/Vivado-33012-Lab/realtime/system_top_util_vector_logic_1_0_stub.v:6]
INFO: [Synth 8-6071] Mark debug on the nets applies keep_hierarchy on instance 'axi_lite_for_snake_0'. This will prevent further optimization [e:/Desktop/my_git/e203_zs/prj/sys_top_bd/sys_top_bd.gen/sources_1/bd/system_top/synth/system_top.v:1666]
INFO: [Synth 8-6071] Mark debug on the nets applies keep_hierarchy on instance 'system_ila_0'. This will prevent further optimization [e:/Desktop/my_git/e203_zs/prj/sys_top_bd/sys_top_bd.gen/sources_1/bd/system_top/synth/system_top.v:1831]
INFO: [Synth 8-6071] Mark debug on the nets applies keep_hierarchy on instance 'lcd_rgb_snake_0'. This will prevent further optimization [e:/Desktop/my_git/e203_zs/prj/sys_top_bd/sys_top_bd.gen/sources_1/bd/system_top/synth/system_top.v:1696]
INFO: [Synth 8-6155] done synthesizing module 'system_top' (23#1) [e:/Desktop/my_git/e203_zs/prj/sys_top_bd/sys_top_bd.gen/sources_1/bd/system_top/synth/system_top.v:1291]
INFO: [Synth 8-6155] done synthesizing module 'system_top_wrapper' (24#1) [E:/Desktop/my_git/e203_zs/prj/sys_top_bd/sys_top_bd.gen/sources_1/bd/system_top/hdl/system_top_wrapper.v:12]
---------------------------------------------------------------------------------
Finished RTL Elaboration : Time (s): cpu = 00:00:05 ; elapsed = 00:00:04 . Memory (MB): peak = 1305.113 ; gain = 166.508
---------------------------------------------------------------------------------
---------------------------------------------------------------------------------
Start Handling Custom Attributes
---------------------------------------------------------------------------------
---------------------------------------------------------------------------------
Finished Handling Custom Attributes : Time (s): cpu = 00:00:05 ; elapsed = 00:00:05 . Memory (MB): peak = 1305.113 ; gain = 166.508
---------------------------------------------------------------------------------
---------------------------------------------------------------------------------
Finished RTL Optimization Phase 1 : Time (s): cpu = 00:00:05 ; elapsed = 00:00:05 . Memory (MB): peak = 1305.113 ; gain = 166.508
---------------------------------------------------------------------------------
Netlist sorting complete. Time (s): cpu = 00:00:00 ; elapsed = 00:00:00.035 . Memory (MB): peak = 1305.113 ; gain = 0.000
INFO: [Project 1-570] Preparing netlist for logic optimization

Processing XDC Constraints
Initializing timing engine
Parsing XDC File [e:/Desktop/my_git/e203_zs/prj/sys_top_bd/sys_top_bd.gen/sources_1/bd/system_top/ip/system_top_xbar_0/system_top_xbar_0/system_top_xbar_0_in_context.xdc] for cell 'system_top_i/axi_interconnect_0/xbar'
Finished Parsing XDC File [e:/Desktop/my_git/e203_zs/prj/sys_top_bd/sys_top_bd.gen/sources_1/bd/system_top/ip/system_top_xbar_0/system_top_xbar_0/system_top_xbar_0_in_context.xdc] for cell 'system_top_i/axi_interconnect_0/xbar'
Parsing XDC File [e:/Desktop/my_git/e203_zs/prj/sys_top_bd/sys_top_bd.gen/sources_1/bd/system_top/ip/system_top_auto_pc_2/system_top_auto_pc_2/system_top_auto_pc_1_in_context.xdc] for cell 'system_top_i/axi_interconnect_0/s00_couplers/auto_pc'
Finished Parsing XDC File [e:/Desktop/my_git/e203_zs/prj/sys_top_bd/sys_top_bd.gen/sources_1/bd/system_top/ip/system_top_auto_pc_2/system_top_auto_pc_2/system_top_auto_pc_1_in_context.xdc] for cell 'system_top_i/axi_interconnect_0/s00_couplers/auto_pc'
Parsing XDC File [e:/Desktop/my_git/e203_zs/prj/sys_top_bd/sys_top_bd.gen/sources_1/bd/system_top/ip/system_top_auto_cc_0_1/system_top_auto_cc_0/system_top_auto_cc_0_in_context.xdc] for cell 'system_top_i/axi_interconnect_0/m00_couplers/auto_cc'
Finished Parsing XDC File [e:/Desktop/my_git/e203_zs/prj/sys_top_bd/sys_top_bd.gen/sources_1/bd/system_top/ip/system_top_auto_cc_0_1/system_top_auto_cc_0/system_top_auto_cc_0_in_context.xdc] for cell 'system_top_i/axi_interconnect_0/m00_couplers/auto_cc'
Parsing XDC File [e:/Desktop/my_git/e203_zs/prj/sys_top_bd/sys_top_bd.gen/sources_1/bd/system_top/ip/system_top_auto_pc_0_1/system_top_auto_pc_0/system_top_auto_pc_0_in_context.xdc] for cell 'system_top_i/axi_interconnect_0/m01_couplers/auto_pc'
Finished Parsing XDC File [e:/Desktop/my_git/e203_zs/prj/sys_top_bd/sys_top_bd.gen/sources_1/bd/system_top/ip/system_top_auto_pc_0_1/system_top_auto_pc_0/system_top_auto_pc_0_in_context.xdc] for cell 'system_top_i/axi_interconnect_0/m01_couplers/auto_pc'
Parsing XDC File [e:/Desktop/my_git/e203_zs/prj/sys_top_bd/sys_top_bd.gen/sources_1/bd/system_top/ip/system_top_auto_pc_1/system_top_auto_pc_1/system_top_auto_pc_0_in_context.xdc] for cell 'system_top_i/axi_interconnect_0/m02_couplers/auto_pc'
Finished Parsing XDC File [e:/Desktop/my_git/e203_zs/prj/sys_top_bd/sys_top_bd.gen/sources_1/bd/system_top/ip/system_top_auto_pc_1/system_top_auto_pc_1/system_top_auto_pc_0_in_context.xdc] for cell 'system_top_i/axi_interconnect_0/m02_couplers/auto_pc'
Parsing XDC File [e:/Desktop/my_git/e203_zs/prj/sys_top_bd/sys_top_bd.gen/sources_1/bd/system_top/ip/system_top_clk_wiz_0_0_1/system_top_clk_wiz_0_0/system_top_clk_wiz_0_0_in_context.xdc] for cell 'system_top_i/clk_wiz_0'
Finished Parsing XDC File [e:/Desktop/my_git/e203_zs/prj/sys_top_bd/sys_top_bd.gen/sources_1/bd/system_top/ip/system_top_clk_wiz_0_0_1/system_top_clk_wiz_0_0/system_top_clk_wiz_0_0_in_context.xdc] for cell 'system_top_i/clk_wiz_0'
Parsing XDC File [e:/Desktop/my_git/e203_zs/prj/sys_top_bd/sys_top_bd.gen/sources_1/bd/system_top/ip/system_top_proc_sys_reset_1_0/system_top_proc_sys_reset_1_0/system_top_proc_sys_reset_0_1_in_context.xdc] for cell 'system_top_i/proc_sys_reset_1'
Finished Parsing XDC File [e:/Desktop/my_git/e203_zs/prj/sys_top_bd/sys_top_bd.gen/sources_1/bd/system_top/ip/system_top_proc_sys_reset_1_0/system_top_proc_sys_reset_1_0/system_top_proc_sys_reset_0_1_in_context.xdc] for cell 'system_top_i/proc_sys_reset_1'
Parsing XDC File [e:/Desktop/my_git/e203_zs/prj/sys_top_bd/sys_top_bd.gen/sources_1/bd/system_top/ip/system_top_proc_sys_reset_0_0_1/system_top_proc_sys_reset_0_0/system_top_proc_sys_reset_0_0_in_context.xdc] for cell 'system_top_i/proc_sys_reset_0'
Finished Parsing XDC File [e:/Desktop/my_git/e203_zs/prj/sys_top_bd/sys_top_bd.gen/sources_1/bd/system_top/ip/system_top_proc_sys_reset_0_0_1/system_top_proc_sys_reset_0_0/system_top_proc_sys_reset_0_0_in_context.xdc] for cell 'system_top_i/proc_sys_reset_0'
Parsing XDC File [e:/Desktop/my_git/e203_zs/prj/sys_top_bd/sys_top_bd.gen/sources_1/bd/system_top/ip/system_top_util_vector_logic_0_0_1/system_top_util_vector_logic_0_0/system_top_util_vector_logic_0_0_in_context.xdc] for cell 'system_top_i/util_vector_logic_0'
Finished Parsing XDC File [e:/Desktop/my_git/e203_zs/prj/sys_top_bd/sys_top_bd.gen/sources_1/bd/system_top/ip/system_top_util_vector_logic_0_0_1/system_top_util_vector_logic_0_0/system_top_util_vector_logic_0_0_in_context.xdc] for cell 'system_top_i/util_vector_logic_0'
Parsing XDC File [e:/Desktop/my_git/e203_zs/prj/sys_top_bd/sys_top_bd.gen/sources_1/bd/system_top/ip/system_top_mig_7series_0_1_1/system_top_mig_7series_0_1/system_top_mig_7series_0_1_in_context.xdc] for cell 'system_top_i/mig_7series_0'
Finished Parsing XDC File [e:/Desktop/my_git/e203_zs/prj/sys_top_bd/sys_top_bd.gen/sources_1/bd/system_top/ip/system_top_mig_7series_0_1_1/system_top_mig_7series_0_1/system_top_mig_7series_0_1_in_context.xdc] for cell 'system_top_i/mig_7series_0'
Parsing XDC File [e:/Desktop/my_git/e203_zs/prj/sys_top_bd/sys_top_bd.gen/sources_1/bd/system_top/ip/system_top_util_vector_logic_1_0/system_top_util_vector_logic_1_0/system_top_util_vector_logic_1_0_in_context.xdc] for cell 'system_top_i/util_vector_logic_1'
Finished Parsing XDC File [e:/Desktop/my_git/e203_zs/prj/sys_top_bd/sys_top_bd.gen/sources_1/bd/system_top/ip/system_top_util_vector_logic_1_0/system_top_util_vector_logic_1_0/system_top_util_vector_logic_1_0_in_context.xdc] for cell 'system_top_i/util_vector_logic_1'
Parsing XDC File [e:/Desktop/my_git/e203_zs/prj/sys_top_bd/sys_top_bd.gen/sources_1/bd/system_top/ip/system_top_axi_gpio_0_0/system_top_axi_gpio_0_0/system_top_axi_gpio_0_0_in_context.xdc] for cell 'system_top_i/axi_gpio_0'
Finished Parsing XDC File [e:/Desktop/my_git/e203_zs/prj/sys_top_bd/sys_top_bd.gen/sources_1/bd/system_top/ip/system_top_axi_gpio_0_0/system_top_axi_gpio_0_0/system_top_axi_gpio_0_0_in_context.xdc] for cell 'system_top_i/axi_gpio_0'
Parsing XDC File [e:/Desktop/my_git/e203_zs/prj/sys_top_bd/sys_top_bd.gen/sources_1/bd/system_top/ip/system_top_rst_clk_wiz_0_200M_0/system_top_rst_clk_wiz_0_200M_0/system_top_rst_clk_wiz_0_200M_0_in_context.xdc] for cell 'system_top_i/rst_clk_wiz_0_200M'
Finished Parsing XDC File [e:/Desktop/my_git/e203_zs/prj/sys_top_bd/sys_top_bd.gen/sources_1/bd/system_top/ip/system_top_rst_clk_wiz_0_200M_0/system_top_rst_clk_wiz_0_200M_0/system_top_rst_clk_wiz_0_200M_0_in_context.xdc] for cell 'system_top_i/rst_clk_wiz_0_200M'
Parsing XDC File [e:/Desktop/my_git/e203_zs/prj/sys_top_bd/sys_top_bd.gen/sources_1/bd/system_top/ip/system_top_system_e203_0_0_1/system_top_system_e203_0_0/system_top_system_e203_0_0_in_context.xdc] for cell 'system_top_i/system_e203_0'
Finished Parsing XDC File [e:/Desktop/my_git/e203_zs/prj/sys_top_bd/sys_top_bd.gen/sources_1/bd/system_top/ip/system_top_system_e203_0_0_1/system_top_system_e203_0_0/system_top_system_e203_0_0_in_context.xdc] for cell 'system_top_i/system_e203_0'
Parsing XDC File [e:/Desktop/my_git/e203_zs/prj/sys_top_bd/sys_top_bd.gen/sources_1/bd/system_top/ip/system_top_lcd_rgb_snake_0_0/system_top_lcd_rgb_snake_0_0/system_top_lcd_rgb_snake_0_0_in_context.xdc] for cell 'system_top_i/lcd_rgb_snake_0'
Finished Parsing XDC File [e:/Desktop/my_git/e203_zs/prj/sys_top_bd/sys_top_bd.gen/sources_1/bd/system_top/ip/system_top_lcd_rgb_snake_0_0/system_top_lcd_rgb_snake_0_0/system_top_lcd_rgb_snake_0_0_in_context.xdc] for cell 'system_top_i/lcd_rgb_snake_0'
Parsing XDC File [e:/Desktop/my_git/e203_zs/prj/sys_top_bd/sys_top_bd.gen/sources_1/bd/system_top/ip/system_top_axi_lite_for_snake_0_0/system_top_axi_lite_for_snake_0_0/system_top_axi_lite_for_snake_0_0_in_context.xdc] for cell 'system_top_i/axi_lite_for_snake_0'
Finished Parsing XDC File [e:/Desktop/my_git/e203_zs/prj/sys_top_bd/sys_top_bd.gen/sources_1/bd/system_top/ip/system_top_axi_lite_for_snake_0_0/system_top_axi_lite_for_snake_0_0/system_top_axi_lite_for_snake_0_0_in_context.xdc] for cell 'system_top_i/axi_lite_for_snake_0'
Parsing XDC File [e:/Desktop/my_git/e203_zs/prj/sys_top_bd/sys_top_bd.gen/sources_1/bd/system_top/ip/system_top_system_ila_0_0/system_top_system_ila_0_0/system_top_system_ila_0_0_in_context.xdc] for cell 'system_top_i/system_ila_0'
Finished Parsing XDC File [e:/Desktop/my_git/e203_zs/prj/sys_top_bd/sys_top_bd.gen/sources_1/bd/system_top/ip/system_top_system_ila_0_0/system_top_system_ila_0_0/system_top_system_ila_0_0_in_context.xdc] for cell 'system_top_i/system_ila_0'
Parsing XDC File [E:/Desktop/my_git/e203_zs/constrs/nuclei-master.xdc]
WARNING: [Vivado 12-507] No nets matched 'system_top_i/system_e203_0/inst/dut_io_pads_jtag_TCK_i_ival'. [E:/Desktop/my_git/e203_zs/constrs/nuclei-master.xdc:26]
WARNING: [Vivado 12-507] No nets matched 'system_top_i/system_e203_0/inst/IOBUF_jtag_TCK/O'. [E:/Desktop/my_git/e203_zs/constrs/nuclei-master.xdc:27]
Finished Parsing XDC File [E:/Desktop/my_git/e203_zs/constrs/nuclei-master.xdc]
WARNING: [Project 1-498] One or more constraints failed evaluation while reading constraint file [E:/Desktop/my_git/e203_zs/constrs/nuclei-master.xdc] and the design contains unresolved black boxes. These constraints will be read post-synthesis (as long as their source constraint file is marked as used_in_implementation) and should be applied correctly then. You should review the constraints listed in the file [.Xil/system_top_wrapper_propImpl.xdc] and check the run log file to verify that these constraints were correctly applied.
INFO: [Project 1-236] Implementation specific constraints were found while reading constraint file [E:/Desktop/my_git/e203_zs/constrs/nuclei-master.xdc]. These constraints will be ignored for synthesis but will be used in implementation. Impacted constraints are listed in the file [.Xil/system_top_wrapper_propImpl.xdc].
Resolution: To avoid this warning, move constraints listed in [.Xil/system_top_wrapper_propImpl.xdc] to another XDC file and exclude this new file from synthesis with the used_in_synthesis property (File Properties dialog in GUI) and re-run elaboration/synthesis.
Parsing XDC File [E:/Desktop/my_git/e203_zs/prj/sys_top_bd/sys_top_bd.runs/synth_1/dont_touch.xdc]
Finished Parsing XDC File [E:/Desktop/my_git/e203_zs/prj/sys_top_bd/sys_top_bd.runs/synth_1/dont_touch.xdc]
Completed Processing XDC Constraints

Netlist sorting complete. Time (s): cpu = 00:00:00 ; elapsed = 00:00:00.001 . Memory (MB): peak = 1347.117 ; gain = 0.000
INFO: [Project 1-111] Unisim Transformation Summary:
No Unisim elements were transformed.

Constraint Validation Runtime : Time (s): cpu = 00:00:00 ; elapsed = 00:00:00.007 . Memory (MB): peak = 1347.117 ; gain = 0.000
---------------------------------------------------------------------------------
Finished Constraint Validation : Time (s): cpu = 00:00:10 ; elapsed = 00:00:10 . Memory (MB): peak = 1347.117 ; gain = 208.512
---------------------------------------------------------------------------------
---------------------------------------------------------------------------------
Start Loading Part and Timing Information
---------------------------------------------------------------------------------
Loading part: xc7a200tfbg484-2
---------------------------------------------------------------------------------
Finished Loading Part and Timing Information : Time (s): cpu = 00:00:10 ; elapsed = 00:00:10 . Memory (MB): peak = 1347.117 ; gain = 208.512
---------------------------------------------------------------------------------
---------------------------------------------------------------------------------
Start Applying 'set_property' XDC Constraints
---------------------------------------------------------------------------------
Applied set_property IO_BUFFER_TYPE = NONE for CLK100MHZ. (constraint file  e:/Desktop/my_git/e203_zs/prj/sys_top_bd/sys_top_bd.gen/sources_1/bd/system_top/ip/system_top_clk_wiz_0_0_1/system_top_clk_wiz_0_0/system_top_clk_wiz_0_0_in_context.xdc, line 5).
Applied set_property CLOCK_BUFFER_TYPE = NONE for CLK100MHZ. (constraint file  e:/Desktop/my_git/e203_zs/prj/sys_top_bd/sys_top_bd.gen/sources_1/bd/system_top/ip/system_top_clk_wiz_0_0_1/system_top_clk_wiz_0_0/system_top_clk_wiz_0_0_in_context.xdc, line 6).
Applied set_property IO_BUFFER_TYPE = NONE for DDR3_addr[0]. (constraint file  e:/Desktop/my_git/e203_zs/prj/sys_top_bd/sys_top_bd.gen/sources_1/bd/system_top/ip/system_top_mig_7series_0_1_1/system_top_mig_7series_0_1/system_top_mig_7series_0_1_in_context.xdc, line 2).
Applied set_property CLOCK_BUFFER_TYPE = NONE for DDR3_addr[0]. (constraint file  e:/Desktop/my_git/e203_zs/prj/sys_top_bd/sys_top_bd.gen/sources_1/bd/system_top/ip/system_top_mig_7series_0_1_1/system_top_mig_7series_0_1/system_top_mig_7series_0_1_in_context.xdc, line 3).
Applied set_property IO_BUFFER_TYPE = NONE for DDR3_addr[10]. (constraint file  e:/Desktop/my_git/e203_zs/prj/sys_top_bd/sys_top_bd.gen/sources_1/bd/system_top/ip/system_top_mig_7series_0_1_1/system_top_mig_7series_0_1/system_top_mig_7series_0_1_in_context.xdc, line 4).
Applied set_property CLOCK_BUFFER_TYPE = NONE for DDR3_addr[10]. (constraint file  e:/Desktop/my_git/e203_zs/prj/sys_top_bd/sys_top_bd.gen/sources_1/bd/system_top/ip/system_top_mig_7series_0_1_1/system_top_mig_7series_0_1/system_top_mig_7series_0_1_in_context.xdc, line 5).
Applied set_property IO_BUFFER_TYPE = NONE for DDR3_addr[11]. (constraint file  e:/Desktop/my_git/e203_zs/prj/sys_top_bd/sys_top_bd.gen/sources_1/bd/system_top/ip/system_top_mig_7series_0_1_1/system_top_mig_7series_0_1/system_top_mig_7series_0_1_in_context.xdc, line 6).
Applied set_property CLOCK_BUFFER_TYPE = NONE for DDR3_addr[11]. (constraint file  e:/Desktop/my_git/e203_zs/prj/sys_top_bd/sys_top_bd.gen/sources_1/bd/system_top/ip/system_top_mig_7series_0_1_1/system_top_mig_7series_0_1/system_top_mig_7series_0_1_in_context.xdc, line 7).
Applied set_property IO_BUFFER_TYPE = NONE for DDR3_addr[12]. (constraint file  e:/Desktop/my_git/e203_zs/prj/sys_top_bd/sys_top_bd.gen/sources_1/bd/system_top/ip/system_top_mig_7series_0_1_1/system_top_mig_7series_0_1/system_top_mig_7series_0_1_in_context.xdc, line 8).
Applied set_property CLOCK_BUFFER_TYPE = NONE for DDR3_addr[12]. (constraint file  e:/Desktop/my_git/e203_zs/prj/sys_top_bd/sys_top_bd.gen/sources_1/bd/system_top/ip/system_top_mig_7series_0_1_1/system_top_mig_7series_0_1/system_top_mig_7series_0_1_in_context.xdc, line 9).
Applied set_property IO_BUFFER_TYPE = NONE for DDR3_addr[13]. (constraint file  e:/Desktop/my_git/e203_zs/prj/sys_top_bd/sys_top_bd.gen/sources_1/bd/system_top/ip/system_top_mig_7series_0_1_1/system_top_mig_7series_0_1/system_top_mig_7series_0_1_in_context.xdc, line 10).
Applied set_property CLOCK_BUFFER_TYPE = NONE for DDR3_addr[13]. (constraint file  e:/Desktop/my_git/e203_zs/prj/sys_top_bd/sys_top_bd.gen/sources_1/bd/system_top/ip/system_top_mig_7series_0_1_1/system_top_mig_7series_0_1/system_top_mig_7series_0_1_in_context.xdc, line 11).
Applied set_property IO_BUFFER_TYPE = NONE for DDR3_addr[1]. (constraint file  e:/Desktop/my_git/e203_zs/prj/sys_top_bd/sys_top_bd.gen/sources_1/bd/system_top/ip/system_top_mig_7series_0_1_1/system_top_mig_7series_0_1/system_top_mig_7series_0_1_in_context.xdc, line 12).
Applied set_property CLOCK_BUFFER_TYPE = NONE for DDR3_addr[1]. (constraint file  e:/Desktop/my_git/e203_zs/prj/sys_top_bd/sys_top_bd.gen/sources_1/bd/system_top/ip/system_top_mig_7series_0_1_1/system_top_mig_7series_0_1/system_top_mig_7series_0_1_in_context.xdc, line 13).
Applied set_property IO_BUFFER_TYPE = NONE for DDR3_addr[2]. (constraint file  e:/Desktop/my_git/e203_zs/prj/sys_top_bd/sys_top_bd.gen/sources_1/bd/system_top/ip/system_top_mig_7series_0_1_1/system_top_mig_7series_0_1/system_top_mig_7series_0_1_in_context.xdc, line 14).
Applied set_property CLOCK_BUFFER_TYPE = NONE for DDR3_addr[2]. (constraint file  e:/Desktop/my_git/e203_zs/prj/sys_top_bd/sys_top_bd.gen/sources_1/bd/system_top/ip/system_top_mig_7series_0_1_1/system_top_mig_7series_0_1/system_top_mig_7series_0_1_in_context.xdc, line 15).
Applied set_property IO_BUFFER_TYPE = NONE for DDR3_addr[3]. (constraint file  e:/Desktop/my_git/e203_zs/prj/sys_top_bd/sys_top_bd.gen/sources_1/bd/system_top/ip/system_top_mig_7series_0_1_1/system_top_mig_7series_0_1/system_top_mig_7series_0_1_in_context.xdc, line 16).
Applied set_property CLOCK_BUFFER_TYPE = NONE for DDR3_addr[3]. (constraint file  e:/Desktop/my_git/e203_zs/prj/sys_top_bd/sys_top_bd.gen/sources_1/bd/system_top/ip/system_top_mig_7series_0_1_1/system_top_mig_7series_0_1/system_top_mig_7series_0_1_in_context.xdc, line 17).
Applied set_property IO_BUFFER_TYPE = NONE for DDR3_addr[4]. (constraint file  e:/Desktop/my_git/e203_zs/prj/sys_top_bd/sys_top_bd.gen/sources_1/bd/system_top/ip/system_top_mig_7series_0_1_1/system_top_mig_7series_0_1/system_top_mig_7series_0_1_in_context.xdc, line 18).
Applied set_property CLOCK_BUFFER_TYPE = NONE for DDR3_addr[4]. (constraint file  e:/Desktop/my_git/e203_zs/prj/sys_top_bd/sys_top_bd.gen/sources_1/bd/system_top/ip/system_top_mig_7series_0_1_1/system_top_mig_7series_0_1/system_top_mig_7series_0_1_in_context.xdc, line 19).
Applied set_property IO_BUFFER_TYPE = NONE for DDR3_addr[5]. (constraint file  e:/Desktop/my_git/e203_zs/prj/sys_top_bd/sys_top_bd.gen/sources_1/bd/system_top/ip/system_top_mig_7series_0_1_1/system_top_mig_7series_0_1/system_top_mig_7series_0_1_in_context.xdc, line 20).
Applied set_property CLOCK_BUFFER_TYPE = NONE for DDR3_addr[5]. (constraint file  e:/Desktop/my_git/e203_zs/prj/sys_top_bd/sys_top_bd.gen/sources_1/bd/system_top/ip/system_top_mig_7series_0_1_1/system_top_mig_7series_0_1/system_top_mig_7series_0_1_in_context.xdc, line 21).
Applied set_property IO_BUFFER_TYPE = NONE for DDR3_addr[6]. (constraint file  e:/Desktop/my_git/e203_zs/prj/sys_top_bd/sys_top_bd.gen/sources_1/bd/system_top/ip/system_top_mig_7series_0_1_1/system_top_mig_7series_0_1/system_top_mig_7series_0_1_in_context.xdc, line 22).
Applied set_property CLOCK_BUFFER_TYPE = NONE for DDR3_addr[6]. (constraint file  e:/Desktop/my_git/e203_zs/prj/sys_top_bd/sys_top_bd.gen/sources_1/bd/system_top/ip/system_top_mig_7series_0_1_1/system_top_mig_7series_0_1/system_top_mig_7series_0_1_in_context.xdc, line 23).
Applied set_property IO_BUFFER_TYPE = NONE for DDR3_addr[7]. (constraint file  e:/Desktop/my_git/e203_zs/prj/sys_top_bd/sys_top_bd.gen/sources_1/bd/system_top/ip/system_top_mig_7series_0_1_1/system_top_mig_7series_0_1/system_top_mig_7series_0_1_in_context.xdc, line 24).
Applied set_property CLOCK_BUFFER_TYPE = NONE for DDR3_addr[7]. (constraint file  e:/Desktop/my_git/e203_zs/prj/sys_top_bd/sys_top_bd.gen/sources_1/bd/system_top/ip/system_top_mig_7series_0_1_1/system_top_mig_7series_0_1/system_top_mig_7series_0_1_in_context.xdc, line 25).
Applied set_property IO_BUFFER_TYPE = NONE for DDR3_addr[8]. (constraint file  e:/Desktop/my_git/e203_zs/prj/sys_top_bd/sys_top_bd.gen/sources_1/bd/system_top/ip/system_top_mig_7series_0_1_1/system_top_mig_7series_0_1/system_top_mig_7series_0_1_in_context.xdc, line 26).
Applied set_property CLOCK_BUFFER_TYPE = NONE for DDR3_addr[8]. (constraint file  e:/Desktop/my_git/e203_zs/prj/sys_top_bd/sys_top_bd.gen/sources_1/bd/system_top/ip/system_top_mig_7series_0_1_1/system_top_mig_7series_0_1/system_top_mig_7series_0_1_in_context.xdc, line 27).
Applied set_property IO_BUFFER_TYPE = NONE for DDR3_addr[9]. (constraint file  e:/Desktop/my_git/e203_zs/prj/sys_top_bd/sys_top_bd.gen/sources_1/bd/system_top/ip/system_top_mig_7series_0_1_1/system_top_mig_7series_0_1/system_top_mig_7series_0_1_in_context.xdc, line 28).
Applied set_property CLOCK_BUFFER_TYPE = NONE for DDR3_addr[9]. (constraint file  e:/Desktop/my_git/e203_zs/prj/sys_top_bd/sys_top_bd.gen/sources_1/bd/system_top/ip/system_top_mig_7series_0_1_1/system_top_mig_7series_0_1/system_top_mig_7series_0_1_in_context.xdc, line 29).
Applied set_property IO_BUFFER_TYPE = NONE for DDR3_ba[0]. (constraint file  e:/Desktop/my_git/e203_zs/prj/sys_top_bd/sys_top_bd.gen/sources_1/bd/system_top/ip/system_top_mig_7series_0_1_1/system_top_mig_7series_0_1/system_top_mig_7series_0_1_in_context.xdc, line 30).
Applied set_property CLOCK_BUFFER_TYPE = NONE for DDR3_ba[0]. (constraint file  e:/Desktop/my_git/e203_zs/prj/sys_top_bd/sys_top_bd.gen/sources_1/bd/system_top/ip/system_top_mig_7series_0_1_1/system_top_mig_7series_0_1/system_top_mig_7series_0_1_in_context.xdc, line 31).
Applied set_property IO_BUFFER_TYPE = NONE for DDR3_ba[1]. (constraint file  e:/Desktop/my_git/e203_zs/prj/sys_top_bd/sys_top_bd.gen/sources_1/bd/system_top/ip/system_top_mig_7series_0_1_1/system_top_mig_7series_0_1/system_top_mig_7series_0_1_in_context.xdc, line 32).
Applied set_property CLOCK_BUFFER_TYPE = NONE for DDR3_ba[1]. (constraint file  e:/Desktop/my_git/e203_zs/prj/sys_top_bd/sys_top_bd.gen/sources_1/bd/system_top/ip/system_top_mig_7series_0_1_1/system_top_mig_7series_0_1/system_top_mig_7series_0_1_in_context.xdc, line 33).
Applied set_property IO_BUFFER_TYPE = NONE for DDR3_ba[2]. (constraint file  e:/Desktop/my_git/e203_zs/prj/sys_top_bd/sys_top_bd.gen/sources_1/bd/system_top/ip/system_top_mig_7series_0_1_1/system_top_mig_7series_0_1/system_top_mig_7series_0_1_in_context.xdc, line 34).
Applied set_property CLOCK_BUFFER_TYPE = NONE for DDR3_ba[2]. (constraint file  e:/Desktop/my_git/e203_zs/prj/sys_top_bd/sys_top_bd.gen/sources_1/bd/system_top/ip/system_top_mig_7series_0_1_1/system_top_mig_7series_0_1/system_top_mig_7series_0_1_in_context.xdc, line 35).
Applied set_property IO_BUFFER_TYPE = NONE for DDR3_cas_n. (constraint file  e:/Desktop/my_git/e203_zs/prj/sys_top_bd/sys_top_bd.gen/sources_1/bd/system_top/ip/system_top_mig_7series_0_1_1/system_top_mig_7series_0_1/system_top_mig_7series_0_1_in_context.xdc, line 36).
Applied set_property CLOCK_BUFFER_TYPE = NONE for DDR3_cas_n. (constraint file  e:/Desktop/my_git/e203_zs/prj/sys_top_bd/sys_top_bd.gen/sources_1/bd/system_top/ip/system_top_mig_7series_0_1_1/system_top_mig_7series_0_1/system_top_mig_7series_0_1_in_context.xdc, line 37).
Applied set_property IO_BUFFER_TYPE = NONE for DDR3_ck_n[0]. (constraint file  e:/Desktop/my_git/e203_zs/prj/sys_top_bd/sys_top_bd.gen/sources_1/bd/system_top/ip/system_top_mig_7series_0_1_1/system_top_mig_7series_0_1/system_top_mig_7series_0_1_in_context.xdc, line 38).
Applied set_property CLOCK_BUFFER_TYPE = NONE for DDR3_ck_n[0]. (constraint file  e:/Desktop/my_git/e203_zs/prj/sys_top_bd/sys_top_bd.gen/sources_1/bd/system_top/ip/system_top_mig_7series_0_1_1/system_top_mig_7series_0_1/system_top_mig_7series_0_1_in_context.xdc, line 39).
Applied set_property IO_BUFFER_TYPE = NONE for DDR3_ck_p[0]. (constraint file  e:/Desktop/my_git/e203_zs/prj/sys_top_bd/sys_top_bd.gen/sources_1/bd/system_top/ip/system_top_mig_7series_0_1_1/system_top_mig_7series_0_1/system_top_mig_7series_0_1_in_context.xdc, line 40).
Applied set_property CLOCK_BUFFER_TYPE = NONE for DDR3_ck_p[0]. (constraint file  e:/Desktop/my_git/e203_zs/prj/sys_top_bd/sys_top_bd.gen/sources_1/bd/system_top/ip/system_top_mig_7series_0_1_1/system_top_mig_7series_0_1/system_top_mig_7series_0_1_in_context.xdc, line 41).
Applied set_property IO_BUFFER_TYPE = NONE for DDR3_cke[0]. (constraint file  e:/Desktop/my_git/e203_zs/prj/sys_top_bd/sys_top_bd.gen/sources_1/bd/system_top/ip/system_top_mig_7series_0_1_1/system_top_mig_7series_0_1/system_top_mig_7series_0_1_in_context.xdc, line 42).
Applied set_property CLOCK_BUFFER_TYPE = NONE for DDR3_cke[0]. (constraint file  e:/Desktop/my_git/e203_zs/prj/sys_top_bd/sys_top_bd.gen/sources_1/bd/system_top/ip/system_top_mig_7series_0_1_1/system_top_mig_7series_0_1/system_top_mig_7series_0_1_in_context.xdc, line 43).
Applied set_property IO_BUFFER_TYPE = NONE for DDR3_cs_n[0]. (constraint file  e:/Desktop/my_git/e203_zs/prj/sys_top_bd/sys_top_bd.gen/sources_1/bd/system_top/ip/system_top_mig_7series_0_1_1/system_top_mig_7series_0_1/system_top_mig_7series_0_1_in_context.xdc, line 44).
Applied set_property CLOCK_BUFFER_TYPE = NONE for DDR3_cs_n[0]. (constraint file  e:/Desktop/my_git/e203_zs/prj/sys_top_bd/sys_top_bd.gen/sources_1/bd/system_top/ip/system_top_mig_7series_0_1_1/system_top_mig_7series_0_1/system_top_mig_7series_0_1_in_context.xdc, line 45).
Applied set_property IO_BUFFER_TYPE = NONE for DDR3_dm[0]. (constraint file  e:/Desktop/my_git/e203_zs/prj/sys_top_bd/sys_top_bd.gen/sources_1/bd/system_top/ip/system_top_mig_7series_0_1_1/system_top_mig_7series_0_1/system_top_mig_7series_0_1_in_context.xdc, line 46).
Applied set_property CLOCK_BUFFER_TYPE = NONE for DDR3_dm[0]. (constraint file  e:/Desktop/my_git/e203_zs/prj/sys_top_bd/sys_top_bd.gen/sources_1/bd/system_top/ip/system_top_mig_7series_0_1_1/system_top_mig_7series_0_1/system_top_mig_7series_0_1_in_context.xdc, line 47).
Applied set_property IO_BUFFER_TYPE = NONE for DDR3_dm[1]. (constraint file  e:/Desktop/my_git/e203_zs/prj/sys_top_bd/sys_top_bd.gen/sources_1/bd/system_top/ip/system_top_mig_7series_0_1_1/system_top_mig_7series_0_1/system_top_mig_7series_0_1_in_context.xdc, line 48).
Applied set_property CLOCK_BUFFER_TYPE = NONE for DDR3_dm[1]. (constraint file  e:/Desktop/my_git/e203_zs/prj/sys_top_bd/sys_top_bd.gen/sources_1/bd/system_top/ip/system_top_mig_7series_0_1_1/system_top_mig_7series_0_1/system_top_mig_7series_0_1_in_context.xdc, line 49).
Applied set_property IO_BUFFER_TYPE = NONE for DDR3_dm[2]. (constraint file  e:/Desktop/my_git/e203_zs/prj/sys_top_bd/sys_top_bd.gen/sources_1/bd/system_top/ip/system_top_mig_7series_0_1_1/system_top_mig_7series_0_1/system_top_mig_7series_0_1_in_context.xdc, line 50).
Applied set_property CLOCK_BUFFER_TYPE = NONE for DDR3_dm[2]. (constraint file  e:/Desktop/my_git/e203_zs/prj/sys_top_bd/sys_top_bd.gen/sources_1/bd/system_top/ip/system_top_mig_7series_0_1_1/system_top_mig_7series_0_1/system_top_mig_7series_0_1_in_context.xdc, line 51).
Applied set_property IO_BUFFER_TYPE = NONE for DDR3_dm[3]. (constraint file  e:/Desktop/my_git/e203_zs/prj/sys_top_bd/sys_top_bd.gen/sources_1/bd/system_top/ip/system_top_mig_7series_0_1_1/system_top_mig_7series_0_1/system_top_mig_7series_0_1_in_context.xdc, line 52).
Applied set_property CLOCK_BUFFER_TYPE = NONE for DDR3_dm[3]. (constraint file  e:/Desktop/my_git/e203_zs/prj/sys_top_bd/sys_top_bd.gen/sources_1/bd/system_top/ip/system_top_mig_7series_0_1_1/system_top_mig_7series_0_1/system_top_mig_7series_0_1_in_context.xdc, line 53).
Applied set_property IO_BUFFER_TYPE = NONE for DDR3_dq[0]. (constraint file  e:/Desktop/my_git/e203_zs/prj/sys_top_bd/sys_top_bd.gen/sources_1/bd/system_top/ip/system_top_mig_7series_0_1_1/system_top_mig_7series_0_1/system_top_mig_7series_0_1_in_context.xdc, line 54).
Applied set_property CLOCK_BUFFER_TYPE = NONE for DDR3_dq[0]. (constraint file  e:/Desktop/my_git/e203_zs/prj/sys_top_bd/sys_top_bd.gen/sources_1/bd/system_top/ip/system_top_mig_7series_0_1_1/system_top_mig_7series_0_1/system_top_mig_7series_0_1_in_context.xdc, line 55).
Applied set_property IO_BUFFER_TYPE = NONE for DDR3_dq[10]. (constraint file  e:/Desktop/my_git/e203_zs/prj/sys_top_bd/sys_top_bd.gen/sources_1/bd/system_top/ip/system_top_mig_7series_0_1_1/system_top_mig_7series_0_1/system_top_mig_7series_0_1_in_context.xdc, line 56).
Applied set_property CLOCK_BUFFER_TYPE = NONE for DDR3_dq[10]. (constraint file  e:/Desktop/my_git/e203_zs/prj/sys_top_bd/sys_top_bd.gen/sources_1/bd/system_top/ip/system_top_mig_7series_0_1_1/system_top_mig_7series_0_1/system_top_mig_7series_0_1_in_context.xdc, line 57).
Applied set_property IO_BUFFER_TYPE = NONE for DDR3_dq[11]. (constraint file  e:/Desktop/my_git/e203_zs/prj/sys_top_bd/sys_top_bd.gen/sources_1/bd/system_top/ip/system_top_mig_7series_0_1_1/system_top_mig_7series_0_1/system_top_mig_7series_0_1_in_context.xdc, line 58).
Applied set_property CLOCK_BUFFER_TYPE = NONE for DDR3_dq[11]. (constraint file  e:/Desktop/my_git/e203_zs/prj/sys_top_bd/sys_top_bd.gen/sources_1/bd/system_top/ip/system_top_mig_7series_0_1_1/system_top_mig_7series_0_1/system_top_mig_7series_0_1_in_context.xdc, line 59).
Applied set_property IO_BUFFER_TYPE = NONE for DDR3_dq[12]. (constraint file  e:/Desktop/my_git/e203_zs/prj/sys_top_bd/sys_top_bd.gen/sources_1/bd/system_top/ip/system_top_mig_7series_0_1_1/system_top_mig_7series_0_1/system_top_mig_7series_0_1_in_context.xdc, line 60).
Applied set_property CLOCK_BUFFER_TYPE = NONE for DDR3_dq[12]. (constraint file  e:/Desktop/my_git/e203_zs/prj/sys_top_bd/sys_top_bd.gen/sources_1/bd/system_top/ip/system_top_mig_7series_0_1_1/system_top_mig_7series_0_1/system_top_mig_7series_0_1_in_context.xdc, line 61).
Applied set_property IO_BUFFER_TYPE = NONE for DDR3_dq[13]. (constraint file  e:/Desktop/my_git/e203_zs/prj/sys_top_bd/sys_top_bd.gen/sources_1/bd/system_top/ip/system_top_mig_7series_0_1_1/system_top_mig_7series_0_1/system_top_mig_7series_0_1_in_context.xdc, line 62).
Applied set_property CLOCK_BUFFER_TYPE = NONE for DDR3_dq[13]. (constraint file  e:/Desktop/my_git/e203_zs/prj/sys_top_bd/sys_top_bd.gen/sources_1/bd/system_top/ip/system_top_mig_7series_0_1_1/system_top_mig_7series_0_1/system_top_mig_7series_0_1_in_context.xdc, line 63).
Applied set_property IO_BUFFER_TYPE = NONE for DDR3_dq[14]. (constraint file  e:/Desktop/my_git/e203_zs/prj/sys_top_bd/sys_top_bd.gen/sources_1/bd/system_top/ip/system_top_mig_7series_0_1_1/system_top_mig_7series_0_1/system_top_mig_7series_0_1_in_context.xdc, line 64).
Applied set_property CLOCK_BUFFER_TYPE = NONE for DDR3_dq[14]. (constraint file  e:/Desktop/my_git/e203_zs/prj/sys_top_bd/sys_top_bd.gen/sources_1/bd/system_top/ip/system_top_mig_7series_0_1_1/system_top_mig_7series_0_1/system_top_mig_7series_0_1_in_context.xdc, line 65).
Applied set_property IO_BUFFER_TYPE = NONE for DDR3_dq[15]. (constraint file  e:/Desktop/my_git/e203_zs/prj/sys_top_bd/sys_top_bd.gen/sources_1/bd/system_top/ip/system_top_mig_7series_0_1_1/system_top_mig_7series_0_1/system_top_mig_7series_0_1_in_context.xdc, line 66).
Applied set_property CLOCK_BUFFER_TYPE = NONE for DDR3_dq[15]. (constraint file  e:/Desktop/my_git/e203_zs/prj/sys_top_bd/sys_top_bd.gen/sources_1/bd/system_top/ip/system_top_mig_7series_0_1_1/system_top_mig_7series_0_1/system_top_mig_7series_0_1_in_context.xdc, line 67).
Applied set_property IO_BUFFER_TYPE = NONE for DDR3_dq[16]. (constraint file  e:/Desktop/my_git/e203_zs/prj/sys_top_bd/sys_top_bd.gen/sources_1/bd/system_top/ip/system_top_mig_7series_0_1_1/system_top_mig_7series_0_1/system_top_mig_7series_0_1_in_context.xdc, line 68).
Applied set_property CLOCK_BUFFER_TYPE = NONE for DDR3_dq[16]. (constraint file  e:/Desktop/my_git/e203_zs/prj/sys_top_bd/sys_top_bd.gen/sources_1/bd/system_top/ip/system_top_mig_7series_0_1_1/system_top_mig_7series_0_1/system_top_mig_7series_0_1_in_context.xdc, line 69).
Applied set_property IO_BUFFER_TYPE = NONE for DDR3_dq[17]. (constraint file  e:/Desktop/my_git/e203_zs/prj/sys_top_bd/sys_top_bd.gen/sources_1/bd/system_top/ip/system_top_mig_7series_0_1_1/system_top_mig_7series_0_1/system_top_mig_7series_0_1_in_context.xdc, line 70).
Applied set_property CLOCK_BUFFER_TYPE = NONE for DDR3_dq[17]. (constraint file  e:/Desktop/my_git/e203_zs/prj/sys_top_bd/sys_top_bd.gen/sources_1/bd/system_top/ip/system_top_mig_7series_0_1_1/system_top_mig_7series_0_1/system_top_mig_7series_0_1_in_context.xdc, line 71).
Applied set_property IO_BUFFER_TYPE = NONE for DDR3_dq[18]. (constraint file  e:/Desktop/my_git/e203_zs/prj/sys_top_bd/sys_top_bd.gen/sources_1/bd/system_top/ip/system_top_mig_7series_0_1_1/system_top_mig_7series_0_1/system_top_mig_7series_0_1_in_context.xdc, line 72).
Applied set_property CLOCK_BUFFER_TYPE = NONE for DDR3_dq[18]. (constraint file  e:/Desktop/my_git/e203_zs/prj/sys_top_bd/sys_top_bd.gen/sources_1/bd/system_top/ip/system_top_mig_7series_0_1_1/system_top_mig_7series_0_1/system_top_mig_7series_0_1_in_context.xdc, line 73).
Applied set_property IO_BUFFER_TYPE = NONE for DDR3_dq[19]. (constraint file  e:/Desktop/my_git/e203_zs/prj/sys_top_bd/sys_top_bd.gen/sources_1/bd/system_top/ip/system_top_mig_7series_0_1_1/system_top_mig_7series_0_1/system_top_mig_7series_0_1_in_context.xdc, line 74).
Applied set_property CLOCK_BUFFER_TYPE = NONE for DDR3_dq[19]. (constraint file  e:/Desktop/my_git/e203_zs/prj/sys_top_bd/sys_top_bd.gen/sources_1/bd/system_top/ip/system_top_mig_7series_0_1_1/system_top_mig_7series_0_1/system_top_mig_7series_0_1_in_context.xdc, line 75).
Applied set_property IO_BUFFER_TYPE = NONE for DDR3_dq[1]. (constraint file  e:/Desktop/my_git/e203_zs/prj/sys_top_bd/sys_top_bd.gen/sources_1/bd/system_top/ip/system_top_mig_7series_0_1_1/system_top_mig_7series_0_1/system_top_mig_7series_0_1_in_context.xdc, line 76).
Applied set_property CLOCK_BUFFER_TYPE = NONE for DDR3_dq[1]. (constraint file  e:/Desktop/my_git/e203_zs/prj/sys_top_bd/sys_top_bd.gen/sources_1/bd/system_top/ip/system_top_mig_7series_0_1_1/system_top_mig_7series_0_1/system_top_mig_7series_0_1_in_context.xdc, line 77).
Applied set_property IO_BUFFER_TYPE = NONE for DDR3_dq[20]. (constraint file  e:/Desktop/my_git/e203_zs/prj/sys_top_bd/sys_top_bd.gen/sources_1/bd/system_top/ip/system_top_mig_7series_0_1_1/system_top_mig_7series_0_1/system_top_mig_7series_0_1_in_context.xdc, line 78).
Applied set_property CLOCK_BUFFER_TYPE = NONE for DDR3_dq[20]. (constraint file  e:/Desktop/my_git/e203_zs/prj/sys_top_bd/sys_top_bd.gen/sources_1/bd/system_top/ip/system_top_mig_7series_0_1_1/system_top_mig_7series_0_1/system_top_mig_7series_0_1_in_context.xdc, line 79).
Applied set_property IO_BUFFER_TYPE = NONE for DDR3_dq[21]. (constraint file  e:/Desktop/my_git/e203_zs/prj/sys_top_bd/sys_top_bd.gen/sources_1/bd/system_top/ip/system_top_mig_7series_0_1_1/system_top_mig_7series_0_1/system_top_mig_7series_0_1_in_context.xdc, line 80).
Applied set_property CLOCK_BUFFER_TYPE = NONE for DDR3_dq[21]. (constraint file  e:/Desktop/my_git/e203_zs/prj/sys_top_bd/sys_top_bd.gen/sources_1/bd/system_top/ip/system_top_mig_7series_0_1_1/system_top_mig_7series_0_1/system_top_mig_7series_0_1_in_context.xdc, line 81).
Applied set_property IO_BUFFER_TYPE = NONE for DDR3_dq[22]. (constraint file  e:/Desktop/my_git/e203_zs/prj/sys_top_bd/sys_top_bd.gen/sources_1/bd/system_top/ip/system_top_mig_7series_0_1_1/system_top_mig_7series_0_1/system_top_mig_7series_0_1_in_context.xdc, line 82).
Applied set_property CLOCK_BUFFER_TYPE = NONE for DDR3_dq[22]. (constraint file  e:/Desktop/my_git/e203_zs/prj/sys_top_bd/sys_top_bd.gen/sources_1/bd/system_top/ip/system_top_mig_7series_0_1_1/system_top_mig_7series_0_1/system_top_mig_7series_0_1_in_context.xdc, line 83).
Applied set_property IO_BUFFER_TYPE = NONE for DDR3_dq[23]. (constraint file  e:/Desktop/my_git/e203_zs/prj/sys_top_bd/sys_top_bd.gen/sources_1/bd/system_top/ip/system_top_mig_7series_0_1_1/system_top_mig_7series_0_1/system_top_mig_7series_0_1_in_context.xdc, line 84).
Applied set_property CLOCK_BUFFER_TYPE = NONE for DDR3_dq[23]. (constraint file  e:/Desktop/my_git/e203_zs/prj/sys_top_bd/sys_top_bd.gen/sources_1/bd/system_top/ip/system_top_mig_7series_0_1_1/system_top_mig_7series_0_1/system_top_mig_7series_0_1_in_context.xdc, line 85).
Applied set_property IO_BUFFER_TYPE = NONE for DDR3_dq[24]. (constraint file  e:/Desktop/my_git/e203_zs/prj/sys_top_bd/sys_top_bd.gen/sources_1/bd/system_top/ip/system_top_mig_7series_0_1_1/system_top_mig_7series_0_1/system_top_mig_7series_0_1_in_context.xdc, line 86).
Applied set_property CLOCK_BUFFER_TYPE = NONE for DDR3_dq[24]. (constraint file  e:/Desktop/my_git/e203_zs/prj/sys_top_bd/sys_top_bd.gen/sources_1/bd/system_top/ip/system_top_mig_7series_0_1_1/system_top_mig_7series_0_1/system_top_mig_7series_0_1_in_context.xdc, line 87).
Applied set_property IO_BUFFER_TYPE = NONE for DDR3_dq[25]. (constraint file  e:/Desktop/my_git/e203_zs/prj/sys_top_bd/sys_top_bd.gen/sources_1/bd/system_top/ip/system_top_mig_7series_0_1_1/system_top_mig_7series_0_1/system_top_mig_7series_0_1_in_context.xdc, line 88).
Applied set_property CLOCK_BUFFER_TYPE = NONE for DDR3_dq[25]. (constraint file  e:/Desktop/my_git/e203_zs/prj/sys_top_bd/sys_top_bd.gen/sources_1/bd/system_top/ip/system_top_mig_7series_0_1_1/system_top_mig_7series_0_1/system_top_mig_7series_0_1_in_context.xdc, line 89).
Applied set_property IO_BUFFER_TYPE = NONE for DDR3_dq[26]. (constraint file  e:/Desktop/my_git/e203_zs/prj/sys_top_bd/sys_top_bd.gen/sources_1/bd/system_top/ip/system_top_mig_7series_0_1_1/system_top_mig_7series_0_1/system_top_mig_7series_0_1_in_context.xdc, line 90).
Applied set_property CLOCK_BUFFER_TYPE = NONE for DDR3_dq[26]. (constraint file  e:/Desktop/my_git/e203_zs/prj/sys_top_bd/sys_top_bd.gen/sources_1/bd/system_top/ip/system_top_mig_7series_0_1_1/system_top_mig_7series_0_1/system_top_mig_7series_0_1_in_context.xdc, line 91).
Applied set_property IO_BUFFER_TYPE = NONE for DDR3_dq[27]. (constraint file  e:/Desktop/my_git/e203_zs/prj/sys_top_bd/sys_top_bd.gen/sources_1/bd/system_top/ip/system_top_mig_7series_0_1_1/system_top_mig_7series_0_1/system_top_mig_7series_0_1_in_context.xdc, line 92).
Applied set_property CLOCK_BUFFER_TYPE = NONE for DDR3_dq[27]. (constraint file  e:/Desktop/my_git/e203_zs/prj/sys_top_bd/sys_top_bd.gen/sources_1/bd/system_top/ip/system_top_mig_7series_0_1_1/system_top_mig_7series_0_1/system_top_mig_7series_0_1_in_context.xdc, line 93).
Applied set_property IO_BUFFER_TYPE = NONE for DDR3_dq[28]. (constraint file  e:/Desktop/my_git/e203_zs/prj/sys_top_bd/sys_top_bd.gen/sources_1/bd/system_top/ip/system_top_mig_7series_0_1_1/system_top_mig_7series_0_1/system_top_mig_7series_0_1_in_context.xdc, line 94).
Applied set_property CLOCK_BUFFER_TYPE = NONE for DDR3_dq[28]. (constraint file  e:/Desktop/my_git/e203_zs/prj/sys_top_bd/sys_top_bd.gen/sources_1/bd/system_top/ip/system_top_mig_7series_0_1_1/system_top_mig_7series_0_1/system_top_mig_7series_0_1_in_context.xdc, line 95).
Applied set_property IO_BUFFER_TYPE = NONE for DDR3_dq[29]. (constraint file  e:/Desktop/my_git/e203_zs/prj/sys_top_bd/sys_top_bd.gen/sources_1/bd/system_top/ip/system_top_mig_7series_0_1_1/system_top_mig_7series_0_1/system_top_mig_7series_0_1_in_context.xdc, line 96).
Applied set_property CLOCK_BUFFER_TYPE = NONE for DDR3_dq[29]. (constraint file  e:/Desktop/my_git/e203_zs/prj/sys_top_bd/sys_top_bd.gen/sources_1/bd/system_top/ip/system_top_mig_7series_0_1_1/system_top_mig_7series_0_1/system_top_mig_7series_0_1_in_context.xdc, line 97).
Applied set_property IO_BUFFER_TYPE = NONE for DDR3_dq[2]. (constraint file  e:/Desktop/my_git/e203_zs/prj/sys_top_bd/sys_top_bd.gen/sources_1/bd/system_top/ip/system_top_mig_7series_0_1_1/system_top_mig_7series_0_1/system_top_mig_7series_0_1_in_context.xdc, line 98).
Applied set_property CLOCK_BUFFER_TYPE = NONE for DDR3_dq[2]. (constraint file  e:/Desktop/my_git/e203_zs/prj/sys_top_bd/sys_top_bd.gen/sources_1/bd/system_top/ip/system_top_mig_7series_0_1_1/system_top_mig_7series_0_1/system_top_mig_7series_0_1_in_context.xdc, line 99).
Applied set_property IO_BUFFER_TYPE = NONE for DDR3_dq[30]. (constraint file  e:/Desktop/my_git/e203_zs/prj/sys_top_bd/sys_top_bd.gen/sources_1/bd/system_top/ip/system_top_mig_7series_0_1_1/system_top_mig_7series_0_1/system_top_mig_7series_0_1_in_context.xdc, line 100).
Applied set_property CLOCK_BUFFER_TYPE = NONE for DDR3_dq[30]. (constraint file  e:/Desktop/my_git/e203_zs/prj/sys_top_bd/sys_top_bd.gen/sources_1/bd/system_top/ip/system_top_mig_7series_0_1_1/system_top_mig_7series_0_1/system_top_mig_7series_0_1_in_context.xdc, line 101).
Applied set_property IO_BUFFER_TYPE = NONE for DDR3_dq[31]. (constraint file  e:/Desktop/my_git/e203_zs/prj/sys_top_bd/sys_top_bd.gen/sources_1/bd/system_top/ip/system_top_mig_7series_0_1_1/system_top_mig_7series_0_1/system_top_mig_7series_0_1_in_context.xdc, line 102).
Applied set_property CLOCK_BUFFER_TYPE = NONE for DDR3_dq[31]. (constraint file  e:/Desktop/my_git/e203_zs/prj/sys_top_bd/sys_top_bd.gen/sources_1/bd/system_top/ip/system_top_mig_7series_0_1_1/system_top_mig_7series_0_1/system_top_mig_7series_0_1_in_context.xdc, line 103).
Applied set_property IO_BUFFER_TYPE = NONE for DDR3_dq[3]. (constraint file  e:/Desktop/my_git/e203_zs/prj/sys_top_bd/sys_top_bd.gen/sources_1/bd/system_top/ip/system_top_mig_7series_0_1_1/system_top_mig_7series_0_1/system_top_mig_7series_0_1_in_context.xdc, line 104).
Applied set_property CLOCK_BUFFER_TYPE = NONE for DDR3_dq[3]. (constraint file  e:/Desktop/my_git/e203_zs/prj/sys_top_bd/sys_top_bd.gen/sources_1/bd/system_top/ip/system_top_mig_7series_0_1_1/system_top_mig_7series_0_1/system_top_mig_7series_0_1_in_context.xdc, line 105).
Applied set_property IO_BUFFER_TYPE = NONE for DDR3_dq[4]. (constraint file  e:/Desktop/my_git/e203_zs/prj/sys_top_bd/sys_top_bd.gen/sources_1/bd/system_top/ip/system_top_mig_7series_0_1_1/system_top_mig_7series_0_1/system_top_mig_7series_0_1_in_context.xdc, line 106).
Applied set_property CLOCK_BUFFER_TYPE = NONE for DDR3_dq[4]. (constraint file  e:/Desktop/my_git/e203_zs/prj/sys_top_bd/sys_top_bd.gen/sources_1/bd/system_top/ip/system_top_mig_7series_0_1_1/system_top_mig_7series_0_1/system_top_mig_7series_0_1_in_context.xdc, line 107).
Applied set_property IO_BUFFER_TYPE = NONE for DDR3_dq[5]. (constraint file  e:/Desktop/my_git/e203_zs/prj/sys_top_bd/sys_top_bd.gen/sources_1/bd/system_top/ip/system_top_mig_7series_0_1_1/system_top_mig_7series_0_1/system_top_mig_7series_0_1_in_context.xdc, line 108).
Applied set_property CLOCK_BUFFER_TYPE = NONE for DDR3_dq[5]. (constraint file  e:/Desktop/my_git/e203_zs/prj/sys_top_bd/sys_top_bd.gen/sources_1/bd/system_top/ip/system_top_mig_7series_0_1_1/system_top_mig_7series_0_1/system_top_mig_7series_0_1_in_context.xdc, line 109).
Applied set_property IO_BUFFER_TYPE = NONE for DDR3_dq[6]. (constraint file  e:/Desktop/my_git/e203_zs/prj/sys_top_bd/sys_top_bd.gen/sources_1/bd/system_top/ip/system_top_mig_7series_0_1_1/system_top_mig_7series_0_1/system_top_mig_7series_0_1_in_context.xdc, line 110).
Applied set_property CLOCK_BUFFER_TYPE = NONE for DDR3_dq[6]. (constraint file  e:/Desktop/my_git/e203_zs/prj/sys_top_bd/sys_top_bd.gen/sources_1/bd/system_top/ip/system_top_mig_7series_0_1_1/system_top_mig_7series_0_1/system_top_mig_7series_0_1_in_context.xdc, line 111).
Applied set_property IO_BUFFER_TYPE = NONE for DDR3_dq[7]. (constraint file  e:/Desktop/my_git/e203_zs/prj/sys_top_bd/sys_top_bd.gen/sources_1/bd/system_top/ip/system_top_mig_7series_0_1_1/system_top_mig_7series_0_1/system_top_mig_7series_0_1_in_context.xdc, line 112).
Applied set_property CLOCK_BUFFER_TYPE = NONE for DDR3_dq[7]. (constraint file  e:/Desktop/my_git/e203_zs/prj/sys_top_bd/sys_top_bd.gen/sources_1/bd/system_top/ip/system_top_mig_7series_0_1_1/system_top_mig_7series_0_1/system_top_mig_7series_0_1_in_context.xdc, line 113).
Applied set_property IO_BUFFER_TYPE = NONE for DDR3_dq[8]. (constraint file  e:/Desktop/my_git/e203_zs/prj/sys_top_bd/sys_top_bd.gen/sources_1/bd/system_top/ip/system_top_mig_7series_0_1_1/system_top_mig_7series_0_1/system_top_mig_7series_0_1_in_context.xdc, line 114).
Applied set_property CLOCK_BUFFER_TYPE = NONE for DDR3_dq[8]. (constraint file  e:/Desktop/my_git/e203_zs/prj/sys_top_bd/sys_top_bd.gen/sources_1/bd/system_top/ip/system_top_mig_7series_0_1_1/system_top_mig_7series_0_1/system_top_mig_7series_0_1_in_context.xdc, line 115).
Applied set_property IO_BUFFER_TYPE = NONE for DDR3_dq[9]. (constraint file  e:/Desktop/my_git/e203_zs/prj/sys_top_bd/sys_top_bd.gen/sources_1/bd/system_top/ip/system_top_mig_7series_0_1_1/system_top_mig_7series_0_1/system_top_mig_7series_0_1_in_context.xdc, line 116).
Applied set_property CLOCK_BUFFER_TYPE = NONE for DDR3_dq[9]. (constraint file  e:/Desktop/my_git/e203_zs/prj/sys_top_bd/sys_top_bd.gen/sources_1/bd/system_top/ip/system_top_mig_7series_0_1_1/system_top_mig_7series_0_1/system_top_mig_7series_0_1_in_context.xdc, line 117).
Applied set_property IO_BUFFER_TYPE = NONE for DDR3_dqs_n[0]. (constraint file  e:/Desktop/my_git/e203_zs/prj/sys_top_bd/sys_top_bd.gen/sources_1/bd/system_top/ip/system_top_mig_7series_0_1_1/system_top_mig_7series_0_1/system_top_mig_7series_0_1_in_context.xdc, line 118).
Applied set_property CLOCK_BUFFER_TYPE = NONE for DDR3_dqs_n[0]. (constraint file  e:/Desktop/my_git/e203_zs/prj/sys_top_bd/sys_top_bd.gen/sources_1/bd/system_top/ip/system_top_mig_7series_0_1_1/system_top_mig_7series_0_1/system_top_mig_7series_0_1_in_context.xdc, line 119).
Applied set_property IO_BUFFER_TYPE = NONE for DDR3_dqs_n[1]. (constraint file  e:/Desktop/my_git/e203_zs/prj/sys_top_bd/sys_top_bd.gen/sources_1/bd/system_top/ip/system_top_mig_7series_0_1_1/system_top_mig_7series_0_1/system_top_mig_7series_0_1_in_context.xdc, line 120).
Applied set_property CLOCK_BUFFER_TYPE = NONE for DDR3_dqs_n[1]. (constraint file  e:/Desktop/my_git/e203_zs/prj/sys_top_bd/sys_top_bd.gen/sources_1/bd/system_top/ip/system_top_mig_7series_0_1_1/system_top_mig_7series_0_1/system_top_mig_7series_0_1_in_context.xdc, line 121).
Applied set_property IO_BUFFER_TYPE = NONE for DDR3_dqs_n[2]. (constraint file  e:/Desktop/my_git/e203_zs/prj/sys_top_bd/sys_top_bd.gen/sources_1/bd/system_top/ip/system_top_mig_7series_0_1_1/system_top_mig_7series_0_1/system_top_mig_7series_0_1_in_context.xdc, line 122).
Applied set_property CLOCK_BUFFER_TYPE = NONE for DDR3_dqs_n[2]. (constraint file  e:/Desktop/my_git/e203_zs/prj/sys_top_bd/sys_top_bd.gen/sources_1/bd/system_top/ip/system_top_mig_7series_0_1_1/system_top_mig_7series_0_1/system_top_mig_7series_0_1_in_context.xdc, line 123).
Applied set_property IO_BUFFER_TYPE = NONE for DDR3_dqs_n[3]. (constraint file  e:/Desktop/my_git/e203_zs/prj/sys_top_bd/sys_top_bd.gen/sources_1/bd/system_top/ip/system_top_mig_7series_0_1_1/system_top_mig_7series_0_1/system_top_mig_7series_0_1_in_context.xdc, line 124).
Applied set_property CLOCK_BUFFER_TYPE = NONE for DDR3_dqs_n[3]. (constraint file  e:/Desktop/my_git/e203_zs/prj/sys_top_bd/sys_top_bd.gen/sources_1/bd/system_top/ip/system_top_mig_7series_0_1_1/system_top_mig_7series_0_1/system_top_mig_7series_0_1_in_context.xdc, line 125).
Applied set_property IO_BUFFER_TYPE = NONE for DDR3_dqs_p[0]. (constraint file  e:/Desktop/my_git/e203_zs/prj/sys_top_bd/sys_top_bd.gen/sources_1/bd/system_top/ip/system_top_mig_7series_0_1_1/system_top_mig_7series_0_1/system_top_mig_7series_0_1_in_context.xdc, line 126).
Applied set_property CLOCK_BUFFER_TYPE = NONE for DDR3_dqs_p[0]. (constraint file  e:/Desktop/my_git/e203_zs/prj/sys_top_bd/sys_top_bd.gen/sources_1/bd/system_top/ip/system_top_mig_7series_0_1_1/system_top_mig_7series_0_1/system_top_mig_7series_0_1_in_context.xdc, line 127).
Applied set_property IO_BUFFER_TYPE = NONE for DDR3_dqs_p[1]. (constraint file  e:/Desktop/my_git/e203_zs/prj/sys_top_bd/sys_top_bd.gen/sources_1/bd/system_top/ip/system_top_mig_7series_0_1_1/system_top_mig_7series_0_1/system_top_mig_7series_0_1_in_context.xdc, line 128).
Applied set_property CLOCK_BUFFER_TYPE = NONE for DDR3_dqs_p[1]. (constraint file  e:/Desktop/my_git/e203_zs/prj/sys_top_bd/sys_top_bd.gen/sources_1/bd/system_top/ip/system_top_mig_7series_0_1_1/system_top_mig_7series_0_1/system_top_mig_7series_0_1_in_context.xdc, line 129).
Applied set_property IO_BUFFER_TYPE = NONE for DDR3_dqs_p[2]. (constraint file  e:/Desktop/my_git/e203_zs/prj/sys_top_bd/sys_top_bd.gen/sources_1/bd/system_top/ip/system_top_mig_7series_0_1_1/system_top_mig_7series_0_1/system_top_mig_7series_0_1_in_context.xdc, line 130).
Applied set_property CLOCK_BUFFER_TYPE = NONE for DDR3_dqs_p[2]. (constraint file  e:/Desktop/my_git/e203_zs/prj/sys_top_bd/sys_top_bd.gen/sources_1/bd/system_top/ip/system_top_mig_7series_0_1_1/system_top_mig_7series_0_1/system_top_mig_7series_0_1_in_context.xdc, line 131).
Applied set_property IO_BUFFER_TYPE = NONE for DDR3_dqs_p[3]. (constraint file  e:/Desktop/my_git/e203_zs/prj/sys_top_bd/sys_top_bd.gen/sources_1/bd/system_top/ip/system_top_mig_7series_0_1_1/system_top_mig_7series_0_1/system_top_mig_7series_0_1_in_context.xdc, line 132).
Applied set_property CLOCK_BUFFER_TYPE = NONE for DDR3_dqs_p[3]. (constraint file  e:/Desktop/my_git/e203_zs/prj/sys_top_bd/sys_top_bd.gen/sources_1/bd/system_top/ip/system_top_mig_7series_0_1_1/system_top_mig_7series_0_1/system_top_mig_7series_0_1_in_context.xdc, line 133).
Applied set_property IO_BUFFER_TYPE = NONE for DDR3_odt[0]. (constraint file  e:/Desktop/my_git/e203_zs/prj/sys_top_bd/sys_top_bd.gen/sources_1/bd/system_top/ip/system_top_mig_7series_0_1_1/system_top_mig_7series_0_1/system_top_mig_7series_0_1_in_context.xdc, line 134).
Applied set_property CLOCK_BUFFER_TYPE = NONE for DDR3_odt[0]. (constraint file  e:/Desktop/my_git/e203_zs/prj/sys_top_bd/sys_top_bd.gen/sources_1/bd/system_top/ip/system_top_mig_7series_0_1_1/system_top_mig_7series_0_1/system_top_mig_7series_0_1_in_context.xdc, line 135).
Applied set_property IO_BUFFER_TYPE = NONE for DDR3_ras_n. (constraint file  e:/Desktop/my_git/e203_zs/prj/sys_top_bd/sys_top_bd.gen/sources_1/bd/system_top/ip/system_top_mig_7series_0_1_1/system_top_mig_7series_0_1/system_top_mig_7series_0_1_in_context.xdc, line 136).
Applied set_property CLOCK_BUFFER_TYPE = NONE for DDR3_ras_n. (constraint file  e:/Desktop/my_git/e203_zs/prj/sys_top_bd/sys_top_bd.gen/sources_1/bd/system_top/ip/system_top_mig_7series_0_1_1/system_top_mig_7series_0_1/system_top_mig_7series_0_1_in_context.xdc, line 137).
Applied set_property IO_BUFFER_TYPE = NONE for DDR3_reset_n. (constraint file  e:/Desktop/my_git/e203_zs/prj/sys_top_bd/sys_top_bd.gen/sources_1/bd/system_top/ip/system_top_mig_7series_0_1_1/system_top_mig_7series_0_1/system_top_mig_7series_0_1_in_context.xdc, line 138).
Applied set_property CLOCK_BUFFER_TYPE = NONE for DDR3_reset_n. (constraint file  e:/Desktop/my_git/e203_zs/prj/sys_top_bd/sys_top_bd.gen/sources_1/bd/system_top/ip/system_top_mig_7series_0_1_1/system_top_mig_7series_0_1/system_top_mig_7series_0_1_in_context.xdc, line 139).
Applied set_property IO_BUFFER_TYPE = NONE for DDR3_we_n. (constraint file  e:/Desktop/my_git/e203_zs/prj/sys_top_bd/sys_top_bd.gen/sources_1/bd/system_top/ip/system_top_mig_7series_0_1_1/system_top_mig_7series_0_1/system_top_mig_7series_0_1_in_context.xdc, line 140).
Applied set_property CLOCK_BUFFER_TYPE = NONE for DDR3_we_n. (constraint file  e:/Desktop/my_git/e203_zs/prj/sys_top_bd/sys_top_bd.gen/sources_1/bd/system_top/ip/system_top_mig_7series_0_1_1/system_top_mig_7series_0_1/system_top_mig_7series_0_1_in_context.xdc, line 141).
Applied set_property IO_BUFFER_TYPE = NONE for gpioA[0]. (constraint file  e:/Desktop/my_git/e203_zs/prj/sys_top_bd/sys_top_bd.gen/sources_1/bd/system_top/ip/system_top_system_e203_0_0_1/system_top_system_e203_0_0/system_top_system_e203_0_0_in_context.xdc, line 1).
Applied set_property CLOCK_BUFFER_TYPE = NONE for gpioA[0]. (constraint file  e:/Desktop/my_git/e203_zs/prj/sys_top_bd/sys_top_bd.gen/sources_1/bd/system_top/ip/system_top_system_e203_0_0_1/system_top_system_e203_0_0/system_top_system_e203_0_0_in_context.xdc, line 2).
Applied set_property IO_BUFFER_TYPE = NONE for gpioA[10]. (constraint file  e:/Desktop/my_git/e203_zs/prj/sys_top_bd/sys_top_bd.gen/sources_1/bd/system_top/ip/system_top_system_e203_0_0_1/system_top_system_e203_0_0/system_top_system_e203_0_0_in_context.xdc, line 3).
Applied set_property CLOCK_BUFFER_TYPE = NONE for gpioA[10]. (constraint file  e:/Desktop/my_git/e203_zs/prj/sys_top_bd/sys_top_bd.gen/sources_1/bd/system_top/ip/system_top_system_e203_0_0_1/system_top_system_e203_0_0/system_top_system_e203_0_0_in_context.xdc, line 4).
Applied set_property IO_BUFFER_TYPE = NONE for gpioA[11]. (constraint file  e:/Desktop/my_git/e203_zs/prj/sys_top_bd/sys_top_bd.gen/sources_1/bd/system_top/ip/system_top_system_e203_0_0_1/system_top_system_e203_0_0/system_top_system_e203_0_0_in_context.xdc, line 5).
Applied set_property CLOCK_BUFFER_TYPE = NONE for gpioA[11]. (constraint file  e:/Desktop/my_git/e203_zs/prj/sys_top_bd/sys_top_bd.gen/sources_1/bd/system_top/ip/system_top_system_e203_0_0_1/system_top_system_e203_0_0/system_top_system_e203_0_0_in_context.xdc, line 6).
Applied set_property IO_BUFFER_TYPE = NONE for gpioA[12]. (constraint file  e:/Desktop/my_git/e203_zs/prj/sys_top_bd/sys_top_bd.gen/sources_1/bd/system_top/ip/system_top_system_e203_0_0_1/system_top_system_e203_0_0/system_top_system_e203_0_0_in_context.xdc, line 7).
Applied set_property CLOCK_BUFFER_TYPE = NONE for gpioA[12]. (constraint file  e:/Desktop/my_git/e203_zs/prj/sys_top_bd/sys_top_bd.gen/sources_1/bd/system_top/ip/system_top_system_e203_0_0_1/system_top_system_e203_0_0/system_top_system_e203_0_0_in_context.xdc, line 8).
Applied set_property IO_BUFFER_TYPE = NONE for gpioA[13]. (constraint file  e:/Desktop/my_git/e203_zs/prj/sys_top_bd/sys_top_bd.gen/sources_1/bd/system_top/ip/system_top_system_e203_0_0_1/system_top_system_e203_0_0/system_top_system_e203_0_0_in_context.xdc, line 9).
Applied set_property CLOCK_BUFFER_TYPE = NONE for gpioA[13]. (constraint file  e:/Desktop/my_git/e203_zs/prj/sys_top_bd/sys_top_bd.gen/sources_1/bd/system_top/ip/system_top_system_e203_0_0_1/system_top_system_e203_0_0/system_top_system_e203_0_0_in_context.xdc, line 10).
Applied set_property IO_BUFFER_TYPE = NONE for gpioA[14]. (constraint file  e:/Desktop/my_git/e203_zs/prj/sys_top_bd/sys_top_bd.gen/sources_1/bd/system_top/ip/system_top_system_e203_0_0_1/system_top_system_e203_0_0/system_top_system_e203_0_0_in_context.xdc, line 11).
Applied set_property CLOCK_BUFFER_TYPE = NONE for gpioA[14]. (constraint file  e:/Desktop/my_git/e203_zs/prj/sys_top_bd/sys_top_bd.gen/sources_1/bd/system_top/ip/system_top_system_e203_0_0_1/system_top_system_e203_0_0/system_top_system_e203_0_0_in_context.xdc, line 12).
Applied set_property IO_BUFFER_TYPE = NONE for gpioA[15]. (constraint file  e:/Desktop/my_git/e203_zs/prj/sys_top_bd/sys_top_bd.gen/sources_1/bd/system_top/ip/system_top_system_e203_0_0_1/system_top_system_e203_0_0/system_top_system_e203_0_0_in_context.xdc, line 13).
Applied set_property CLOCK_BUFFER_TYPE = NONE for gpioA[15]. (constraint file  e:/Desktop/my_git/e203_zs/prj/sys_top_bd/sys_top_bd.gen/sources_1/bd/system_top/ip/system_top_system_e203_0_0_1/system_top_system_e203_0_0/system_top_system_e203_0_0_in_context.xdc, line 14).
Applied set_property IO_BUFFER_TYPE = NONE for gpioA[16]. (constraint file  e:/Desktop/my_git/e203_zs/prj/sys_top_bd/sys_top_bd.gen/sources_1/bd/system_top/ip/system_top_system_e203_0_0_1/system_top_system_e203_0_0/system_top_system_e203_0_0_in_context.xdc, line 15).
Applied set_property CLOCK_BUFFER_TYPE = NONE for gpioA[16]. (constraint file  e:/Desktop/my_git/e203_zs/prj/sys_top_bd/sys_top_bd.gen/sources_1/bd/system_top/ip/system_top_system_e203_0_0_1/system_top_system_e203_0_0/system_top_system_e203_0_0_in_context.xdc, line 16).
Applied set_property IO_BUFFER_TYPE = NONE for gpioA[17]. (constraint file  e:/Desktop/my_git/e203_zs/prj/sys_top_bd/sys_top_bd.gen/sources_1/bd/system_top/ip/system_top_system_e203_0_0_1/system_top_system_e203_0_0/system_top_system_e203_0_0_in_context.xdc, line 17).
Applied set_property CLOCK_BUFFER_TYPE = NONE for gpioA[17]. (constraint file  e:/Desktop/my_git/e203_zs/prj/sys_top_bd/sys_top_bd.gen/sources_1/bd/system_top/ip/system_top_system_e203_0_0_1/system_top_system_e203_0_0/system_top_system_e203_0_0_in_context.xdc, line 18).
Applied set_property IO_BUFFER_TYPE = NONE for gpioA[18]. (constraint file  e:/Desktop/my_git/e203_zs/prj/sys_top_bd/sys_top_bd.gen/sources_1/bd/system_top/ip/system_top_system_e203_0_0_1/system_top_system_e203_0_0/system_top_system_e203_0_0_in_context.xdc, line 19).
Applied set_property CLOCK_BUFFER_TYPE = NONE for gpioA[18]. (constraint file  e:/Desktop/my_git/e203_zs/prj/sys_top_bd/sys_top_bd.gen/sources_1/bd/system_top/ip/system_top_system_e203_0_0_1/system_top_system_e203_0_0/system_top_system_e203_0_0_in_context.xdc, line 20).
Applied set_property IO_BUFFER_TYPE = NONE for gpioA[19]. (constraint file  e:/Desktop/my_git/e203_zs/prj/sys_top_bd/sys_top_bd.gen/sources_1/bd/system_top/ip/system_top_system_e203_0_0_1/system_top_system_e203_0_0/system_top_system_e203_0_0_in_context.xdc, line 21).
Applied set_property CLOCK_BUFFER_TYPE = NONE for gpioA[19]. (constraint file  e:/Desktop/my_git/e203_zs/prj/sys_top_bd/sys_top_bd.gen/sources_1/bd/system_top/ip/system_top_system_e203_0_0_1/system_top_system_e203_0_0/system_top_system_e203_0_0_in_context.xdc, line 22).
Applied set_property IO_BUFFER_TYPE = NONE for gpioA[1]. (constraint file  e:/Desktop/my_git/e203_zs/prj/sys_top_bd/sys_top_bd.gen/sources_1/bd/system_top/ip/system_top_system_e203_0_0_1/system_top_system_e203_0_0/system_top_system_e203_0_0_in_context.xdc, line 23).
Applied set_property CLOCK_BUFFER_TYPE = NONE for gpioA[1]. (constraint file  e:/Desktop/my_git/e203_zs/prj/sys_top_bd/sys_top_bd.gen/sources_1/bd/system_top/ip/system_top_system_e203_0_0_1/system_top_system_e203_0_0/system_top_system_e203_0_0_in_context.xdc, line 24).
Applied set_property IO_BUFFER_TYPE = NONE for gpioA[20]. (constraint file  e:/Desktop/my_git/e203_zs/prj/sys_top_bd/sys_top_bd.gen/sources_1/bd/system_top/ip/system_top_system_e203_0_0_1/system_top_system_e203_0_0/system_top_system_e203_0_0_in_context.xdc, line 25).
Applied set_property CLOCK_BUFFER_TYPE = NONE for gpioA[20]. (constraint file  e:/Desktop/my_git/e203_zs/prj/sys_top_bd/sys_top_bd.gen/sources_1/bd/system_top/ip/system_top_system_e203_0_0_1/system_top_system_e203_0_0/system_top_system_e203_0_0_in_context.xdc, line 26).
Applied set_property IO_BUFFER_TYPE = NONE for gpioA[21]. (constraint file  e:/Desktop/my_git/e203_zs/prj/sys_top_bd/sys_top_bd.gen/sources_1/bd/system_top/ip/system_top_system_e203_0_0_1/system_top_system_e203_0_0/system_top_system_e203_0_0_in_context.xdc, line 27).
Applied set_property CLOCK_BUFFER_TYPE = NONE for gpioA[21]. (constraint file  e:/Desktop/my_git/e203_zs/prj/sys_top_bd/sys_top_bd.gen/sources_1/bd/system_top/ip/system_top_system_e203_0_0_1/system_top_system_e203_0_0/system_top_system_e203_0_0_in_context.xdc, line 28).
Applied set_property IO_BUFFER_TYPE = NONE for gpioA[22]. (constraint file  e:/Desktop/my_git/e203_zs/prj/sys_top_bd/sys_top_bd.gen/sources_1/bd/system_top/ip/system_top_system_e203_0_0_1/system_top_system_e203_0_0/system_top_system_e203_0_0_in_context.xdc, line 29).
Applied set_property CLOCK_BUFFER_TYPE = NONE for gpioA[22]. (constraint file  e:/Desktop/my_git/e203_zs/prj/sys_top_bd/sys_top_bd.gen/sources_1/bd/system_top/ip/system_top_system_e203_0_0_1/system_top_system_e203_0_0/system_top_system_e203_0_0_in_context.xdc, line 30).
Applied set_property IO_BUFFER_TYPE = NONE for gpioA[23]. (constraint file  e:/Desktop/my_git/e203_zs/prj/sys_top_bd/sys_top_bd.gen/sources_1/bd/system_top/ip/system_top_system_e203_0_0_1/system_top_system_e203_0_0/system_top_system_e203_0_0_in_context.xdc, line 31).
Applied set_property CLOCK_BUFFER_TYPE = NONE for gpioA[23]. (constraint file  e:/Desktop/my_git/e203_zs/prj/sys_top_bd/sys_top_bd.gen/sources_1/bd/system_top/ip/system_top_system_e203_0_0_1/system_top_system_e203_0_0/system_top_system_e203_0_0_in_context.xdc, line 32).
Applied set_property IO_BUFFER_TYPE = NONE for gpioA[24]. (constraint file  e:/Desktop/my_git/e203_zs/prj/sys_top_bd/sys_top_bd.gen/sources_1/bd/system_top/ip/system_top_system_e203_0_0_1/system_top_system_e203_0_0/system_top_system_e203_0_0_in_context.xdc, line 33).
Applied set_property CLOCK_BUFFER_TYPE = NONE for gpioA[24]. (constraint file  e:/Desktop/my_git/e203_zs/prj/sys_top_bd/sys_top_bd.gen/sources_1/bd/system_top/ip/system_top_system_e203_0_0_1/system_top_system_e203_0_0/system_top_system_e203_0_0_in_context.xdc, line 34).
Applied set_property IO_BUFFER_TYPE = NONE for gpioA[25]. (constraint file  e:/Desktop/my_git/e203_zs/prj/sys_top_bd/sys_top_bd.gen/sources_1/bd/system_top/ip/system_top_system_e203_0_0_1/system_top_system_e203_0_0/system_top_system_e203_0_0_in_context.xdc, line 35).
Applied set_property CLOCK_BUFFER_TYPE = NONE for gpioA[25]. (constraint file  e:/Desktop/my_git/e203_zs/prj/sys_top_bd/sys_top_bd.gen/sources_1/bd/system_top/ip/system_top_system_e203_0_0_1/system_top_system_e203_0_0/system_top_system_e203_0_0_in_context.xdc, line 36).
Applied set_property IO_BUFFER_TYPE = NONE for gpioA[26]. (constraint file  e:/Desktop/my_git/e203_zs/prj/sys_top_bd/sys_top_bd.gen/sources_1/bd/system_top/ip/system_top_system_e203_0_0_1/system_top_system_e203_0_0/system_top_system_e203_0_0_in_context.xdc, line 37).
Applied set_property CLOCK_BUFFER_TYPE = NONE for gpioA[26]. (constraint file  e:/Desktop/my_git/e203_zs/prj/sys_top_bd/sys_top_bd.gen/sources_1/bd/system_top/ip/system_top_system_e203_0_0_1/system_top_system_e203_0_0/system_top_system_e203_0_0_in_context.xdc, line 38).
Applied set_property IO_BUFFER_TYPE = NONE for gpioA[27]. (constraint file  e:/Desktop/my_git/e203_zs/prj/sys_top_bd/sys_top_bd.gen/sources_1/bd/system_top/ip/system_top_system_e203_0_0_1/system_top_system_e203_0_0/system_top_system_e203_0_0_in_context.xdc, line 39).
Applied set_property CLOCK_BUFFER_TYPE = NONE for gpioA[27]. (constraint file  e:/Desktop/my_git/e203_zs/prj/sys_top_bd/sys_top_bd.gen/sources_1/bd/system_top/ip/system_top_system_e203_0_0_1/system_top_system_e203_0_0/system_top_system_e203_0_0_in_context.xdc, line 40).
Applied set_property IO_BUFFER_TYPE = NONE for gpioA[28]. (constraint file  e:/Desktop/my_git/e203_zs/prj/sys_top_bd/sys_top_bd.gen/sources_1/bd/system_top/ip/system_top_system_e203_0_0_1/system_top_system_e203_0_0/system_top_system_e203_0_0_in_context.xdc, line 41).
Applied set_property CLOCK_BUFFER_TYPE = NONE for gpioA[28]. (constraint file  e:/Desktop/my_git/e203_zs/prj/sys_top_bd/sys_top_bd.gen/sources_1/bd/system_top/ip/system_top_system_e203_0_0_1/system_top_system_e203_0_0/system_top_system_e203_0_0_in_context.xdc, line 42).
Applied set_property IO_BUFFER_TYPE = NONE for gpioA[29]. (constraint file  e:/Desktop/my_git/e203_zs/prj/sys_top_bd/sys_top_bd.gen/sources_1/bd/system_top/ip/system_top_system_e203_0_0_1/system_top_system_e203_0_0/system_top_system_e203_0_0_in_context.xdc, line 43).
Applied set_property CLOCK_BUFFER_TYPE = NONE for gpioA[29]. (constraint file  e:/Desktop/my_git/e203_zs/prj/sys_top_bd/sys_top_bd.gen/sources_1/bd/system_top/ip/system_top_system_e203_0_0_1/system_top_system_e203_0_0/system_top_system_e203_0_0_in_context.xdc, line 44).
Applied set_property IO_BUFFER_TYPE = NONE for gpioA[2]. (constraint file  e:/Desktop/my_git/e203_zs/prj/sys_top_bd/sys_top_bd.gen/sources_1/bd/system_top/ip/system_top_system_e203_0_0_1/system_top_system_e203_0_0/system_top_system_e203_0_0_in_context.xdc, line 45).
Applied set_property CLOCK_BUFFER_TYPE = NONE for gpioA[2]. (constraint file  e:/Desktop/my_git/e203_zs/prj/sys_top_bd/sys_top_bd.gen/sources_1/bd/system_top/ip/system_top_system_e203_0_0_1/system_top_system_e203_0_0/system_top_system_e203_0_0_in_context.xdc, line 46).
Applied set_property IO_BUFFER_TYPE = NONE for gpioA[30]. (constraint file  e:/Desktop/my_git/e203_zs/prj/sys_top_bd/sys_top_bd.gen/sources_1/bd/system_top/ip/system_top_system_e203_0_0_1/system_top_system_e203_0_0/system_top_system_e203_0_0_in_context.xdc, line 47).
Applied set_property CLOCK_BUFFER_TYPE = NONE for gpioA[30]. (constraint file  e:/Desktop/my_git/e203_zs/prj/sys_top_bd/sys_top_bd.gen/sources_1/bd/system_top/ip/system_top_system_e203_0_0_1/system_top_system_e203_0_0/system_top_system_e203_0_0_in_context.xdc, line 48).
Applied set_property IO_BUFFER_TYPE = NONE for gpioA[31]. (constraint file  e:/Desktop/my_git/e203_zs/prj/sys_top_bd/sys_top_bd.gen/sources_1/bd/system_top/ip/system_top_system_e203_0_0_1/system_top_system_e203_0_0/system_top_system_e203_0_0_in_context.xdc, line 49).
Applied set_property CLOCK_BUFFER_TYPE = NONE for gpioA[31]. (constraint file  e:/Desktop/my_git/e203_zs/prj/sys_top_bd/sys_top_bd.gen/sources_1/bd/system_top/ip/system_top_system_e203_0_0_1/system_top_system_e203_0_0/system_top_system_e203_0_0_in_context.xdc, line 50).
Applied set_property IO_BUFFER_TYPE = NONE for gpioA[3]. (constraint file  e:/Desktop/my_git/e203_zs/prj/sys_top_bd/sys_top_bd.gen/sources_1/bd/system_top/ip/system_top_system_e203_0_0_1/system_top_system_e203_0_0/system_top_system_e203_0_0_in_context.xdc, line 51).
Applied set_property CLOCK_BUFFER_TYPE = NONE for gpioA[3]. (constraint file  e:/Desktop/my_git/e203_zs/prj/sys_top_bd/sys_top_bd.gen/sources_1/bd/system_top/ip/system_top_system_e203_0_0_1/system_top_system_e203_0_0/system_top_system_e203_0_0_in_context.xdc, line 52).
Applied set_property IO_BUFFER_TYPE = NONE for gpioA[4]. (constraint file  e:/Desktop/my_git/e203_zs/prj/sys_top_bd/sys_top_bd.gen/sources_1/bd/system_top/ip/system_top_system_e203_0_0_1/system_top_system_e203_0_0/system_top_system_e203_0_0_in_context.xdc, line 53).
Applied set_property CLOCK_BUFFER_TYPE = NONE for gpioA[4]. (constraint file  e:/Desktop/my_git/e203_zs/prj/sys_top_bd/sys_top_bd.gen/sources_1/bd/system_top/ip/system_top_system_e203_0_0_1/system_top_system_e203_0_0/system_top_system_e203_0_0_in_context.xdc, line 54).
Applied set_property IO_BUFFER_TYPE = NONE for gpioA[5]. (constraint file  e:/Desktop/my_git/e203_zs/prj/sys_top_bd/sys_top_bd.gen/sources_1/bd/system_top/ip/system_top_system_e203_0_0_1/system_top_system_e203_0_0/system_top_system_e203_0_0_in_context.xdc, line 55).
Applied set_property CLOCK_BUFFER_TYPE = NONE for gpioA[5]. (constraint file  e:/Desktop/my_git/e203_zs/prj/sys_top_bd/sys_top_bd.gen/sources_1/bd/system_top/ip/system_top_system_e203_0_0_1/system_top_system_e203_0_0/system_top_system_e203_0_0_in_context.xdc, line 56).
Applied set_property IO_BUFFER_TYPE = NONE for gpioA[6]. (constraint file  e:/Desktop/my_git/e203_zs/prj/sys_top_bd/sys_top_bd.gen/sources_1/bd/system_top/ip/system_top_system_e203_0_0_1/system_top_system_e203_0_0/system_top_system_e203_0_0_in_context.xdc, line 57).
Applied set_property CLOCK_BUFFER_TYPE = NONE for gpioA[6]. (constraint file  e:/Desktop/my_git/e203_zs/prj/sys_top_bd/sys_top_bd.gen/sources_1/bd/system_top/ip/system_top_system_e203_0_0_1/system_top_system_e203_0_0/system_top_system_e203_0_0_in_context.xdc, line 58).
Applied set_property IO_BUFFER_TYPE = NONE for gpioA[7]. (constraint file  e:/Desktop/my_git/e203_zs/prj/sys_top_bd/sys_top_bd.gen/sources_1/bd/system_top/ip/system_top_system_e203_0_0_1/system_top_system_e203_0_0/system_top_system_e203_0_0_in_context.xdc, line 59).
Applied set_property CLOCK_BUFFER_TYPE = NONE for gpioA[7]. (constraint file  e:/Desktop/my_git/e203_zs/prj/sys_top_bd/sys_top_bd.gen/sources_1/bd/system_top/ip/system_top_system_e203_0_0_1/system_top_system_e203_0_0/system_top_system_e203_0_0_in_context.xdc, line 60).
Applied set_property IO_BUFFER_TYPE = NONE for gpioA[8]. (constraint file  e:/Desktop/my_git/e203_zs/prj/sys_top_bd/sys_top_bd.gen/sources_1/bd/system_top/ip/system_top_system_e203_0_0_1/system_top_system_e203_0_0/system_top_system_e203_0_0_in_context.xdc, line 61).
Applied set_property CLOCK_BUFFER_TYPE = NONE for gpioA[8]. (constraint file  e:/Desktop/my_git/e203_zs/prj/sys_top_bd/sys_top_bd.gen/sources_1/bd/system_top/ip/system_top_system_e203_0_0_1/system_top_system_e203_0_0/system_top_system_e203_0_0_in_context.xdc, line 62).
Applied set_property IO_BUFFER_TYPE = NONE for gpioA[9]. (constraint file  e:/Desktop/my_git/e203_zs/prj/sys_top_bd/sys_top_bd.gen/sources_1/bd/system_top/ip/system_top_system_e203_0_0_1/system_top_system_e203_0_0/system_top_system_e203_0_0_in_context.xdc, line 63).
Applied set_property CLOCK_BUFFER_TYPE = NONE for gpioA[9]. (constraint file  e:/Desktop/my_git/e203_zs/prj/sys_top_bd/sys_top_bd.gen/sources_1/bd/system_top/ip/system_top_system_e203_0_0_1/system_top_system_e203_0_0/system_top_system_e203_0_0_in_context.xdc, line 64).
Applied set_property IO_BUFFER_TYPE = NONE for gpioB[0]. (constraint file  e:/Desktop/my_git/e203_zs/prj/sys_top_bd/sys_top_bd.gen/sources_1/bd/system_top/ip/system_top_system_e203_0_0_1/system_top_system_e203_0_0/system_top_system_e203_0_0_in_context.xdc, line 65).
Applied set_property CLOCK_BUFFER_TYPE = NONE for gpioB[0]. (constraint file  e:/Desktop/my_git/e203_zs/prj/sys_top_bd/sys_top_bd.gen/sources_1/bd/system_top/ip/system_top_system_e203_0_0_1/system_top_system_e203_0_0/system_top_system_e203_0_0_in_context.xdc, line 66).
Applied set_property IO_BUFFER_TYPE = NONE for gpioB[10]. (constraint file  e:/Desktop/my_git/e203_zs/prj/sys_top_bd/sys_top_bd.gen/sources_1/bd/system_top/ip/system_top_system_e203_0_0_1/system_top_system_e203_0_0/system_top_system_e203_0_0_in_context.xdc, line 67).
Applied set_property CLOCK_BUFFER_TYPE = NONE for gpioB[10]. (constraint file  e:/Desktop/my_git/e203_zs/prj/sys_top_bd/sys_top_bd.gen/sources_1/bd/system_top/ip/system_top_system_e203_0_0_1/system_top_system_e203_0_0/system_top_system_e203_0_0_in_context.xdc, line 68).
Applied set_property IO_BUFFER_TYPE = NONE for gpioB[11]. (constraint file  e:/Desktop/my_git/e203_zs/prj/sys_top_bd/sys_top_bd.gen/sources_1/bd/system_top/ip/system_top_system_e203_0_0_1/system_top_system_e203_0_0/system_top_system_e203_0_0_in_context.xdc, line 69).
Applied set_property CLOCK_BUFFER_TYPE = NONE for gpioB[11]. (constraint file  e:/Desktop/my_git/e203_zs/prj/sys_top_bd/sys_top_bd.gen/sources_1/bd/system_top/ip/system_top_system_e203_0_0_1/system_top_system_e203_0_0/system_top_system_e203_0_0_in_context.xdc, line 70).
Applied set_property IO_BUFFER_TYPE = NONE for gpioB[12]. (constraint file  e:/Desktop/my_git/e203_zs/prj/sys_top_bd/sys_top_bd.gen/sources_1/bd/system_top/ip/system_top_system_e203_0_0_1/system_top_system_e203_0_0/system_top_system_e203_0_0_in_context.xdc, line 71).
Applied set_property CLOCK_BUFFER_TYPE = NONE for gpioB[12]. (constraint file  e:/Desktop/my_git/e203_zs/prj/sys_top_bd/sys_top_bd.gen/sources_1/bd/system_top/ip/system_top_system_e203_0_0_1/system_top_system_e203_0_0/system_top_system_e203_0_0_in_context.xdc, line 72).
Applied set_property IO_BUFFER_TYPE = NONE for gpioB[13]. (constraint file  e:/Desktop/my_git/e203_zs/prj/sys_top_bd/sys_top_bd.gen/sources_1/bd/system_top/ip/system_top_system_e203_0_0_1/system_top_system_e203_0_0/system_top_system_e203_0_0_in_context.xdc, line 73).
Applied set_property CLOCK_BUFFER_TYPE = NONE for gpioB[13]. (constraint file  e:/Desktop/my_git/e203_zs/prj/sys_top_bd/sys_top_bd.gen/sources_1/bd/system_top/ip/system_top_system_e203_0_0_1/system_top_system_e203_0_0/system_top_system_e203_0_0_in_context.xdc, line 74).
Applied set_property IO_BUFFER_TYPE = NONE for gpioB[14]. (constraint file  e:/Desktop/my_git/e203_zs/prj/sys_top_bd/sys_top_bd.gen/sources_1/bd/system_top/ip/system_top_system_e203_0_0_1/system_top_system_e203_0_0/system_top_system_e203_0_0_in_context.xdc, line 75).
Applied set_property CLOCK_BUFFER_TYPE = NONE for gpioB[14]. (constraint file  e:/Desktop/my_git/e203_zs/prj/sys_top_bd/sys_top_bd.gen/sources_1/bd/system_top/ip/system_top_system_e203_0_0_1/system_top_system_e203_0_0/system_top_system_e203_0_0_in_context.xdc, line 76).
Applied set_property IO_BUFFER_TYPE = NONE for gpioB[15]. (constraint file  e:/Desktop/my_git/e203_zs/prj/sys_top_bd/sys_top_bd.gen/sources_1/bd/system_top/ip/system_top_system_e203_0_0_1/system_top_system_e203_0_0/system_top_system_e203_0_0_in_context.xdc, line 77).
Applied set_property CLOCK_BUFFER_TYPE = NONE for gpioB[15]. (constraint file  e:/Desktop/my_git/e203_zs/prj/sys_top_bd/sys_top_bd.gen/sources_1/bd/system_top/ip/system_top_system_e203_0_0_1/system_top_system_e203_0_0/system_top_system_e203_0_0_in_context.xdc, line 78).
Applied set_property IO_BUFFER_TYPE = NONE for gpioB[16]. (constraint file  e:/Desktop/my_git/e203_zs/prj/sys_top_bd/sys_top_bd.gen/sources_1/bd/system_top/ip/system_top_system_e203_0_0_1/system_top_system_e203_0_0/system_top_system_e203_0_0_in_context.xdc, line 79).
Applied set_property CLOCK_BUFFER_TYPE = NONE for gpioB[16]. (constraint file  e:/Desktop/my_git/e203_zs/prj/sys_top_bd/sys_top_bd.gen/sources_1/bd/system_top/ip/system_top_system_e203_0_0_1/system_top_system_e203_0_0/system_top_system_e203_0_0_in_context.xdc, line 80).
Applied set_property IO_BUFFER_TYPE = NONE for gpioB[17]. (constraint file  e:/Desktop/my_git/e203_zs/prj/sys_top_bd/sys_top_bd.gen/sources_1/bd/system_top/ip/system_top_system_e203_0_0_1/system_top_system_e203_0_0/system_top_system_e203_0_0_in_context.xdc, line 81).
Applied set_property CLOCK_BUFFER_TYPE = NONE for gpioB[17]. (constraint file  e:/Desktop/my_git/e203_zs/prj/sys_top_bd/sys_top_bd.gen/sources_1/bd/system_top/ip/system_top_system_e203_0_0_1/system_top_system_e203_0_0/system_top_system_e203_0_0_in_context.xdc, line 82).
Applied set_property IO_BUFFER_TYPE = NONE for gpioB[18]. (constraint file  e:/Desktop/my_git/e203_zs/prj/sys_top_bd/sys_top_bd.gen/sources_1/bd/system_top/ip/system_top_system_e203_0_0_1/system_top_system_e203_0_0/system_top_system_e203_0_0_in_context.xdc, line 83).
Applied set_property CLOCK_BUFFER_TYPE = NONE for gpioB[18]. (constraint file  e:/Desktop/my_git/e203_zs/prj/sys_top_bd/sys_top_bd.gen/sources_1/bd/system_top/ip/system_top_system_e203_0_0_1/system_top_system_e203_0_0/system_top_system_e203_0_0_in_context.xdc, line 84).
Applied set_property IO_BUFFER_TYPE = NONE for gpioB[19]. (constraint file  e:/Desktop/my_git/e203_zs/prj/sys_top_bd/sys_top_bd.gen/sources_1/bd/system_top/ip/system_top_system_e203_0_0_1/system_top_system_e203_0_0/system_top_system_e203_0_0_in_context.xdc, line 85).
Applied set_property CLOCK_BUFFER_TYPE = NONE for gpioB[19]. (constraint file  e:/Desktop/my_git/e203_zs/prj/sys_top_bd/sys_top_bd.gen/sources_1/bd/system_top/ip/system_top_system_e203_0_0_1/system_top_system_e203_0_0/system_top_system_e203_0_0_in_context.xdc, line 86).
Applied set_property IO_BUFFER_TYPE = NONE for gpioB[1]. (constraint file  e:/Desktop/my_git/e203_zs/prj/sys_top_bd/sys_top_bd.gen/sources_1/bd/system_top/ip/system_top_system_e203_0_0_1/system_top_system_e203_0_0/system_top_system_e203_0_0_in_context.xdc, line 87).
Applied set_property CLOCK_BUFFER_TYPE = NONE for gpioB[1]. (constraint file  e:/Desktop/my_git/e203_zs/prj/sys_top_bd/sys_top_bd.gen/sources_1/bd/system_top/ip/system_top_system_e203_0_0_1/system_top_system_e203_0_0/system_top_system_e203_0_0_in_context.xdc, line 88).
Applied set_property IO_BUFFER_TYPE = NONE for gpioB[20]. (constraint file  e:/Desktop/my_git/e203_zs/prj/sys_top_bd/sys_top_bd.gen/sources_1/bd/system_top/ip/system_top_system_e203_0_0_1/system_top_system_e203_0_0/system_top_system_e203_0_0_in_context.xdc, line 89).
Applied set_property CLOCK_BUFFER_TYPE = NONE for gpioB[20]. (constraint file  e:/Desktop/my_git/e203_zs/prj/sys_top_bd/sys_top_bd.gen/sources_1/bd/system_top/ip/system_top_system_e203_0_0_1/system_top_system_e203_0_0/system_top_system_e203_0_0_in_context.xdc, line 90).
Applied set_property IO_BUFFER_TYPE = NONE for gpioB[21]. (constraint file  e:/Desktop/my_git/e203_zs/prj/sys_top_bd/sys_top_bd.gen/sources_1/bd/system_top/ip/system_top_system_e203_0_0_1/system_top_system_e203_0_0/system_top_system_e203_0_0_in_context.xdc, line 91).
Applied set_property CLOCK_BUFFER_TYPE = NONE for gpioB[21]. (constraint file  e:/Desktop/my_git/e203_zs/prj/sys_top_bd/sys_top_bd.gen/sources_1/bd/system_top/ip/system_top_system_e203_0_0_1/system_top_system_e203_0_0/system_top_system_e203_0_0_in_context.xdc, line 92).
Applied set_property IO_BUFFER_TYPE = NONE for gpioB[22]. (constraint file  e:/Desktop/my_git/e203_zs/prj/sys_top_bd/sys_top_bd.gen/sources_1/bd/system_top/ip/system_top_system_e203_0_0_1/system_top_system_e203_0_0/system_top_system_e203_0_0_in_context.xdc, line 93).
Applied set_property CLOCK_BUFFER_TYPE = NONE for gpioB[22]. (constraint file  e:/Desktop/my_git/e203_zs/prj/sys_top_bd/sys_top_bd.gen/sources_1/bd/system_top/ip/system_top_system_e203_0_0_1/system_top_system_e203_0_0/system_top_system_e203_0_0_in_context.xdc, line 94).
Applied set_property IO_BUFFER_TYPE = NONE for gpioB[23]. (constraint file  e:/Desktop/my_git/e203_zs/prj/sys_top_bd/sys_top_bd.gen/sources_1/bd/system_top/ip/system_top_system_e203_0_0_1/system_top_system_e203_0_0/system_top_system_e203_0_0_in_context.xdc, line 95).
Applied set_property CLOCK_BUFFER_TYPE = NONE for gpioB[23]. (constraint file  e:/Desktop/my_git/e203_zs/prj/sys_top_bd/sys_top_bd.gen/sources_1/bd/system_top/ip/system_top_system_e203_0_0_1/system_top_system_e203_0_0/system_top_system_e203_0_0_in_context.xdc, line 96).
Applied set_property IO_BUFFER_TYPE = NONE for gpioB[24]. (constraint file  e:/Desktop/my_git/e203_zs/prj/sys_top_bd/sys_top_bd.gen/sources_1/bd/system_top/ip/system_top_system_e203_0_0_1/system_top_system_e203_0_0/system_top_system_e203_0_0_in_context.xdc, line 97).
Applied set_property CLOCK_BUFFER_TYPE = NONE for gpioB[24]. (constraint file  e:/Desktop/my_git/e203_zs/prj/sys_top_bd/sys_top_bd.gen/sources_1/bd/system_top/ip/system_top_system_e203_0_0_1/system_top_system_e203_0_0/system_top_system_e203_0_0_in_context.xdc, line 98).
Applied set_property IO_BUFFER_TYPE = NONE for gpioB[25]. (constraint file  e:/Desktop/my_git/e203_zs/prj/sys_top_bd/sys_top_bd.gen/sources_1/bd/system_top/ip/system_top_system_e203_0_0_1/system_top_system_e203_0_0/system_top_system_e203_0_0_in_context.xdc, line 99).
Applied set_property CLOCK_BUFFER_TYPE = NONE for gpioB[25]. (constraint file  e:/Desktop/my_git/e203_zs/prj/sys_top_bd/sys_top_bd.gen/sources_1/bd/system_top/ip/system_top_system_e203_0_0_1/system_top_system_e203_0_0/system_top_system_e203_0_0_in_context.xdc, line 100).
Applied set_property IO_BUFFER_TYPE = NONE for gpioB[26]. (constraint file  e:/Desktop/my_git/e203_zs/prj/sys_top_bd/sys_top_bd.gen/sources_1/bd/system_top/ip/system_top_system_e203_0_0_1/system_top_system_e203_0_0/system_top_system_e203_0_0_in_context.xdc, line 101).
Applied set_property CLOCK_BUFFER_TYPE = NONE for gpioB[26]. (constraint file  e:/Desktop/my_git/e203_zs/prj/sys_top_bd/sys_top_bd.gen/sources_1/bd/system_top/ip/system_top_system_e203_0_0_1/system_top_system_e203_0_0/system_top_system_e203_0_0_in_context.xdc, line 102).
Applied set_property IO_BUFFER_TYPE = NONE for gpioB[27]. (constraint file  e:/Desktop/my_git/e203_zs/prj/sys_top_bd/sys_top_bd.gen/sources_1/bd/system_top/ip/system_top_system_e203_0_0_1/system_top_system_e203_0_0/system_top_system_e203_0_0_in_context.xdc, line 103).
Applied set_property CLOCK_BUFFER_TYPE = NONE for gpioB[27]. (constraint file  e:/Desktop/my_git/e203_zs/prj/sys_top_bd/sys_top_bd.gen/sources_1/bd/system_top/ip/system_top_system_e203_0_0_1/system_top_system_e203_0_0/system_top_system_e203_0_0_in_context.xdc, line 104).
Applied set_property IO_BUFFER_TYPE = NONE for gpioB[28]. (constraint file  e:/Desktop/my_git/e203_zs/prj/sys_top_bd/sys_top_bd.gen/sources_1/bd/system_top/ip/system_top_system_e203_0_0_1/system_top_system_e203_0_0/system_top_system_e203_0_0_in_context.xdc, line 105).
Applied set_property CLOCK_BUFFER_TYPE = NONE for gpioB[28]. (constraint file  e:/Desktop/my_git/e203_zs/prj/sys_top_bd/sys_top_bd.gen/sources_1/bd/system_top/ip/system_top_system_e203_0_0_1/system_top_system_e203_0_0/system_top_system_e203_0_0_in_context.xdc, line 106).
Applied set_property IO_BUFFER_TYPE = NONE for gpioB[29]. (constraint file  e:/Desktop/my_git/e203_zs/prj/sys_top_bd/sys_top_bd.gen/sources_1/bd/system_top/ip/system_top_system_e203_0_0_1/system_top_system_e203_0_0/system_top_system_e203_0_0_in_context.xdc, line 107).
Applied set_property CLOCK_BUFFER_TYPE = NONE for gpioB[29]. (constraint file  e:/Desktop/my_git/e203_zs/prj/sys_top_bd/sys_top_bd.gen/sources_1/bd/system_top/ip/system_top_system_e203_0_0_1/system_top_system_e203_0_0/system_top_system_e203_0_0_in_context.xdc, line 108).
Applied set_property IO_BUFFER_TYPE = NONE for gpioB[2]. (constraint file  e:/Desktop/my_git/e203_zs/prj/sys_top_bd/sys_top_bd.gen/sources_1/bd/system_top/ip/system_top_system_e203_0_0_1/system_top_system_e203_0_0/system_top_system_e203_0_0_in_context.xdc, line 109).
Applied set_property CLOCK_BUFFER_TYPE = NONE for gpioB[2]. (constraint file  e:/Desktop/my_git/e203_zs/prj/sys_top_bd/sys_top_bd.gen/sources_1/bd/system_top/ip/system_top_system_e203_0_0_1/system_top_system_e203_0_0/system_top_system_e203_0_0_in_context.xdc, line 110).
Applied set_property IO_BUFFER_TYPE = NONE for gpioB[30]. (constraint file  e:/Desktop/my_git/e203_zs/prj/sys_top_bd/sys_top_bd.gen/sources_1/bd/system_top/ip/system_top_system_e203_0_0_1/system_top_system_e203_0_0/system_top_system_e203_0_0_in_context.xdc, line 111).
Applied set_property CLOCK_BUFFER_TYPE = NONE for gpioB[30]. (constraint file  e:/Desktop/my_git/e203_zs/prj/sys_top_bd/sys_top_bd.gen/sources_1/bd/system_top/ip/system_top_system_e203_0_0_1/system_top_system_e203_0_0/system_top_system_e203_0_0_in_context.xdc, line 112).
Applied set_property IO_BUFFER_TYPE = NONE for gpioB[31]. (constraint file  e:/Desktop/my_git/e203_zs/prj/sys_top_bd/sys_top_bd.gen/sources_1/bd/system_top/ip/system_top_system_e203_0_0_1/system_top_system_e203_0_0/system_top_system_e203_0_0_in_context.xdc, line 113).
Applied set_property CLOCK_BUFFER_TYPE = NONE for gpioB[31]. (constraint file  e:/Desktop/my_git/e203_zs/prj/sys_top_bd/sys_top_bd.gen/sources_1/bd/system_top/ip/system_top_system_e203_0_0_1/system_top_system_e203_0_0/system_top_system_e203_0_0_in_context.xdc, line 114).
Applied set_property IO_BUFFER_TYPE = NONE for gpioB[3]. (constraint file  e:/Desktop/my_git/e203_zs/prj/sys_top_bd/sys_top_bd.gen/sources_1/bd/system_top/ip/system_top_system_e203_0_0_1/system_top_system_e203_0_0/system_top_system_e203_0_0_in_context.xdc, line 115).
Applied set_property CLOCK_BUFFER_TYPE = NONE for gpioB[3]. (constraint file  e:/Desktop/my_git/e203_zs/prj/sys_top_bd/sys_top_bd.gen/sources_1/bd/system_top/ip/system_top_system_e203_0_0_1/system_top_system_e203_0_0/system_top_system_e203_0_0_in_context.xdc, line 116).
Applied set_property IO_BUFFER_TYPE = NONE for gpioB[4]. (constraint file  e:/Desktop/my_git/e203_zs/prj/sys_top_bd/sys_top_bd.gen/sources_1/bd/system_top/ip/system_top_system_e203_0_0_1/system_top_system_e203_0_0/system_top_system_e203_0_0_in_context.xdc, line 117).
Applied set_property CLOCK_BUFFER_TYPE = NONE for gpioB[4]. (constraint file  e:/Desktop/my_git/e203_zs/prj/sys_top_bd/sys_top_bd.gen/sources_1/bd/system_top/ip/system_top_system_e203_0_0_1/system_top_system_e203_0_0/system_top_system_e203_0_0_in_context.xdc, line 118).
Applied set_property IO_BUFFER_TYPE = NONE for gpioB[5]. (constraint file  e:/Desktop/my_git/e203_zs/prj/sys_top_bd/sys_top_bd.gen/sources_1/bd/system_top/ip/system_top_system_e203_0_0_1/system_top_system_e203_0_0/system_top_system_e203_0_0_in_context.xdc, line 119).
Applied set_property CLOCK_BUFFER_TYPE = NONE for gpioB[5]. (constraint file  e:/Desktop/my_git/e203_zs/prj/sys_top_bd/sys_top_bd.gen/sources_1/bd/system_top/ip/system_top_system_e203_0_0_1/system_top_system_e203_0_0/system_top_system_e203_0_0_in_context.xdc, line 120).
Applied set_property IO_BUFFER_TYPE = NONE for gpioB[6]. (constraint file  e:/Desktop/my_git/e203_zs/prj/sys_top_bd/sys_top_bd.gen/sources_1/bd/system_top/ip/system_top_system_e203_0_0_1/system_top_system_e203_0_0/system_top_system_e203_0_0_in_context.xdc, line 121).
Applied set_property CLOCK_BUFFER_TYPE = NONE for gpioB[6]. (constraint file  e:/Desktop/my_git/e203_zs/prj/sys_top_bd/sys_top_bd.gen/sources_1/bd/system_top/ip/system_top_system_e203_0_0_1/system_top_system_e203_0_0/system_top_system_e203_0_0_in_context.xdc, line 122).
Applied set_property IO_BUFFER_TYPE = NONE for gpioB[7]. (constraint file  e:/Desktop/my_git/e203_zs/prj/sys_top_bd/sys_top_bd.gen/sources_1/bd/system_top/ip/system_top_system_e203_0_0_1/system_top_system_e203_0_0/system_top_system_e203_0_0_in_context.xdc, line 123).
Applied set_property CLOCK_BUFFER_TYPE = NONE for gpioB[7]. (constraint file  e:/Desktop/my_git/e203_zs/prj/sys_top_bd/sys_top_bd.gen/sources_1/bd/system_top/ip/system_top_system_e203_0_0_1/system_top_system_e203_0_0/system_top_system_e203_0_0_in_context.xdc, line 124).
Applied set_property IO_BUFFER_TYPE = NONE for gpioB[8]. (constraint file  e:/Desktop/my_git/e203_zs/prj/sys_top_bd/sys_top_bd.gen/sources_1/bd/system_top/ip/system_top_system_e203_0_0_1/system_top_system_e203_0_0/system_top_system_e203_0_0_in_context.xdc, line 125).
Applied set_property CLOCK_BUFFER_TYPE = NONE for gpioB[8]. (constraint file  e:/Desktop/my_git/e203_zs/prj/sys_top_bd/sys_top_bd.gen/sources_1/bd/system_top/ip/system_top_system_e203_0_0_1/system_top_system_e203_0_0/system_top_system_e203_0_0_in_context.xdc, line 126).
Applied set_property IO_BUFFER_TYPE = NONE for gpioB[9]. (constraint file  e:/Desktop/my_git/e203_zs/prj/sys_top_bd/sys_top_bd.gen/sources_1/bd/system_top/ip/system_top_system_e203_0_0_1/system_top_system_e203_0_0/system_top_system_e203_0_0_in_context.xdc, line 127).
Applied set_property CLOCK_BUFFER_TYPE = NONE for gpioB[9]. (constraint file  e:/Desktop/my_git/e203_zs/prj/sys_top_bd/sys_top_bd.gen/sources_1/bd/system_top/ip/system_top_system_e203_0_0_1/system_top_system_e203_0_0/system_top_system_e203_0_0_in_context.xdc, line 128).
Applied set_property IO_BUFFER_TYPE = NONE for mcu_TCK. (constraint file  e:/Desktop/my_git/e203_zs/prj/sys_top_bd/sys_top_bd.gen/sources_1/bd/system_top/ip/system_top_system_e203_0_0_1/system_top_system_e203_0_0/system_top_system_e203_0_0_in_context.xdc, line 129).
Applied set_property CLOCK_BUFFER_TYPE = NONE for mcu_TCK. (constraint file  e:/Desktop/my_git/e203_zs/prj/sys_top_bd/sys_top_bd.gen/sources_1/bd/system_top/ip/system_top_system_e203_0_0_1/system_top_system_e203_0_0/system_top_system_e203_0_0_in_context.xdc, line 130).
Applied set_property IO_BUFFER_TYPE = NONE for mcu_TDI. (constraint file  e:/Desktop/my_git/e203_zs/prj/sys_top_bd/sys_top_bd.gen/sources_1/bd/system_top/ip/system_top_system_e203_0_0_1/system_top_system_e203_0_0/system_top_system_e203_0_0_in_context.xdc, line 131).
Applied set_property CLOCK_BUFFER_TYPE = NONE for mcu_TDI. (constraint file  e:/Desktop/my_git/e203_zs/prj/sys_top_bd/sys_top_bd.gen/sources_1/bd/system_top/ip/system_top_system_e203_0_0_1/system_top_system_e203_0_0/system_top_system_e203_0_0_in_context.xdc, line 132).
Applied set_property IO_BUFFER_TYPE = NONE for mcu_TDO. (constraint file  e:/Desktop/my_git/e203_zs/prj/sys_top_bd/sys_top_bd.gen/sources_1/bd/system_top/ip/system_top_system_e203_0_0_1/system_top_system_e203_0_0/system_top_system_e203_0_0_in_context.xdc, line 133).
Applied set_property CLOCK_BUFFER_TYPE = NONE for mcu_TDO. (constraint file  e:/Desktop/my_git/e203_zs/prj/sys_top_bd/sys_top_bd.gen/sources_1/bd/system_top/ip/system_top_system_e203_0_0_1/system_top_system_e203_0_0/system_top_system_e203_0_0_in_context.xdc, line 134).
Applied set_property IO_BUFFER_TYPE = NONE for mcu_TMS. (constraint file  e:/Desktop/my_git/e203_zs/prj/sys_top_bd/sys_top_bd.gen/sources_1/bd/system_top/ip/system_top_system_e203_0_0_1/system_top_system_e203_0_0/system_top_system_e203_0_0_in_context.xdc, line 135).
Applied set_property CLOCK_BUFFER_TYPE = NONE for mcu_TMS. (constraint file  e:/Desktop/my_git/e203_zs/prj/sys_top_bd/sys_top_bd.gen/sources_1/bd/system_top/ip/system_top_system_e203_0_0_1/system_top_system_e203_0_0/system_top_system_e203_0_0_in_context.xdc, line 136).
Applied set_property IO_BUFFER_TYPE = NONE for mcu_wakeup. (constraint file  e:/Desktop/my_git/e203_zs/prj/sys_top_bd/sys_top_bd.gen/sources_1/bd/system_top/ip/system_top_system_e203_0_0_1/system_top_system_e203_0_0/system_top_system_e203_0_0_in_context.xdc, line 137).
Applied set_property CLOCK_BUFFER_TYPE = NONE for mcu_wakeup. (constraint file  e:/Desktop/my_git/e203_zs/prj/sys_top_bd/sys_top_bd.gen/sources_1/bd/system_top/ip/system_top_system_e203_0_0_1/system_top_system_e203_0_0/system_top_system_e203_0_0_in_context.xdc, line 138).
Applied set_property IO_BUFFER_TYPE = NONE for qspi0_dq[0]. (constraint file  e:/Desktop/my_git/e203_zs/prj/sys_top_bd/sys_top_bd.gen/sources_1/bd/system_top/ip/system_top_system_e203_0_0_1/system_top_system_e203_0_0/system_top_system_e203_0_0_in_context.xdc, line 139).
Applied set_property CLOCK_BUFFER_TYPE = NONE for qspi0_dq[0]. (constraint file  e:/Desktop/my_git/e203_zs/prj/sys_top_bd/sys_top_bd.gen/sources_1/bd/system_top/ip/system_top_system_e203_0_0_1/system_top_system_e203_0_0/system_top_system_e203_0_0_in_context.xdc, line 140).
Applied set_property IO_BUFFER_TYPE = NONE for qspi0_dq[1]. (constraint file  e:/Desktop/my_git/e203_zs/prj/sys_top_bd/sys_top_bd.gen/sources_1/bd/system_top/ip/system_top_system_e203_0_0_1/system_top_system_e203_0_0/system_top_system_e203_0_0_in_context.xdc, line 141).
Applied set_property CLOCK_BUFFER_TYPE = NONE for qspi0_dq[1]. (constraint file  e:/Desktop/my_git/e203_zs/prj/sys_top_bd/sys_top_bd.gen/sources_1/bd/system_top/ip/system_top_system_e203_0_0_1/system_top_system_e203_0_0/system_top_system_e203_0_0_in_context.xdc, line 142).
Applied set_property IO_BUFFER_TYPE = NONE for qspi0_dq[2]. (constraint file  e:/Desktop/my_git/e203_zs/prj/sys_top_bd/sys_top_bd.gen/sources_1/bd/system_top/ip/system_top_system_e203_0_0_1/system_top_system_e203_0_0/system_top_system_e203_0_0_in_context.xdc, line 143).
Applied set_property CLOCK_BUFFER_TYPE = NONE for qspi0_dq[2]. (constraint file  e:/Desktop/my_git/e203_zs/prj/sys_top_bd/sys_top_bd.gen/sources_1/bd/system_top/ip/system_top_system_e203_0_0_1/system_top_system_e203_0_0/system_top_system_e203_0_0_in_context.xdc, line 144).
Applied set_property IO_BUFFER_TYPE = NONE for qspi0_dq[3]. (constraint file  e:/Desktop/my_git/e203_zs/prj/sys_top_bd/sys_top_bd.gen/sources_1/bd/system_top/ip/system_top_system_e203_0_0_1/system_top_system_e203_0_0/system_top_system_e203_0_0_in_context.xdc, line 145).
Applied set_property CLOCK_BUFFER_TYPE = NONE for qspi0_dq[3]. (constraint file  e:/Desktop/my_git/e203_zs/prj/sys_top_bd/sys_top_bd.gen/sources_1/bd/system_top/ip/system_top_system_e203_0_0_1/system_top_system_e203_0_0/system_top_system_e203_0_0_in_context.xdc, line 146).
Applied set_property KEEP_HIERARCHY = SOFT for system_top_i. (constraint file  auto generated constraint).
Applied set_property KEEP_HIERARCHY = SOFT for system_top_i/axi_interconnect_0/xbar. (constraint file  auto generated constraint).
Applied set_property KEEP_HIERARCHY = SOFT for system_top_i/axi_interconnect_0/s00_couplers/auto_pc. (constraint file  auto generated constraint).
Applied set_property KEEP_HIERARCHY = SOFT for system_top_i/axi_interconnect_0/m00_couplers/auto_cc. (constraint file  auto generated constraint).
Applied set_property KEEP_HIERARCHY = SOFT for system_top_i/axi_interconnect_0/m01_couplers/auto_pc. (constraint file  auto generated constraint).
Applied set_property KEEP_HIERARCHY = SOFT for system_top_i/axi_interconnect_0/m02_couplers/auto_pc. (constraint file  auto generated constraint).
Applied set_property KEEP_HIERARCHY = SOFT for system_top_i/axi_interconnect_0. (constraint file  auto generated constraint).
Applied set_property KEEP_HIERARCHY = SOFT for system_top_i/clk_wiz_0. (constraint file  auto generated constraint).
Applied set_property KEEP_HIERARCHY = SOFT for system_top_i/proc_sys_reset_1. (constraint file  auto generated constraint).
Applied set_property KEEP_HIERARCHY = SOFT for system_top_i/proc_sys_reset_0. (constraint file  auto generated constraint).
Applied set_property KEEP_HIERARCHY = SOFT for system_top_i/util_vector_logic_0. (constraint file  auto generated constraint).
Applied set_property KEEP_HIERARCHY = SOFT for system_top_i/mig_7series_0. (constraint file  auto generated constraint).
Applied set_property KEEP_HIERARCHY = SOFT for system_top_i/util_vector_logic_1. (constraint file  auto generated constraint).
Applied set_property KEEP_HIERARCHY = SOFT for system_top_i/axi_gpio_0. (constraint file  auto generated constraint).
Applied set_property KEEP_HIERARCHY = SOFT for system_top_i/rst_clk_wiz_0_200M. (constraint file  auto generated constraint).
Applied set_property KEEP_HIERARCHY = SOFT for system_top_i/system_e203_0. (constraint file  auto generated constraint).
Applied set_property KEEP_HIERARCHY = SOFT for system_top_i/lcd_rgb_snake_0. (constraint file  auto generated constraint).
Applied set_property KEEP_HIERARCHY = SOFT for system_top_i/axi_lite_for_snake_0. (constraint file  auto generated constraint).
Applied set_property KEEP_HIERARCHY = SOFT for system_top_i/system_ila_0. (constraint file  auto generated constraint).
---------------------------------------------------------------------------------
Finished applying 'set_property' XDC Constraints : Time (s): cpu = 00:00:11 ; elapsed = 00:00:11 . Memory (MB): peak = 1347.117 ; gain = 208.512
---------------------------------------------------------------------------------
---------------------------------------------------------------------------------
Finished RTL Optimization Phase 2 : Time (s): cpu = 00:00:11 ; elapsed = 00:00:11 . Memory (MB): peak = 1347.117 ; gain = 208.512
---------------------------------------------------------------------------------
---------------------------------------------------------------------------------
Start RTL Component Statistics 
---------------------------------------------------------------------------------
Detailed RTL Component Info : 
---------------------------------------------------------------------------------
Finished RTL Component Statistics 
---------------------------------------------------------------------------------
---------------------------------------------------------------------------------
Start Part Resource Summary
---------------------------------------------------------------------------------
Part Resources:
DSPs: 740 (col length:100)
BRAMs: 730 (col length: RAMB18 100 RAMB36 50)
---------------------------------------------------------------------------------
Finished Part Resource Summary
---------------------------------------------------------------------------------
---------------------------------------------------------------------------------
Start Cross Boundary and Area Optimization
---------------------------------------------------------------------------------
---------------------------------------------------------------------------------
Finished Cross Boundary and Area Optimization : Time (s): cpu = 00:00:12 ; elapsed = 00:00:12 . Memory (MB): peak = 1347.117 ; gain = 208.512
---------------------------------------------------------------------------------
---------------------------------------------------------------------------------
Start Applying XDC Timing Constraints
---------------------------------------------------------------------------------
WARNING: [Synth 8-565] redefining clock 'sys_clk_pin'
---------------------------------------------------------------------------------
Finished Applying XDC Timing Constraints : Time (s): cpu = 00:00:17 ; elapsed = 00:00:17 . Memory (MB): peak = 1388.797 ; gain = 250.191
---------------------------------------------------------------------------------
---------------------------------------------------------------------------------
Start Timing Optimization
---------------------------------------------------------------------------------
---------------------------------------------------------------------------------
Finished Timing Optimization : Time (s): cpu = 00:00:17 ; elapsed = 00:00:17 . Memory (MB): peak = 1389.168 ; gain = 250.562
---------------------------------------------------------------------------------
---------------------------------------------------------------------------------
Start Technology Mapping
---------------------------------------------------------------------------------
---------------------------------------------------------------------------------
Finished Technology Mapping : Time (s): cpu = 00:00:17 ; elapsed = 00:00:17 . Memory (MB): peak = 1408.715 ; gain = 270.109
---------------------------------------------------------------------------------
---------------------------------------------------------------------------------
Start IO Insertion
---------------------------------------------------------------------------------
---------------------------------------------------------------------------------
Start Flattening Before IO Insertion
---------------------------------------------------------------------------------
---------------------------------------------------------------------------------
Finished Flattening Before IO Insertion
---------------------------------------------------------------------------------
---------------------------------------------------------------------------------
Start Final Netlist Cleanup
---------------------------------------------------------------------------------
---------------------------------------------------------------------------------
Finished Final Netlist Cleanup
---------------------------------------------------------------------------------
CRITICAL WARNING: [Synth 8-4442] BlackBox module axi_lite_for_snake_0 has unconnected pin snake_x[31]
CRITICAL WARNING: [Synth 8-4442] BlackBox module axi_lite_for_snake_0 has unconnected pin snake_x[30]
CRITICAL WARNING: [Synth 8-4442] BlackBox module axi_lite_for_snake_0 has unconnected pin snake_x[29]
CRITICAL WARNING: [Synth 8-4442] BlackBox module axi_lite_for_snake_0 has unconnected pin snake_x[28]
CRITICAL WARNING: [Synth 8-4442] BlackBox module axi_lite_for_snake_0 has unconnected pin snake_x[27]
CRITICAL WARNING: [Synth 8-4442] BlackBox module axi_lite_for_snake_0 has unconnected pin snake_x[26]
CRITICAL WARNING: [Synth 8-4442] BlackBox module axi_lite_for_snake_0 has unconnected pin snake_x[25]
CRITICAL WARNING: [Synth 8-4442] BlackBox module axi_lite_for_snake_0 has unconnected pin snake_x[24]
CRITICAL WARNING: [Synth 8-4442] BlackBox module axi_lite_for_snake_0 has unconnected pin snake_x[23]
CRITICAL WARNING: [Synth 8-4442] BlackBox module axi_lite_for_snake_0 has unconnected pin snake_x[22]
CRITICAL WARNING: [Synth 8-4442] BlackBox module axi_lite_for_snake_0 has unconnected pin snake_x[21]
CRITICAL WARNING: [Synth 8-4442] BlackBox module axi_lite_for_snake_0 has unconnected pin snake_x[20]
CRITICAL WARNING: [Synth 8-4442] BlackBox module axi_lite_for_snake_0 has unconnected pin snake_x[19]
CRITICAL WARNING: [Synth 8-4442] BlackBox module axi_lite_for_snake_0 has unconnected pin snake_x[18]
CRITICAL WARNING: [Synth 8-4442] BlackBox module axi_lite_for_snake_0 has unconnected pin snake_x[17]
CRITICAL WARNING: [Synth 8-4442] BlackBox module axi_lite_for_snake_0 has unconnected pin snake_x[16]
CRITICAL WARNING: [Synth 8-4442] BlackBox module axi_lite_for_snake_0 has unconnected pin snake_x[15]
CRITICAL WARNING: [Synth 8-4442] BlackBox module axi_lite_for_snake_0 has unconnected pin snake_x[14]
CRITICAL WARNING: [Synth 8-4442] BlackBox module axi_lite_for_snake_0 has unconnected pin snake_x[13]
CRITICAL WARNING: [Synth 8-4442] BlackBox module axi_lite_for_snake_0 has unconnected pin snake_x[12]
CRITICAL WARNING: [Synth 8-4442] BlackBox module axi_lite_for_snake_0 has unconnected pin snake_x[11]
CRITICAL WARNING: [Synth 8-4442] BlackBox module axi_lite_for_snake_0 has unconnected pin snake_x[10]
CRITICAL WARNING: [Synth 8-4442] BlackBox module axi_lite_for_snake_0 has unconnected pin snake_x[9]
CRITICAL WARNING: [Synth 8-4442] BlackBox module axi_lite_for_snake_0 has unconnected pin snake_x[8]
CRITICAL WARNING: [Synth 8-4442] BlackBox module axi_lite_for_snake_0 has unconnected pin snake_x[7]
CRITICAL WARNING: [Synth 8-4442] BlackBox module axi_lite_for_snake_0 has unconnected pin snake_x[6]
CRITICAL WARNING: [Synth 8-4442] BlackBox module axi_lite_for_snake_0 has unconnected pin snake_x[5]
CRITICAL WARNING: [Synth 8-4442] BlackBox module axi_lite_for_snake_0 has unconnected pin snake_x[4]
CRITICAL WARNING: [Synth 8-4442] BlackBox module axi_lite_for_snake_0 has unconnected pin snake_x[3]
CRITICAL WARNING: [Synth 8-4442] BlackBox module axi_lite_for_snake_0 has unconnected pin snake_x[2]
CRITICAL WARNING: [Synth 8-4442] BlackBox module axi_lite_for_snake_0 has unconnected pin snake_x[1]
CRITICAL WARNING: [Synth 8-4442] BlackBox module axi_lite_for_snake_0 has unconnected pin snake_x[0]
CRITICAL WARNING: [Synth 8-4442] BlackBox module axi_lite_for_snake_0 has unconnected pin snake_y[31]
CRITICAL WARNING: [Synth 8-4442] BlackBox module axi_lite_for_snake_0 has unconnected pin snake_y[30]
CRITICAL WARNING: [Synth 8-4442] BlackBox module axi_lite_for_snake_0 has unconnected pin snake_y[29]
CRITICAL WARNING: [Synth 8-4442] BlackBox module axi_lite_for_snake_0 has unconnected pin snake_y[28]
CRITICAL WARNING: [Synth 8-4442] BlackBox module axi_lite_for_snake_0 has unconnected pin snake_y[27]
CRITICAL WARNING: [Synth 8-4442] BlackBox module axi_lite_for_snake_0 has unconnected pin snake_y[26]
CRITICAL WARNING: [Synth 8-4442] BlackBox module axi_lite_for_snake_0 has unconnected pin snake_y[25]
CRITICAL WARNING: [Synth 8-4442] BlackBox module axi_lite_for_snake_0 has unconnected pin snake_y[24]
CRITICAL WARNING: [Synth 8-4442] BlackBox module axi_lite_for_snake_0 has unconnected pin snake_y[23]
CRITICAL WARNING: [Synth 8-4442] BlackBox module axi_lite_for_snake_0 has unconnected pin snake_y[22]
CRITICAL WARNING: [Synth 8-4442] BlackBox module axi_lite_for_snake_0 has unconnected pin snake_y[21]
CRITICAL WARNING: [Synth 8-4442] BlackBox module axi_lite_for_snake_0 has unconnected pin snake_y[20]
CRITICAL WARNING: [Synth 8-4442] BlackBox module axi_lite_for_snake_0 has unconnected pin snake_y[19]
CRITICAL WARNING: [Synth 8-4442] BlackBox module axi_lite_for_snake_0 has unconnected pin snake_y[18]
CRITICAL WARNING: [Synth 8-4442] BlackBox module axi_lite_for_snake_0 has unconnected pin snake_y[17]
CRITICAL WARNING: [Synth 8-4442] BlackBox module axi_lite_for_snake_0 has unconnected pin snake_y[16]
CRITICAL WARNING: [Synth 8-4442] BlackBox module axi_lite_for_snake_0 has unconnected pin snake_y[15]
CRITICAL WARNING: [Synth 8-4442] BlackBox module axi_lite_for_snake_0 has unconnected pin snake_y[14]
CRITICAL WARNING: [Synth 8-4442] BlackBox module axi_lite_for_snake_0 has unconnected pin snake_y[13]
CRITICAL WARNING: [Synth 8-4442] BlackBox module axi_lite_for_snake_0 has unconnected pin snake_y[12]
CRITICAL WARNING: [Synth 8-4442] BlackBox module axi_lite_for_snake_0 has unconnected pin snake_y[11]
CRITICAL WARNING: [Synth 8-4442] BlackBox module axi_lite_for_snake_0 has unconnected pin snake_y[10]
CRITICAL WARNING: [Synth 8-4442] BlackBox module axi_lite_for_snake_0 has unconnected pin snake_y[9]
CRITICAL WARNING: [Synth 8-4442] BlackBox module axi_lite_for_snake_0 has unconnected pin snake_y[8]
CRITICAL WARNING: [Synth 8-4442] BlackBox module axi_lite_for_snake_0 has unconnected pin snake_y[7]
CRITICAL WARNING: [Synth 8-4442] BlackBox module axi_lite_for_snake_0 has unconnected pin snake_y[6]
CRITICAL WARNING: [Synth 8-4442] BlackBox module axi_lite_for_snake_0 has unconnected pin snake_y[5]
CRITICAL WARNING: [Synth 8-4442] BlackBox module axi_lite_for_snake_0 has unconnected pin snake_y[4]
CRITICAL WARNING: [Synth 8-4442] BlackBox module axi_lite_for_snake_0 has unconnected pin snake_y[3]
CRITICAL WARNING: [Synth 8-4442] BlackBox module axi_lite_for_snake_0 has unconnected pin snake_y[2]
CRITICAL WARNING: [Synth 8-4442] BlackBox module axi_lite_for_snake_0 has unconnected pin snake_y[1]
CRITICAL WARNING: [Synth 8-4442] BlackBox module axi_lite_for_snake_0 has unconnected pin snake_y[0]
CRITICAL WARNING: [Synth 8-4442] BlackBox module axi_lite_for_snake_0 has unconnected pin food_x[31]
CRITICAL WARNING: [Synth 8-4442] BlackBox module axi_lite_for_snake_0 has unconnected pin food_x[30]
CRITICAL WARNING: [Synth 8-4442] BlackBox module axi_lite_for_snake_0 has unconnected pin food_x[29]
CRITICAL WARNING: [Synth 8-4442] BlackBox module axi_lite_for_snake_0 has unconnected pin food_x[28]
CRITICAL WARNING: [Synth 8-4442] BlackBox module axi_lite_for_snake_0 has unconnected pin food_x[27]
CRITICAL WARNING: [Synth 8-4442] BlackBox module axi_lite_for_snake_0 has unconnected pin food_x[26]
CRITICAL WARNING: [Synth 8-4442] BlackBox module axi_lite_for_snake_0 has unconnected pin food_x[25]
CRITICAL WARNING: [Synth 8-4442] BlackBox module axi_lite_for_snake_0 has unconnected pin food_x[24]
CRITICAL WARNING: [Synth 8-4442] BlackBox module axi_lite_for_snake_0 has unconnected pin food_x[23]
CRITICAL WARNING: [Synth 8-4442] BlackBox module axi_lite_for_snake_0 has unconnected pin food_x[22]
CRITICAL WARNING: [Synth 8-4442] BlackBox module axi_lite_for_snake_0 has unconnected pin food_x[21]
CRITICAL WARNING: [Synth 8-4442] BlackBox module axi_lite_for_snake_0 has unconnected pin food_x[20]
CRITICAL WARNING: [Synth 8-4442] BlackBox module axi_lite_for_snake_0 has unconnected pin food_x[19]
CRITICAL WARNING: [Synth 8-4442] BlackBox module axi_lite_for_snake_0 has unconnected pin food_x[18]
CRITICAL WARNING: [Synth 8-4442] BlackBox module axi_lite_for_snake_0 has unconnected pin food_x[17]
CRITICAL WARNING: [Synth 8-4442] BlackBox module axi_lite_for_snake_0 has unconnected pin food_x[16]
CRITICAL WARNING: [Synth 8-4442] BlackBox module axi_lite_for_snake_0 has unconnected pin food_x[15]
CRITICAL WARNING: [Synth 8-4442] BlackBox module axi_lite_for_snake_0 has unconnected pin food_x[14]
CRITICAL WARNING: [Synth 8-4442] BlackBox module axi_lite_for_snake_0 has unconnected pin food_x[13]
CRITICAL WARNING: [Synth 8-4442] BlackBox module axi_lite_for_snake_0 has unconnected pin food_x[12]
CRITICAL WARNING: [Synth 8-4442] BlackBox module axi_lite_for_snake_0 has unconnected pin food_x[11]
CRITICAL WARNING: [Synth 8-4442] BlackBox module axi_lite_for_snake_0 has unconnected pin food_x[10]
CRITICAL WARNING: [Synth 8-4442] BlackBox module axi_lite_for_snake_0 has unconnected pin food_x[9]
CRITICAL WARNING: [Synth 8-4442] BlackBox module axi_lite_for_snake_0 has unconnected pin food_x[8]
CRITICAL WARNING: [Synth 8-4442] BlackBox module axi_lite_for_snake_0 has unconnected pin food_x[7]
CRITICAL WARNING: [Synth 8-4442] BlackBox module axi_lite_for_snake_0 has unconnected pin food_x[6]
CRITICAL WARNING: [Synth 8-4442] BlackBox module axi_lite_for_snake_0 has unconnected pin food_x[5]
CRITICAL WARNING: [Synth 8-4442] BlackBox module axi_lite_for_snake_0 has unconnected pin food_x[4]
CRITICAL WARNING: [Synth 8-4442] BlackBox module axi_lite_for_snake_0 has unconnected pin food_x[3]
CRITICAL WARNING: [Synth 8-4442] BlackBox module axi_lite_for_snake_0 has unconnected pin food_x[2]
CRITICAL WARNING: [Synth 8-4442] BlackBox module axi_lite_for_snake_0 has unconnected pin food_x[1]
CRITICAL WARNING: [Synth 8-4442] BlackBox module axi_lite_for_snake_0 has unconnected pin food_x[0]
CRITICAL WARNING: [Synth 8-4442] BlackBox module axi_lite_for_snake_0 has unconnected pin food_y[31]
CRITICAL WARNING: [Synth 8-4442] BlackBox module axi_lite_for_snake_0 has unconnected pin food_y[30]
CRITICAL WARNING: [Synth 8-4442] BlackBox module axi_lite_for_snake_0 has unconnected pin food_y[29]
CRITICAL WARNING: [Synth 8-4442] BlackBox module axi_lite_for_snake_0 has unconnected pin food_y[28]
INFO: [Common 17-14] Message 'Synth 8-4442' appears 100 times and further instances of the messages will be disabled. Use the Tcl command set_msg_config to change the current settings.
---------------------------------------------------------------------------------
Finished IO Insertion : Time (s): cpu = 00:00:19 ; elapsed = 00:00:19 . Memory (MB): peak = 1413.500 ; gain = 274.895
---------------------------------------------------------------------------------
---------------------------------------------------------------------------------
Start Renaming Generated Instances
---------------------------------------------------------------------------------
---------------------------------------------------------------------------------
Finished Renaming Generated Instances : Time (s): cpu = 00:00:19 ; elapsed = 00:00:19 . Memory (MB): peak = 1413.500 ; gain = 274.895
---------------------------------------------------------------------------------
---------------------------------------------------------------------------------
Start Rebuilding User Hierarchy
---------------------------------------------------------------------------------
---------------------------------------------------------------------------------
Finished Rebuilding User Hierarchy : Time (s): cpu = 00:00:19 ; elapsed = 00:00:19 . Memory (MB): peak = 1413.500 ; gain = 274.895
---------------------------------------------------------------------------------
---------------------------------------------------------------------------------
Start Renaming Generated Ports
---------------------------------------------------------------------------------
---------------------------------------------------------------------------------
Finished Renaming Generated Ports : Time (s): cpu = 00:00:19 ; elapsed = 00:00:19 . Memory (MB): peak = 1413.500 ; gain = 274.895
---------------------------------------------------------------------------------
---------------------------------------------------------------------------------
Start Handling Custom Attributes
---------------------------------------------------------------------------------
---------------------------------------------------------------------------------
Finished Handling Custom Attributes : Time (s): cpu = 00:00:19 ; elapsed = 00:00:19 . Memory (MB): peak = 1413.500 ; gain = 274.895
---------------------------------------------------------------------------------
---------------------------------------------------------------------------------
Start Renaming Generated Nets
---------------------------------------------------------------------------------
---------------------------------------------------------------------------------
Finished Renaming Generated Nets : Time (s): cpu = 00:00:19 ; elapsed = 00:00:19 . Memory (MB): peak = 1413.500 ; gain = 274.895
---------------------------------------------------------------------------------
---------------------------------------------------------------------------------
Start Writing Synthesis Report
---------------------------------------------------------------------------------

Report BlackBoxes: 
+------+----------------------------------+----------+
|      |BlackBox name                     |Instances |
+------+----------------------------------+----------+
|1     |system_top_xbar_0                 |         1|
|2     |system_top_auto_cc_0              |         1|
|3     |system_top_auto_pc_0              |         1|
|4     |system_top_auto_pc_1              |         1|
|5     |system_top_auto_pc_2              |         1|
|6     |system_top_axi_gpio_0_0           |         1|
|7     |system_top_axi_lite_for_snake_0_0 |         1|
|8     |system_top_clk_wiz_0_0            |         1|
|9     |system_top_lcd_rgb_snake_0_0      |         1|
|10    |system_top_mig_7series_0_1        |         1|
|11    |system_top_proc_sys_reset_0_0     |         1|
|12    |system_top_proc_sys_reset_1_0     |         1|
|13    |system_top_rst_clk_wiz_0_200M_0   |         1|
|14    |system_top_system_e203_0_0        |         1|
|15    |system_top_system_ila_0_0         |         1|
|16    |system_top_util_vector_logic_0_0  |         1|
|17    |system_top_util_vector_logic_1_0  |         1|
+------+----------------------------------+----------+

Report Cell Usage: 
+------+--------------------------------+------+
|      |Cell                            |Count |
+------+--------------------------------+------+
|1     |system_top_auto_cc              |     1|
|2     |system_top_auto_pc              |     3|
|5     |system_top_axi_gpio_0           |     1|
|6     |system_top_axi_lite_for_snake_0 |     1|
|7     |system_top_clk_wiz_0            |     1|
|8     |system_top_lcd_rgb_snake_0      |     1|
|9     |system_top_mig_7series_0        |     1|
|10    |system_top_proc_sys_reset_0     |     1|
|11    |system_top_proc_sys_reset_1     |     1|
|12    |system_top_rst_clk_wiz_0_200M   |     1|
|13    |system_top_system_e203_0        |     1|
|14    |system_top_system_ila_0         |     1|
|15    |system_top_util_vector_logic_0  |     1|
|16    |system_top_util_vector_logic_1  |     1|
|17    |system_top_xbar                 |     1|
|18    |IBUF                            |     3|
|19    |OBUF                            |     6|
+------+--------------------------------+------+
---------------------------------------------------------------------------------
Finished Writing Synthesis Report : Time (s): cpu = 00:00:19 ; elapsed = 00:00:19 . Memory (MB): peak = 1413.500 ; gain = 274.895
---------------------------------------------------------------------------------
Synthesis finished with 0 errors, 128 critical warnings and 1 warnings.
Synthesis Optimization Runtime : Time (s): cpu = 00:00:12 ; elapsed = 00:00:17 . Memory (MB): peak = 1413.500 ; gain = 232.891
Synthesis Optimization Complete : Time (s): cpu = 00:00:19 ; elapsed = 00:00:19 . Memory (MB): peak = 1413.500 ; gain = 274.895
INFO: [Project 1-571] Translating synthesized netlist
Netlist sorting complete. Time (s): cpu = 00:00:00 ; elapsed = 00:00:00.036 . Memory (MB): peak = 1426.570 ; gain = 0.000
INFO: [Project 1-570] Preparing netlist for logic optimization
INFO: [Opt 31-138] Pushed 0 inverter(s) to 0 load pin(s).
Netlist sorting complete. Time (s): cpu = 00:00:00 ; elapsed = 00:00:00 . Memory (MB): peak = 1434.410 ; gain = 0.000
INFO: [Project 1-111] Unisim Transformation Summary:
No Unisim elements were transformed.

INFO: [Common 17-83] Releasing license: Synthesis
70 Infos, 42 Warnings, 100 Critical Warnings and 0 Errors encountered.
synth_design completed successfully
synth_design: Time (s): cpu = 00:00:24 ; elapsed = 00:00:27 . Memory (MB): peak = 1434.410 ; gain = 295.805
INFO: [runtcl-6] Synthesis results are not added to the cache due to CRITICAL_WARNING
INFO: [Common 17-1381] The checkpoint 'E:/Desktop/my_git/e203_zs/prj/sys_top_bd/sys_top_bd.runs/synth_1/system_top_wrapper.dcp' has been generated.
INFO: [runtcl-4] Executing : report_utilization -file system_top_wrapper_utilization_synth.rpt -pb system_top_wrapper_utilization_synth.pb
INFO: [Common 17-206] Exiting Vivado at Sat Apr  5 17:47:28 2025...
