#-----------------------------------------------------------
# Vivado v2020.2 (64-bit)
# SW Build 3064766 on Wed Nov 18 09:12:47 MST 2020
# IP Build 3064653 on Wed Nov 18 14:17:31 MST 2020
# Start of session at: Tue Feb 18 13:24:42 2025
# Process ID: 68186
# Current directory: /home/oppenyes/workspace/my_git/e203_zs/prj/sys_top_bd
# Command line: vivado
# Log file: /home/oppenyes/workspace/my_git/e203_zs/prj/sys_top_bd/vivado.log
# Journal file: /home/oppenyes/workspace/my_git/e203_zs/prj/sys_top_bd/vivado.jou
#-----------------------------------------------------------
Sourcing tcl script '/tools/Xilinx/Vivado/2020.2/scripts/Vivado_init.tcl'
start_gui
open_project /home/oppenyes/workspace/my_git/e203_for_davinci/prj/sys_top_bd/sys_top_bd.xpr
Scanning sources...
Finished scanning sources
INFO: [IP_Flow 19-234] Refreshing IP repositories
INFO: [IP_Flow 19-1700] Loaded user IP repository '/home/oppenyes/workspace/my_git/e203_for_davinci/user_ip'.
INFO: [IP_Flow 19-2313] Loaded Vivado IP repository '/tools/Xilinx/Vivado/2020.2/data/ip'.
INFO: [IP_Flow 19-3899] Cannot get the environment domain name variable for the component vendor name. Setting the vendor name to 'user.org'.
open_project: Time (s): cpu = 00:00:14 ; elapsed = 00:00:09 . Memory (MB): peak = 7328.555 ; gain = 100.023 ; free physical = 11515 ; free virtual = 17205
update_compile_order -fileset sources_1
open_bd_design {/home/oppenyes/workspace/my_git/e203_for_davinci/prj/sys_top_bd/sys_top_bd.srcs/sources_1/bd/system_top/system_top.bd}
Reading block design file </home/oppenyes/workspace/my_git/e203_for_davinci/prj/sys_top_bd/sys_top_bd.srcs/sources_1/bd/system_top/system_top.bd>...
Adding component instance block -- xilinx.com:ip:axi_interconnect:2.1 - axi_interconnect_0
Adding component instance block -- xilinx.com:ip:axi_crossbar:2.1 - xbar
Adding component instance block -- xilinx.com:ip:axi_protocol_converter:2.1 - auto_pc
Adding component instance block -- xilinx.com:ip:axi_clock_converter:2.1 - auto_cc
Adding component instance block -- xilinx.com:ip:axi_protocol_converter:2.1 - auto_pc
Adding component instance block -- xilinx.com:ip:axi_protocol_converter:2.1 - auto_pc
Adding component instance block -- xilinx.com:ip:clk_wiz:6.0 - clk_wiz_0
Adding component instance block -- xilinx.com:ip:proc_sys_reset:5.0 - proc_sys_reset_100M
Adding component instance block -- xilinx.com:ip:proc_sys_reset:5.0 - proc_sys_reset_16M
Adding component instance block -- xilinx.com:ip:mig_7series:4.2 - mig_7series_0
Adding component instance block -- xilinx.com:ip:util_vector_logic:2.0 - util_vector_logic_1
Adding component instance block -- xilinx.com:ip:axi_gpio:2.0 - axi_gpio_0
Adding component instance block -- xilinx.com:ip:axi_gpio:2.0 - axi_gpio_1
Adding component instance block -- user.org:user:clk_32768Hz:1.0 - clk_32768Hz_0
Adding component instance block -- xilinx.com:user:system_e203_lite:1.0 - system_e203_0
Successfully read diagram <system_top> from block design file </home/oppenyes/workspace/my_git/e203_for_davinci/prj/sys_top_bd/sys_top_bd.srcs/sources_1/bd/system_top/system_top.bd>
update_ip_catalog -rebuild -scan_changes
INFO: [IP_Flow 19-234] Refreshing IP repositories
INFO: [IP_Flow 19-1700] Loaded user IP repository '/home/oppenyes/workspace/my_git/e203_for_davinci/user_ip'.
INFO: [IP_Flow 19-3899] Cannot get the environment domain name variable for the component vendor name. Setting the vendor name to 'user.org'.
report_ip_status -name ip_status
set_property LOCK_UPGRADE 1 [get_bd_cells /system_e203_0]
WARNING: [BD 41-2028] Locking system_e203_lite to version 1.0. If the latest driver for the IP is not backwards compatible, software flow will assign a generic driver or no driver for this IP
report_ip_status -name ip_status 
set_property LOCK_UPGRADE 0 [get_bd_cells /system_e203_0]
report_ip_status -name ip_status 
set_property LOCK_UPGRADE false [get_bd_cells system_e203_0
missing close-bracket
set_property LOCK_UPGRADE 1 [get_bd_cells /system_e203_0]
WARNING: [BD 41-2028] Locking system_e203_lite to version 1.0. If the latest driver for the IP is not backwards compatible, software flow will assign a generic driver or no driver for this IP
report_ip_status -name ip_status 
set_property LOCK_UPGRADE 0 [get_bd_cells /system_e203_0]
report_ip_status -name ip_status 
delete_bd_objs [get_bd_intf_nets system_e203_0_expl_axi] [get_bd_nets Net7] [get_bd_nets clk_32768Hz_0_clk_32768Hz] [get_bd_nets util_vector_logic_1_Res] [get_bd_nets Net] [get_bd_nets Net1] [get_bd_nets Net6] [get_bd_nets Net4] [get_bd_nets Net2] [get_bd_nets Net3] [get_bd_nets Net5] [get_bd_cells system_e203_0]
startgroup
create_bd_cell -type ip -vlnv xilinx.com:user:system_e203:4.0 system_e203_0
endgroup
delete_bd_objs [get_bd_cells system_e203_0]
INFO: [IP_Flow 19-3899] Cannot get the environment domain name variable for the component vendor name. Setting the vendor name to 'user.org'.
update_ip_catalog -rebuild
INFO: [IP_Flow 19-234] Refreshing IP repositories
INFO: [IP_Flow 19-1700] Loaded user IP repository '/home/oppenyes/workspace/my_git/e203_for_davinci/user_ip'.
INFO: [IP_Flow 19-3899] Cannot get the environment domain name variable for the component vendor name. Setting the vendor name to 'user.org'.
INFO: [IP_Flow 19-3899] Cannot get the environment domain name variable for the component vendor name. Setting the vendor name to 'user.org'.
INFO: [IP_Flow 19-3899] Cannot get the environment domain name variable for the component vendor name. Setting the vendor name to 'user.org'.
report_ip_status -name ip_status 
update_ip_catalog -rebuild -scan_changes
INFO: [IP_Flow 19-234] Refreshing IP repositories
INFO: [IP_Flow 19-1700] Loaded user IP repository '/home/oppenyes/workspace/my_git/e203_for_davinci/user_ip'.
WARNING: [IP_Flow 19-1663] Duplicate IP found for 'xilinx.com:user:system_e203:4.0'. The one found in IP location '/home/oppenyes/workspace/my_git/e203_for_davinci/user_ip/lite' will take precedence over the same IP in location /home/oppenyes/workspace/my_git/e203_for_davinci/user_ip/xilinx.com_user_system_e203_1.0
INFO: [IP_Flow 19-3899] Cannot get the environment domain name variable for the component vendor name. Setting the vendor name to 'user.org'.
report_ip_status -name ip_status
INFO: [IP_Flow 19-3899] Cannot get the environment domain name variable for the component vendor name. Setting the vendor name to 'user.org'.
update_ip_catalog -rebuild
INFO: [IP_Flow 19-234] Refreshing IP repositories
INFO: [IP_Flow 19-1700] Loaded user IP repository '/home/oppenyes/workspace/my_git/e203_for_davinci/user_ip'.
INFO: [IP_Flow 19-3899] Cannot get the environment domain name variable for the component vendor name. Setting the vendor name to 'user.org'.
INFO: [IP_Flow 19-3899] Cannot get the environment domain name variable for the component vendor name. Setting the vendor name to 'user.org'.
INFO: [IP_Flow 19-3899] Cannot get the environment domain name variable for the component vendor name. Setting the vendor name to 'user.org'.
startgroup
create_bd_cell -type ip -vlnv xilinx.com:user:system_e203:4.0 system_e203_0
endgroup
ipx::edit_ip_in_project -upgrade true -name system_e203_v4_0_project -directory /home/oppenyes/workspace/my_git/e203_for_davinci/prj/sys_top_bd/sys_top_bd.tmp/system_e203_v4_0_project /home/oppenyes/workspace/my_git/e203_for_davinci/user_ip/xilinx.com_user_system_e203_1.0/component.xml
INFO: [IP_Flow 19-234] Refreshing IP repositories
INFO: [IP_Flow 19-1704] No user IP repositories specified
INFO: [IP_Flow 19-2313] Loaded Vivado IP repository '/tools/Xilinx/Vivado/2020.2/data/ip'.
create_project: Time (s): cpu = 00:00:05 ; elapsed = 00:00:05 . Memory (MB): peak = 9006.801 ; gain = 0.000 ; free physical = 11224 ; free virtual = 16909
INFO: [IP_Flow 19-234] Refreshing IP repositories
INFO: [IP_Flow 19-1700] Loaded user IP repository '/home/oppenyes/workspace/my_git/e203_for_davinci/user_ip'.
INFO: [IP_Flow 19-795] Syncing license key meta-data
ipx::edit_ip_in_project: Time (s): cpu = 00:00:10 ; elapsed = 00:00:09 . Memory (MB): peak = 9006.801 ; gain = 0.000 ; free physical = 11191 ; free virtual = 16876
update_compile_order -fileset sources_1
ipx::merge_project_changes hdl_parameters [ipx::current_core]
INFO: [IP_Flow 19-3899] Cannot get the environment domain name variable for the component vendor name. Setting the vendor name to 'user.org'.
WARNING: [IP_Flow 19-5226] Project source file '/home/oppenyes/workspace/my_git/e203_for_davinci/user_ip/xilinx.com_user_system_e203_1.0/component.xml' ignored by IP packager.
INFO: [IP_Flow 19-1842] HDL Parser: Found include file "perips/apb_i2c/i2c_master_defines.v" from the top-level HDL file.
INFO: [IP_Flow 19-1842] HDL Parser: Found include file "core/e203_defines.v" from the top-level HDL file.
INFO: [IP_Flow 19-1842] HDL Parser: Found include file "core/config.v" from the top-level HDL file.
INFO: [IP_Flow 19-3164] Bus Interface 'expl_axi': References existing address space 'expl_axi'.
set_property previous_version_for_upgrade {xilinx.com:user:sirv_gnrl_icb2ahbl:1.0 xilinx.com:user:system_e203:1.0 xilinx.com:user:system_e203:2.1 xilinx.com:user:system_e203:2.2 xilinx.com:user:system_e203:2.3 xilinx.com:user:system_e203:3.0 xilinx.com:user:system_e203:4.0} [ipx::current_core]
set_property core_revision 1 [ipx::current_core]
ipx::create_xgui_files [ipx::current_core]
ipx::update_checksums [ipx::current_core]
ipx::check_integrity [ipx::current_core]
WARNING: [IP_Flow 19-2403] Component Definition 'xilinx.com:user:e203_lite:1.0 (e203_lite)': Unrecognized Family "akintex7"
WARNING: [IP_Flow 19-2403] Component Definition 'xilinx.com:user:e203_lite:1.0 (e203_lite)': Unrecognized Family "qartix7"
WARNING: [IP_Flow 19-2403] Component Definition 'xilinx.com:user:e203_lite:1.0 (e203_lite)': Unrecognized Family "qkintex7"
WARNING: [IP_Flow 19-2403] Component Definition 'xilinx.com:user:e203_lite:1.0 (e203_lite)': Unrecognized Family "qkintex7l"
WARNING: [IP_Flow 19-2403] Component Definition 'xilinx.com:user:e203_lite:1.0 (e203_lite)': Unrecognized Family "qvirtex7"
WARNING: [IP_Flow 19-2403] Component Definition 'xilinx.com:user:e203_lite:1.0 (e203_lite)': Unrecognized Family "qzynq"
WARNING: [IP_Flow 19-2403] Component Definition 'xilinx.com:user:e203_lite:1.0 (e203_lite)': Unrecognized Family "versal"
WARNING: [IP_Flow 19-2403] Component Definition 'xilinx.com:user:e203_lite:1.0 (e203_lite)': Unrecognized Family "virtex7"
WARNING: [IP_Flow 19-2403] Component Definition 'xilinx.com:user:e203_lite:1.0 (e203_lite)': Unrecognized Family "virtexu"
WARNING: [IP_Flow 19-3157] Bus Interface 'rst_n': Bus parameter POLARITY is ACTIVE_LOW but port 'ck_rst' is not *resetn - please double check the POLARITY setting.
INFO: [IP_Flow 19-7067] Note that bus interface 'clk_16M' has a fixed FREQ_HZ of '16000000'. This value will be respected whenever this IP is instantiated in IP Integrator.
INFO: [IP_Flow 19-2181] Payment Required is not set for this core.
INFO: [IP_Flow 19-2187] The Product Guide file is missing.
INFO: [Ipptcl 7-1486] check_integrity: Integrity check passed.
ipx::save_core [ipx::current_core]
ipx::move_temp_component_back -component [ipx::current_core]
close_project -delete
update_ip_catalog -rebuild -repo_path /home/oppenyes/workspace/my_git/e203_for_davinci/user_ip
INFO: [IP_Flow 19-725] Reloaded user IP repository '/home/oppenyes/workspace/my_git/e203_for_davinci/user_ip'
report_ip_status -name ip_status 
upgrade_ip [get_ips  system_top_system_e203_0_2] -log ip_upgrade.log
Upgrading '/home/oppenyes/workspace/my_git/e203_for_davinci/prj/sys_top_bd/sys_top_bd.srcs/sources_1/bd/system_top/system_top.bd'
INFO: [IP_Flow 19-1972] Upgraded system_top_system_e203_0_2 from system_e203 4.0 to e203_lite 1.0
WARNING: [IP_Flow 19-4700] Upgrade has removed port 'gpioA'
WARNING: [IP_Flow 19-4700] Upgrade has removed port 'gpioB'
WARNING: [IP_Flow 19-4700] Upgrade has removed port 'mcu_wakeup'
WARNING: [IP_Flow 19-4700] Upgrade has removed port 'pmu_paden'
WARNING: [IP_Flow 19-4700] Upgrade has removed port 'pmu_padrst'
WARNING: [IP_Flow 19-4700] Upgrade has removed port 'user_irq_0'
WARNING: [IP_Flow 19-4700] Upgrade has removed port 'user_irq_1'
WARNING: [IP_Flow 19-4698] Upgrade has added port 'gpioA_16'
WARNING: [IP_Flow 19-4698] Upgrade has added port 'gpioA_17'
WARNING: [IP_Flow 19-4698] Upgrade has added port 'gpioA_21'
WARNING: [IP_Flow 19-4698] Upgrade has added port 'gpioA_22'
WARNING: [IP_Flow 19-3298] Detected external port differences while upgrading 'system_top_system_e203_0_2'. These changes may impact your design.
CRITICAL WARNING: [Coretcl 2-1279] The upgrade of 'system_top_system_e203_0_2' has identified issues that may require user intervention. Please review the upgrade log '/home/oppenyes/workspace/my_git/e203_for_davinci/prj/sys_top_bd/ip_upgrade.log', and verify that the upgraded IP is correctly configured.
Wrote  : </home/oppenyes/workspace/my_git/e203_for_davinci/prj/sys_top_bd/sys_top_bd.srcs/sources_1/bd/system_top/system_top.bd> 
Wrote  : </home/oppenyes/workspace/my_git/e203_for_davinci/prj/sys_top_bd/sys_top_bd.srcs/sources_1/bd/system_top/ui/bd_9edf8fa5.ui> 
INFO: [Coretcl 2-1525] Wrote upgrade log to '/home/oppenyes/workspace/my_git/e203_for_davinci/prj/sys_top_bd/ip_upgrade.log'.
export_ip_user_files -of_objects [get_ips system_top_system_e203_0_2] -no_script -sync -force -quiet
set_property location {4 1234 498} [get_bd_cells system_e203_0]
connect_bd_net [get_bd_ports mcu_TDO] [get_bd_pins system_e203_0/mcu_TDO]
connect_bd_net [get_bd_ports mcu_TCK] [get_bd_pins system_e203_0/mcu_TCK]
connect_bd_net [get_bd_ports mcu_TDI] [get_bd_pins system_e203_0/mcu_TDI]
connect_bd_net [get_bd_ports mcu_TMS] [get_bd_pins system_e203_0/mcu_TMS]
connect_bd_net [get_bd_ports LED0] [get_bd_pins system_e203_0/gpioA_21]
connect_bd_net [get_bd_ports LED1] [get_bd_pins system_e203_0/gpioA_22]
connect_bd_net [get_bd_ports uart_rxd] [get_bd_pins system_e203_0/gpioA_16]
connect_bd_net [get_bd_ports uart_txd] [get_bd_pins system_e203_0/gpioA_17]
connect_bd_intf_net -boundary_type upper [get_bd_intf_pins axi_interconnect_0/S00_AXI] [get_bd_intf_pins system_e203_0/expl_axi]
connect_bd_net [get_bd_pins system_e203_0/clk_16M] [get_bd_pins clk_wiz_0/clk_out2]
connect_bd_net [get_bd_ports sys_rst_n] [get_bd_pins system_e203_0/ck_rst]
connect_bd_net [get_bd_pins clk_32768Hz_0/clk_32768Hz] [get_bd_pins system_e203_0/CLK32768KHZ]
validate_bd_design
CRITICAL WARNING: [BD 41-1356] Slave segment </mig_7series_0/memmap/memaddr> is not assigned into address space </system_e203_0/expl_axi>. Please use Address Editor to either assign or exclude it.
CRITICAL WARNING: [BD 41-1356] Slave segment </axi_gpio_0/S_AXI/Reg> is not assigned into address space </system_e203_0/expl_axi>. Please use Address Editor to either assign or exclude it.
CRITICAL WARNING: [BD 41-1356] Slave segment </axi_gpio_1/S_AXI/Reg> is not assigned into address space </system_e203_0/expl_axi>. Please use Address Editor to either assign or exclude it.
INFO: [xilinx.com:ip:clk_wiz:6.0-1] /clk_wiz_0 clk_wiz propagate
validate_bd_design: Time (s): cpu = 00:00:11 ; elapsed = 00:00:12 . Memory (MB): peak = 9093.891 ; gain = 0.000 ; free physical = 11132 ; free virtual = 16810
assign_bd_address -target_address_space /system_e203_0/expl_axi [get_bd_addr_segs axi_gpio_0/S_AXI/Reg] -force
Slave segment '/axi_gpio_0/S_AXI/Reg' is being assigned into address space '/system_e203_0/expl_axi' at <0x4000_0000 [ 64K ]>.
assign_bd_address
Slave segment '/mig_7series_0/memmap/memaddr' is being assigned into address space '/system_e203_0/expl_axi' at <0x8000_0000 [ 512M ]>.
Slave segment '/axi_gpio_1/S_AXI/Reg' is being assigned into address space '/system_e203_0/expl_axi' at <0x4001_0000 [ 64K ]>.
set_property offset 0x60000000 [get_bd_addr_segs {system_e203_0/expl_axi/SEG_mig_7series_0_memaddr}]
report_ip_status -name ip_status 
save_bd_design
Wrote  : </home/oppenyes/workspace/my_git/e203_for_davinci/prj/sys_top_bd/sys_top_bd.srcs/sources_1/bd/system_top/system_top.bd> 
Wrote  : </home/oppenyes/workspace/my_git/e203_for_davinci/prj/sys_top_bd/sys_top_bd.srcs/sources_1/bd/system_top/ui/bd_9edf8fa5.ui> 
reset_run synth_1
reset_run system_top_xbar_0_synth_1
launch_runs impl_1 -to_step write_bitstream -jobs 8
INFO: [xilinx.com:ip:clk_wiz:6.0-1] /clk_wiz_0 clk_wiz propagate
Wrote  : </home/oppenyes/workspace/my_git/e203_for_davinci/prj/sys_top_bd/sys_top_bd.srcs/sources_1/bd/system_top/system_top.bd> 
Wrote  : </home/oppenyes/workspace/my_git/e203_for_davinci/prj/sys_top_bd/sys_top_bd.srcs/sources_1/bd/system_top/ui/bd_9edf8fa5.ui> 
VHDL Output written to : /home/oppenyes/workspace/my_git/e203_for_davinci/prj/sys_top_bd/sys_top_bd.gen/sources_1/bd/system_top/synth/system_top.v
VHDL Output written to : /home/oppenyes/workspace/my_git/e203_for_davinci/prj/sys_top_bd/sys_top_bd.gen/sources_1/bd/system_top/sim/system_top.v
VHDL Output written to : /home/oppenyes/workspace/my_git/e203_for_davinci/prj/sys_top_bd/sys_top_bd.gen/sources_1/bd/system_top/hdl/system_top_wrapper.v
INFO: [BD 41-1029] Generation completed for the IP Integrator block system_e203_0 .
WARNING: [IP_Flow 19-4994] Overwriting existing constraint file '/home/oppenyes/workspace/my_git/e203_for_davinci/prj/sys_top_bd/sys_top_bd.gen/sources_1/bd/system_top/ip/system_top_auto_pc_2/system_top_auto_pc_2_ooc.xdc'
INFO: [BD 41-1029] Generation completed for the IP Integrator block axi_interconnect_0/s00_couplers/auto_pc .
WARNING: [IP_Flow 19-4994] Overwriting existing constraint file '/home/oppenyes/workspace/my_git/e203_for_davinci/prj/sys_top_bd/sys_top_bd.gen/sources_1/bd/system_top/ip/system_top_auto_cc_0/system_top_auto_cc_0_ooc.xdc'
WARNING: [IP_Flow 19-5611] Unable to find an associated reset port for the interface 'S_AXI'. A default connection has been created.
WARNING: [IP_Flow 19-5611] Unable to find an associated reset port for the interface 'M_AXI'. A default connection has been created.
INFO: [BD 41-1029] Generation completed for the IP Integrator block axi_interconnect_0/m00_couplers/auto_cc .
WARNING: [IP_Flow 19-4994] Overwriting existing constraint file '/home/oppenyes/workspace/my_git/e203_for_davinci/prj/sys_top_bd/sys_top_bd.gen/sources_1/bd/system_top/ip/system_top_auto_pc_0/system_top_auto_pc_0_ooc.xdc'
INFO: [BD 41-1029] Generation completed for the IP Integrator block axi_interconnect_0/m01_couplers/auto_pc .
WARNING: [IP_Flow 19-4994] Overwriting existing constraint file '/home/oppenyes/workspace/my_git/e203_for_davinci/prj/sys_top_bd/sys_top_bd.gen/sources_1/bd/system_top/ip/system_top_auto_pc_1/system_top_auto_pc_1_ooc.xdc'
INFO: [BD 41-1029] Generation completed for the IP Integrator block axi_interconnect_0/m02_couplers/auto_pc .
Exporting to file /home/oppenyes/workspace/my_git/e203_for_davinci/prj/sys_top_bd/sys_top_bd.gen/sources_1/bd/system_top/hw_handoff/system_top.hwh
Generated Block Design Tcl file /home/oppenyes/workspace/my_git/e203_for_davinci/prj/sys_top_bd/sys_top_bd.gen/sources_1/bd/system_top/hw_handoff/system_top_bd.tcl
Generated Hardware Definition File /home/oppenyes/workspace/my_git/e203_for_davinci/prj/sys_top_bd/sys_top_bd.gen/sources_1/bd/system_top/synth/system_top.hwdef
INFO: [IP_Flow 19-7066] Running IP cache check for IP system_top_auto_cc_0
INFO: [IP_Flow 19-7066] Running IP cache check for IP system_top_auto_pc_0
INFO: [IP_Flow 19-7066] Running IP cache check for IP system_top_auto_pc_1
INFO: [IP_Flow 19-7066] Running IP cache check for IP system_top_auto_pc_2
INFO: [IP_Flow 19-7066] Running IP cache check for IP system_top_system_e203_0_2
INFO: [IP_Flow 19-4993] Using cached IP synthesis design for IP system_top_auto_cc_0, cache-ID = 4371307b86152534; cache size = 23.888 MB.
INFO: [IP_Flow 19-4993] Using cached IP synthesis design for IP system_top_auto_pc_0, cache-ID = 0e0222d94dd9feee; cache size = 23.888 MB.
INFO: [IP_Flow 19-4993] Using cached IP synthesis design for IP system_top_auto_pc_1, cache-ID = 0e0222d94dd9feee; cache size = 23.888 MB.
INFO: [IP_Flow 19-4993] Using cached IP synthesis design for IP system_top_auto_pc_2, cache-ID = 6899be0996a73f82; cache size = 23.888 MB.
[Tue Feb 18 13:55:00 2025] Launched system_top_xbar_0_synth_1, system_top_system_e203_0_2_synth_1, synth_1...
Run output will be captured here:
system_top_xbar_0_synth_1: /home/oppenyes/workspace/my_git/e203_for_davinci/prj/sys_top_bd/sys_top_bd.runs/system_top_xbar_0_synth_1/runme.log
system_top_system_e203_0_2_synth_1: /home/oppenyes/workspace/my_git/e203_for_davinci/prj/sys_top_bd/sys_top_bd.runs/system_top_system_e203_0_2_synth_1/runme.log
synth_1: /home/oppenyes/workspace/my_git/e203_for_davinci/prj/sys_top_bd/sys_top_bd.runs/synth_1/runme.log
[Tue Feb 18 13:55:00 2025] Launched impl_1...
Run output will be captured here: /home/oppenyes/workspace/my_git/e203_for_davinci/prj/sys_top_bd/sys_top_bd.runs/impl_1/runme.log
launch_runs: Time (s): cpu = 00:00:20 ; elapsed = 00:00:23 . Memory (MB): peak = 9192.832 ; gain = 98.941 ; free physical = 10914 ; free virtual = 16603
report_ip_status -name ip_status 
update_ip_catalog -rebuild -scan_changes
INFO: [IP_Flow 19-234] Refreshing IP repositories
INFO: [IP_Flow 19-1700] Loaded user IP repository '/home/oppenyes/workspace/my_git/e203_for_davinci/user_ip'.
report_ip_status -name ip_status
upgrade_ip -vlnv xilinx.com:user:e203_lite:1.0 [get_ips  system_top_system_e203_0_2] -log ip_upgrade.log
Upgrading '/home/oppenyes/workspace/my_git/e203_for_davinci/prj/sys_top_bd/sys_top_bd.srcs/sources_1/bd/system_top/system_top.bd'
INFO: [IP_Flow 19-1972] Upgraded system_top_system_e203_0_2 from e203_lite 1.0 to e203_lite 1.0
Wrote  : </home/oppenyes/workspace/my_git/e203_for_davinci/prj/sys_top_bd/sys_top_bd.srcs/sources_1/bd/system_top/system_top.bd> 
Wrote  : </home/oppenyes/workspace/my_git/e203_for_davinci/prj/sys_top_bd/sys_top_bd.srcs/sources_1/bd/system_top/ui/bd_9edf8fa5.ui> 
INFO: [Coretcl 2-1525] Wrote upgrade log to '/home/oppenyes/workspace/my_git/e203_for_davinci/prj/sys_top_bd/ip_upgrade.log'.
export_ip_user_files -of_objects [get_ips system_top_system_e203_0_2] -no_script -sync -force -quiet
ipx::edit_ip_in_project -upgrade true -name e203_lite_v1_0_project -directory /home/oppenyes/workspace/my_git/e203_for_davinci/prj/sys_top_bd/sys_top_bd.tmp/e203_lite_v1_0_project /home/oppenyes/workspace/my_git/e203_for_davinci/user_ip/xilinx.com_user_system_e203_1.0/component.xml
INFO: [IP_Flow 19-234] Refreshing IP repositories
INFO: [IP_Flow 19-1704] No user IP repositories specified
INFO: [IP_Flow 19-2313] Loaded Vivado IP repository '/tools/Xilinx/Vivado/2020.2/data/ip'.
create_project: Time (s): cpu = 00:00:06 ; elapsed = 00:00:05 . Memory (MB): peak = 9199.891 ; gain = 0.000 ; free physical = 10935 ; free virtual = 16628
INFO: [IP_Flow 19-234] Refreshing IP repositories
INFO: [IP_Flow 19-1700] Loaded user IP repository '/home/oppenyes/workspace/my_git/e203_for_davinci/user_ip'.
INFO: [IP_Flow 19-795] Syncing license key meta-data
ipx::edit_ip_in_project: Time (s): cpu = 00:00:09 ; elapsed = 00:00:08 . Memory (MB): peak = 9199.891 ; gain = 0.000 ; free physical = 10937 ; free virtual = 16628
update_compile_order -fileset sources_1
ipx::merge_project_changes hdl_parameters [ipx::current_core]
INFO: [IP_Flow 19-3899] Cannot get the environment domain name variable for the component vendor name. Setting the vendor name to 'user.org'.
WARNING: [IP_Flow 19-5226] Project source file '/home/oppenyes/workspace/my_git/e203_for_davinci/user_ip/xilinx.com_user_system_e203_1.0/component.xml' ignored by IP packager.
INFO: [IP_Flow 19-1842] HDL Parser: Found include file "perips/apb_i2c/i2c_master_defines.v" from the top-level HDL file.
INFO: [IP_Flow 19-1842] HDL Parser: Found include file "core/e203_defines.v" from the top-level HDL file.
INFO: [IP_Flow 19-1842] HDL Parser: Found include file "core/config.v" from the top-level HDL file.
INFO: [IP_Flow 19-3164] Bus Interface 'expl_axi': References existing address space 'expl_axi'.
set_property previous_version_for_upgrade {xilinx.com:user:sirv_gnrl_icb2ahbl:1.0 xilinx.com:user:system_e203:1.0 xilinx.com:user:system_e203:2.1 xilinx.com:user:system_e203:2.2 xilinx.com:user:system_e203:2.3 xilinx.com:user:system_e203:3.0 xilinx.com:user:system_e203:4.0 xilinx.com:user:e203_lite:1.0} [ipx::current_core]
set_property core_revision 1 [ipx::current_core]
ipx::create_xgui_files [ipx::current_core]
ipx::update_checksums [ipx::current_core]
ipx::check_integrity [ipx::current_core]
WARNING: [IP_Flow 19-2403] Component Definition 'xilinx.com:user:e203_lite:1.1 (e203_lite)': Unrecognized Family "akintex7"
WARNING: [IP_Flow 19-2403] Component Definition 'xilinx.com:user:e203_lite:1.1 (e203_lite)': Unrecognized Family "qartix7"
WARNING: [IP_Flow 19-2403] Component Definition 'xilinx.com:user:e203_lite:1.1 (e203_lite)': Unrecognized Family "qkintex7"
WARNING: [IP_Flow 19-2403] Component Definition 'xilinx.com:user:e203_lite:1.1 (e203_lite)': Unrecognized Family "qkintex7l"
WARNING: [IP_Flow 19-2403] Component Definition 'xilinx.com:user:e203_lite:1.1 (e203_lite)': Unrecognized Family "qvirtex7"
WARNING: [IP_Flow 19-2403] Component Definition 'xilinx.com:user:e203_lite:1.1 (e203_lite)': Unrecognized Family "qzynq"
WARNING: [IP_Flow 19-2403] Component Definition 'xilinx.com:user:e203_lite:1.1 (e203_lite)': Unrecognized Family "versal"
WARNING: [IP_Flow 19-2403] Component Definition 'xilinx.com:user:e203_lite:1.1 (e203_lite)': Unrecognized Family "virtex7"
WARNING: [IP_Flow 19-2403] Component Definition 'xilinx.com:user:e203_lite:1.1 (e203_lite)': Unrecognized Family "virtexu"
WARNING: [IP_Flow 19-3157] Bus Interface 'rst_n': Bus parameter POLARITY is ACTIVE_LOW but port 'ck_rst' is not *resetn - please double check the POLARITY setting.
INFO: [IP_Flow 19-7067] Note that bus interface 'clk_16M' has a fixed FREQ_HZ of '16000000'. This value will be respected whenever this IP is instantiated in IP Integrator.
INFO: [IP_Flow 19-2181] Payment Required is not set for this core.
INFO: [IP_Flow 19-2187] The Product Guide file is missing.
INFO: [Ipptcl 7-1486] check_integrity: Integrity check passed.
ipx::save_core [ipx::current_core]
ipx::move_temp_component_back -component [ipx::current_core]
close_project -delete
update_ip_catalog -rebuild -repo_path /home/oppenyes/workspace/my_git/e203_for_davinci/user_ip
INFO: [IP_Flow 19-725] Reloaded user IP repository '/home/oppenyes/workspace/my_git/e203_for_davinci/user_ip'
upgrade_ip -vlnv xilinx.com:user:e203_lite:1.1 [get_ips  system_top_system_e203_0_2] -log ip_upgrade.log
Upgrading '/home/oppenyes/workspace/my_git/e203_for_davinci/prj/sys_top_bd/sys_top_bd.srcs/sources_1/bd/system_top/system_top.bd'
INFO: [IP_Flow 19-1972] Upgraded system_top_system_e203_0_2 from e203_lite 1.0 to e203_lite 1.1
WARNING: [IP_Flow 19-4700] Upgrade has removed port 'gpioA_16'
WARNING: [IP_Flow 19-4700] Upgrade has removed port 'gpioA_17'
WARNING: [IP_Flow 19-4700] Upgrade has removed port 'gpioA_21'
WARNING: [IP_Flow 19-4700] Upgrade has removed port 'gpioA_22'
WARNING: [IP_Flow 19-4698] Upgrade has added port 'gpioA'
WARNING: [IP_Flow 19-3298] Detected external port differences while upgrading 'system_top_system_e203_0_2'. These changes may impact your design.
CRITICAL WARNING: [BD 41-1167] The pin 'gpioA_16' is not found on the upgraded version of the cell '/system_e203_0'. Its connection to the net 'Net6' has been removed.
CRITICAL WARNING: [BD 41-1167] The pin 'gpioA_17' is not found on the upgraded version of the cell '/system_e203_0'. Its connection to the net 'Net7' has been removed.
CRITICAL WARNING: [BD 41-1167] The pin 'gpioA_21' is not found on the upgraded version of the cell '/system_e203_0'. Its connection to the net 'Net4' has been removed.
CRITICAL WARNING: [BD 41-1167] The pin 'gpioA_22' is not found on the upgraded version of the cell '/system_e203_0'. Its connection to the net 'Net5' has been removed.
CRITICAL WARNING: [Coretcl 2-1279] The upgrade of 'system_top_system_e203_0_2' has identified issues that may require user intervention. Please review the upgrade log '/home/oppenyes/workspace/my_git/e203_for_davinci/prj/sys_top_bd/ip_upgrade.log', and verify that the upgraded IP is correctly configured.
Wrote  : </home/oppenyes/workspace/my_git/e203_for_davinci/prj/sys_top_bd/sys_top_bd.srcs/sources_1/bd/system_top/system_top.bd> 
Wrote  : </home/oppenyes/workspace/my_git/e203_for_davinci/prj/sys_top_bd/sys_top_bd.srcs/sources_1/bd/system_top/ui/bd_9edf8fa5.ui> 
INFO: [Coretcl 2-1525] Wrote upgrade log to '/home/oppenyes/workspace/my_git/e203_for_davinci/prj/sys_top_bd/ip_upgrade.log'.
export_ip_user_files -of_objects [get_ips system_top_system_e203_0_2] -no_script -sync -force -quiet
startgroup
create_bd_cell -type ip -vlnv xilinx.com:ip:xlslice:1.0 xlslice_0
endgroup
set_property location {4.5 1456 414} [get_bd_cells xlslice_0]
delete_bd_objs [get_bd_cells xlslice_0]
startgroup
create_bd_cell -type ip -vlnv xilinx.com:ip:util_reduced_logic:2.0 util_reduced_logic_0
endgroup
set_property location {4.5 1461 432} [get_bd_cells util_reduced_logic_0]
connect_bd_net [get_bd_pins util_reduced_logic_0/Op1] [get_bd_pins system_e203_0/qspi0_sck]
delete_bd_objs [get_bd_nets system_e203_0_qspi0_sck] [get_bd_cells util_reduced_logic_0]
startgroup
create_bd_cell -type ip -vlnv xilinx.com:ip:util_vector_logic:2.0 util_vector_logic_0
endgroup
set_property location {4.5 1453 456} [get_bd_cells util_vector_logic_0]
delete_bd_objs [get_bd_cells util_vector_logic_0]
ipx::edit_ip_in_project -upgrade true -name e203_lite_v1_1_project -directory /home/oppenyes/workspace/my_git/e203_for_davinci/prj/sys_top_bd/sys_top_bd.tmp/e203_lite_v1_1_project /home/oppenyes/workspace/my_git/e203_for_davinci/user_ip/xilinx.com_user_system_e203_1.0/component.xml
INFO: [IP_Flow 19-234] Refreshing IP repositories
INFO: [IP_Flow 19-1704] No user IP repositories specified
INFO: [IP_Flow 19-2313] Loaded Vivado IP repository '/tools/Xilinx/Vivado/2020.2/data/ip'.
create_project: Time (s): cpu = 00:00:05 ; elapsed = 00:00:06 . Memory (MB): peak = 9441.434 ; gain = 0.000 ; free physical = 10824 ; free virtual = 16519
INFO: [IP_Flow 19-234] Refreshing IP repositories
INFO: [IP_Flow 19-1700] Loaded user IP repository '/home/oppenyes/workspace/my_git/e203_for_davinci/user_ip'.
INFO: [IP_Flow 19-795] Syncing license key meta-data
ipx::edit_ip_in_project: Time (s): cpu = 00:00:10 ; elapsed = 00:00:10 . Memory (MB): peak = 9441.434 ; gain = 0.000 ; free physical = 10818 ; free virtual = 16514
update_compile_order -fileset sources_1
ipx::merge_project_changes hdl_parameters [ipx::current_core]
INFO: [IP_Flow 19-3899] Cannot get the environment domain name variable for the component vendor name. Setting the vendor name to 'user.org'.
WARNING: [IP_Flow 19-5226] Project source file '/home/oppenyes/workspace/my_git/e203_for_davinci/user_ip/xilinx.com_user_system_e203_1.0/component.xml' ignored by IP packager.
CRITICAL WARNING: [IP_Flow 19-5174] Port 'gpioA' : The IP packager does not currently support inout ports with unpacked notation
INFO: [IP_Flow 19-1842] HDL Parser: Found include file "perips/apb_i2c/i2c_master_defines.v" from the top-level HDL file.
INFO: [IP_Flow 19-1842] HDL Parser: Found include file "core/e203_defines.v" from the top-level HDL file.
INFO: [IP_Flow 19-1842] HDL Parser: Found include file "core/config.v" from the top-level HDL file.
INFO: [IP_Flow 19-3164] Bus Interface 'expl_axi': References existing address space 'expl_axi'.
ipx::merge_project_changes ports [ipx::current_core]
INFO: [IP_Flow 19-3899] Cannot get the environment domain name variable for the component vendor name. Setting the vendor name to 'user.org'.
WARNING: [IP_Flow 19-5226] Project source file '/home/oppenyes/workspace/my_git/e203_for_davinci/user_ip/xilinx.com_user_system_e203_1.0/component.xml' ignored by IP packager.
CRITICAL WARNING: [IP_Flow 19-5174] Port 'gpioA' : The IP packager does not currently support inout ports with unpacked notation
INFO: [IP_Flow 19-1842] HDL Parser: Found include file "perips/apb_i2c/i2c_master_defines.v" from the top-level HDL file.
INFO: [IP_Flow 19-1842] HDL Parser: Found include file "core/e203_defines.v" from the top-level HDL file.
INFO: [IP_Flow 19-1842] HDL Parser: Found include file "core/config.v" from the top-level HDL file.
INFO: [IP_Flow 19-3164] Bus Interface 'expl_axi': References existing address space 'expl_axi'.
ipx::merge_project_changes hdl_parameters [ipx::current_core]
INFO: [IP_Flow 19-3899] Cannot get the environment domain name variable for the component vendor name. Setting the vendor name to 'user.org'.
WARNING: [IP_Flow 19-5226] Project source file '/home/oppenyes/workspace/my_git/e203_for_davinci/user_ip/xilinx.com_user_system_e203_1.0/component.xml' ignored by IP packager.
INFO: [IP_Flow 19-1842] HDL Parser: Found include file "perips/apb_i2c/i2c_master_defines.v" from the top-level HDL file.
INFO: [IP_Flow 19-1842] HDL Parser: Found include file "core/e203_defines.v" from the top-level HDL file.
INFO: [IP_Flow 19-1842] HDL Parser: Found include file "core/config.v" from the top-level HDL file.
INFO: [IP_Flow 19-3164] Bus Interface 'expl_axi': References existing address space 'expl_axi'.
set_property driver_value 0 [ipx::get_ports gpioA -of_objects [ipx::current_core]]
set_property size_left 21 [ipx::get_ports gpioA -of_objects [ipx::current_core]]
set_property size_right 16 [ipx::get_ports gpioA -of_objects [ipx::current_core]]
ipx::merge_project_changes ports [ipx::current_core]
INFO: [IP_Flow 19-3899] Cannot get the environment domain name variable for the component vendor name. Setting the vendor name to 'user.org'.
WARNING: [IP_Flow 19-5226] Project source file '/home/oppenyes/workspace/my_git/e203_for_davinci/user_ip/xilinx.com_user_system_e203_1.0/component.xml' ignored by IP packager.
INFO: [IP_Flow 19-1842] HDL Parser: Found include file "perips/apb_i2c/i2c_master_defines.v" from the top-level HDL file.
INFO: [IP_Flow 19-1842] HDL Parser: Found include file "core/e203_defines.v" from the top-level HDL file.
INFO: [IP_Flow 19-1842] HDL Parser: Found include file "core/config.v" from the top-level HDL file.
INFO: [IP_Flow 19-3164] Bus Interface 'expl_axi': References existing address space 'expl_axi'.
ipx::merge_project_changes hdl_parameters [ipx::current_core]
INFO: [IP_Flow 19-3899] Cannot get the environment domain name variable for the component vendor name. Setting the vendor name to 'user.org'.
WARNING: [IP_Flow 19-5226] Project source file '/home/oppenyes/workspace/my_git/e203_for_davinci/user_ip/xilinx.com_user_system_e203_1.0/component.xml' ignored by IP packager.
INFO: [IP_Flow 19-1842] HDL Parser: Found include file "perips/apb_i2c/i2c_master_defines.v" from the top-level HDL file.
INFO: [IP_Flow 19-1842] HDL Parser: Found include file "core/e203_defines.v" from the top-level HDL file.
INFO: [IP_Flow 19-1842] HDL Parser: Found include file "core/config.v" from the top-level HDL file.
INFO: [IP_Flow 19-3164] Bus Interface 'expl_axi': References existing address space 'expl_axi'.
set_property size_left 21 [ipx::get_ports gpioA -of_objects [ipx::current_core]]
set_property size_right 16 [ipx::get_ports gpioA -of_objects [ipx::current_core]]
set_property previous_version_for_upgrade {xilinx.com:user:sirv_gnrl_icb2ahbl:1.0 xilinx.com:user:system_e203:1.0 xilinx.com:user:system_e203:2.1 xilinx.com:user:system_e203:2.2 xilinx.com:user:system_e203:2.3 xilinx.com:user:system_e203:3.0 xilinx.com:user:system_e203:4.0 xilinx.com:user:e203_lite:1.0 xilinx.com:user:e203_lite:1.1} [ipx::current_core]
set_property core_revision 1 [ipx::current_core]
ipx::create_xgui_files [ipx::current_core]
ipx::update_checksums [ipx::current_core]
ipx::check_integrity [ipx::current_core]
WARNING: [IP_Flow 19-2403] Component Definition 'xilinx.com:user:e203_lite:1.2 (e203_lite)': Unrecognized Family "akintex7"
WARNING: [IP_Flow 19-2403] Component Definition 'xilinx.com:user:e203_lite:1.2 (e203_lite)': Unrecognized Family "qartix7"
WARNING: [IP_Flow 19-2403] Component Definition 'xilinx.com:user:e203_lite:1.2 (e203_lite)': Unrecognized Family "qkintex7"
WARNING: [IP_Flow 19-2403] Component Definition 'xilinx.com:user:e203_lite:1.2 (e203_lite)': Unrecognized Family "qkintex7l"
WARNING: [IP_Flow 19-2403] Component Definition 'xilinx.com:user:e203_lite:1.2 (e203_lite)': Unrecognized Family "qvirtex7"
WARNING: [IP_Flow 19-2403] Component Definition 'xilinx.com:user:e203_lite:1.2 (e203_lite)': Unrecognized Family "qzynq"
WARNING: [IP_Flow 19-2403] Component Definition 'xilinx.com:user:e203_lite:1.2 (e203_lite)': Unrecognized Family "versal"
WARNING: [IP_Flow 19-2403] Component Definition 'xilinx.com:user:e203_lite:1.2 (e203_lite)': Unrecognized Family "virtex7"
WARNING: [IP_Flow 19-2403] Component Definition 'xilinx.com:user:e203_lite:1.2 (e203_lite)': Unrecognized Family "virtexu"
WARNING: [IP_Flow 19-3157] Bus Interface 'rst_n': Bus parameter POLARITY is ACTIVE_LOW but port 'ck_rst' is not *resetn - please double check the POLARITY setting.
INFO: [IP_Flow 19-7067] Note that bus interface 'clk_16M' has a fixed FREQ_HZ of '16000000'. This value will be respected whenever this IP is instantiated in IP Integrator.
INFO: [IP_Flow 19-2181] Payment Required is not set for this core.
INFO: [IP_Flow 19-2187] The Product Guide file is missing.
INFO: [Ipptcl 7-1486] check_integrity: Integrity check passed.
ipx::save_core [ipx::current_core]
ipx::move_temp_component_back -component [ipx::current_core]
close_project -delete
update_ip_catalog -rebuild -repo_path /home/oppenyes/workspace/my_git/e203_for_davinci/user_ip
INFO: [IP_Flow 19-725] Reloaded user IP repository '/home/oppenyes/workspace/my_git/e203_for_davinci/user_ip'
report_ip_status -name ip_status 
upgrade_ip -vlnv xilinx.com:user:e203_lite:1.2 [get_ips  system_top_system_e203_0_2] -log ip_upgrade.log
Upgrading '/home/oppenyes/workspace/my_git/e203_for_davinci/prj/sys_top_bd/sys_top_bd.srcs/sources_1/bd/system_top/system_top.bd'
INFO: [IP_Flow 19-1972] Upgraded system_top_system_e203_0_2 from e203_lite 1.1 to e203_lite 1.2
WARNING: [IP_Flow 19-4706] Upgraded port 'gpioA' width 6 differs from original width 32
WARNING: [IP_Flow 19-3298] Detected external port differences while upgrading 'system_top_system_e203_0_2'. These changes may impact your design.
CRITICAL WARNING: [Coretcl 2-1279] The upgrade of 'system_top_system_e203_0_2' has identified issues that may require user intervention. Please review the upgrade log '/home/oppenyes/workspace/my_git/e203_for_davinci/prj/sys_top_bd/ip_upgrade.log', and verify that the upgraded IP is correctly configured.
Wrote  : </home/oppenyes/workspace/my_git/e203_for_davinci/prj/sys_top_bd/sys_top_bd.srcs/sources_1/bd/system_top/system_top.bd> 
Wrote  : </home/oppenyes/workspace/my_git/e203_for_davinci/prj/sys_top_bd/sys_top_bd.srcs/sources_1/bd/system_top/ui/bd_9edf8fa5.ui> 
INFO: [Coretcl 2-1525] Wrote upgrade log to '/home/oppenyes/workspace/my_git/e203_for_davinci/prj/sys_top_bd/ip_upgrade.log'.
export_ip_user_files -of_objects [get_ips system_top_system_e203_0_2] -no_script -sync -force -quiet
delete_bd_objs [get_bd_nets Net5] [get_bd_nets Net7] [get_bd_nets Net4] [get_bd_nets Net6] [get_bd_nets Net] [get_bd_ports LED1] [get_bd_ports uart_txd] [get_bd_ports LED0] [get_bd_ports uart_rxd] [get_bd_ports mcu_TDO]
undo
INFO: [Common 17-17] undo 'delete_bd_objs [get_bd_nets Net5] [get_bd_nets Net7] [get_bd_nets Net4] [get_bd_nets Net6] [get_bd_nets Net] [get_bd_ports LED1] [get_bd_ports uart_txd] [get_bd_ports LED0] [get_bd_ports uart_rxd] [get_bd_ports mcu_TDO]'
startgroup
make_bd_pins_external  [get_bd_pins system_e203_0/gpioA]
endgroup
set_property name gpioA [get_bd_ports gpioA_0]
validate_bd_design
INFO: [xilinx.com:ip:clk_wiz:6.0-1] /clk_wiz_0 clk_wiz propagate
validate_bd_design: Time (s): cpu = 00:00:12 ; elapsed = 00:00:12 . Memory (MB): peak = 9441.434 ; gain = 0.000 ; free physical = 10784 ; free virtual = 16477
add_files -fileset constrs_1 -norecurse /home/oppenyes/workspace/my_git/e203_for_davinci/constrs/davinci-master.xdc
save_bd_design
Wrote  : </home/oppenyes/workspace/my_git/e203_for_davinci/prj/sys_top_bd/sys_top_bd.srcs/sources_1/bd/system_top/system_top.bd> 
Wrote  : </home/oppenyes/workspace/my_git/e203_for_davinci/prj/sys_top_bd/sys_top_bd.srcs/sources_1/bd/system_top/ui/bd_9edf8fa5.ui> 
reset_run synth_1
launch_runs synth_1 -jobs 8
INFO: [BD 41-1662] The design 'system_top.bd' is already validated. Therefore parameter propagation will not be re-run.
VHDL Output written to : /home/oppenyes/workspace/my_git/e203_for_davinci/prj/sys_top_bd/sys_top_bd.gen/sources_1/bd/system_top/synth/system_top.v
VHDL Output written to : /home/oppenyes/workspace/my_git/e203_for_davinci/prj/sys_top_bd/sys_top_bd.gen/sources_1/bd/system_top/sim/system_top.v
VHDL Output written to : /home/oppenyes/workspace/my_git/e203_for_davinci/prj/sys_top_bd/sys_top_bd.gen/sources_1/bd/system_top/hdl/system_top_wrapper.v
INFO: [BD 41-1029] Generation completed for the IP Integrator block system_e203_0 .
WARNING: [IP_Flow 19-4994] Overwriting existing constraint file '/home/oppenyes/workspace/my_git/e203_for_davinci/prj/sys_top_bd/sys_top_bd.gen/sources_1/bd/system_top/ip/system_top_auto_pc_2/system_top_auto_pc_2_ooc.xdc'
INFO: [BD 41-1029] Generation completed for the IP Integrator block axi_interconnect_0/s00_couplers/auto_pc .
WARNING: [IP_Flow 19-4994] Overwriting existing constraint file '/home/oppenyes/workspace/my_git/e203_for_davinci/prj/sys_top_bd/sys_top_bd.gen/sources_1/bd/system_top/ip/system_top_auto_cc_0/system_top_auto_cc_0_ooc.xdc'
WARNING: [IP_Flow 19-5611] Unable to find an associated reset port for the interface 'S_AXI'. A default connection has been created.
WARNING: [IP_Flow 19-5611] Unable to find an associated reset port for the interface 'M_AXI'. A default connection has been created.
INFO: [BD 41-1029] Generation completed for the IP Integrator block axi_interconnect_0/m00_couplers/auto_cc .
WARNING: [IP_Flow 19-4994] Overwriting existing constraint file '/home/oppenyes/workspace/my_git/e203_for_davinci/prj/sys_top_bd/sys_top_bd.gen/sources_1/bd/system_top/ip/system_top_auto_pc_0/system_top_auto_pc_0_ooc.xdc'
INFO: [BD 41-1029] Generation completed for the IP Integrator block axi_interconnect_0/m01_couplers/auto_pc .
WARNING: [IP_Flow 19-4994] Overwriting existing constraint file '/home/oppenyes/workspace/my_git/e203_for_davinci/prj/sys_top_bd/sys_top_bd.gen/sources_1/bd/system_top/ip/system_top_auto_pc_1/system_top_auto_pc_1_ooc.xdc'
INFO: [BD 41-1029] Generation completed for the IP Integrator block axi_interconnect_0/m02_couplers/auto_pc .
Exporting to file /home/oppenyes/workspace/my_git/e203_for_davinci/prj/sys_top_bd/sys_top_bd.gen/sources_1/bd/system_top/hw_handoff/system_top.hwh
Generated Block Design Tcl file /home/oppenyes/workspace/my_git/e203_for_davinci/prj/sys_top_bd/sys_top_bd.gen/sources_1/bd/system_top/hw_handoff/system_top_bd.tcl
Generated Hardware Definition File /home/oppenyes/workspace/my_git/e203_for_davinci/prj/sys_top_bd/sys_top_bd.gen/sources_1/bd/system_top/synth/system_top.hwdef
INFO: [IP_Flow 19-7066] Running IP cache check for IP system_top_auto_cc_0
INFO: [IP_Flow 19-7066] Running IP cache check for IP system_top_auto_pc_0
INFO: [IP_Flow 19-7066] Running IP cache check for IP system_top_auto_pc_1
INFO: [IP_Flow 19-7066] Running IP cache check for IP system_top_auto_pc_2
INFO: [IP_Flow 19-7066] Running IP cache check for IP system_top_system_e203_0_2
INFO: [IP_Flow 19-4993] Using cached IP synthesis design for IP system_top_auto_cc_0, cache-ID = 4371307b86152534; cache size = 23.888 MB.
INFO: [IP_Flow 19-4993] Using cached IP synthesis design for IP system_top_auto_pc_0, cache-ID = 0e0222d94dd9feee; cache size = 23.888 MB.
INFO: [IP_Flow 19-4993] Using cached IP synthesis design for IP system_top_auto_pc_1, cache-ID = 0e0222d94dd9feee; cache size = 23.888 MB.
INFO: [IP_Flow 19-4993] Using cached IP synthesis design for IP system_top_auto_pc_2, cache-ID = 6899be0996a73f82; cache size = 23.888 MB.
[Tue Feb 18 14:25:43 2025] Launched system_top_system_e203_0_2_synth_1...
Run output will be captured here: /home/oppenyes/workspace/my_git/e203_for_davinci/prj/sys_top_bd/sys_top_bd.runs/system_top_system_e203_0_2_synth_1/runme.log
[Tue Feb 18 14:25:43 2025] Launched synth_1...
Run output will be captured here: /home/oppenyes/workspace/my_git/e203_for_davinci/prj/sys_top_bd/sys_top_bd.runs/synth_1/runme.log
launch_runs: Time (s): cpu = 00:00:08 ; elapsed = 00:00:10 . Memory (MB): peak = 9529.367 ; gain = 87.934 ; free physical = 10679 ; free virtual = 16382
delete_bd_objs [get_bd_nets Net5] [get_bd_nets Net4] [get_bd_nets Net6] [get_bd_nets Net7] [get_bd_ports LED1] [get_bd_ports LED0] [get_bd_ports uart_rxd] [get_bd_ports uart_txd]
save_bd_design
Wrote  : </home/oppenyes/workspace/my_git/e203_for_davinci/prj/sys_top_bd/sys_top_bd.srcs/sources_1/bd/system_top/system_top.bd> 
Wrote  : </home/oppenyes/workspace/my_git/e203_for_davinci/prj/sys_top_bd/sys_top_bd.srcs/sources_1/bd/system_top/ui/bd_9edf8fa5.ui> 
reset_run synth_1
reset_run system_top_system_e203_0_2_synth_1
make_wrapper -files [get_files /home/oppenyes/workspace/my_git/e203_for_davinci/prj/sys_top_bd/sys_top_bd.srcs/sources_1/bd/system_top/system_top.bd] -top
INFO: [xilinx.com:ip:clk_wiz:6.0-1] /clk_wiz_0 clk_wiz propagate
Wrote  : </home/oppenyes/workspace/my_git/e203_for_davinci/prj/sys_top_bd/sys_top_bd.srcs/sources_1/bd/system_top/system_top.bd> 
VHDL Output written to : /home/oppenyes/workspace/my_git/e203_for_davinci/prj/sys_top_bd/sys_top_bd.gen/sources_1/bd/system_top/synth/system_top.v
VHDL Output written to : /home/oppenyes/workspace/my_git/e203_for_davinci/prj/sys_top_bd/sys_top_bd.gen/sources_1/bd/system_top/sim/system_top.v
VHDL Output written to : /home/oppenyes/workspace/my_git/e203_for_davinci/prj/sys_top_bd/sys_top_bd.gen/sources_1/bd/system_top/hdl/system_top_wrapper.v
make_wrapper: Time (s): cpu = 00:00:11 ; elapsed = 00:00:12 . Memory (MB): peak = 9616.402 ; gain = 0.000 ; free physical = 10734 ; free virtual = 16433
launch_runs impl_1 -to_step write_bitstream -jobs 8
INFO: [BD 41-1662] The design 'system_top.bd' is already validated. Therefore parameter propagation will not be re-run.
Wrote  : </home/oppenyes/workspace/my_git/e203_for_davinci/prj/sys_top_bd/sys_top_bd.srcs/sources_1/bd/system_top/system_top.bd> 
VHDL Output written to : /home/oppenyes/workspace/my_git/e203_for_davinci/prj/sys_top_bd/sys_top_bd.gen/sources_1/bd/system_top/synth/system_top.v
VHDL Output written to : /home/oppenyes/workspace/my_git/e203_for_davinci/prj/sys_top_bd/sys_top_bd.gen/sources_1/bd/system_top/sim/system_top.v
VHDL Output written to : /home/oppenyes/workspace/my_git/e203_for_davinci/prj/sys_top_bd/sys_top_bd.gen/sources_1/bd/system_top/hdl/system_top_wrapper.v
WARNING: [IP_Flow 19-4994] Overwriting existing constraint file '/home/oppenyes/workspace/my_git/e203_for_davinci/prj/sys_top_bd/sys_top_bd.gen/sources_1/bd/system_top/ip/system_top_auto_pc_2/system_top_auto_pc_2_ooc.xdc'
INFO: [BD 41-1029] Generation completed for the IP Integrator block axi_interconnect_0/s00_couplers/auto_pc .
WARNING: [IP_Flow 19-4994] Overwriting existing constraint file '/home/oppenyes/workspace/my_git/e203_for_davinci/prj/sys_top_bd/sys_top_bd.gen/sources_1/bd/system_top/ip/system_top_auto_cc_0/system_top_auto_cc_0_ooc.xdc'
WARNING: [IP_Flow 19-5611] Unable to find an associated reset port for the interface 'S_AXI'. A default connection has been created.
WARNING: [IP_Flow 19-5611] Unable to find an associated reset port for the interface 'M_AXI'. A default connection has been created.
INFO: [BD 41-1029] Generation completed for the IP Integrator block axi_interconnect_0/m00_couplers/auto_cc .
WARNING: [IP_Flow 19-4994] Overwriting existing constraint file '/home/oppenyes/workspace/my_git/e203_for_davinci/prj/sys_top_bd/sys_top_bd.gen/sources_1/bd/system_top/ip/system_top_auto_pc_0/system_top_auto_pc_0_ooc.xdc'
INFO: [BD 41-1029] Generation completed for the IP Integrator block axi_interconnect_0/m01_couplers/auto_pc .
WARNING: [IP_Flow 19-4994] Overwriting existing constraint file '/home/oppenyes/workspace/my_git/e203_for_davinci/prj/sys_top_bd/sys_top_bd.gen/sources_1/bd/system_top/ip/system_top_auto_pc_1/system_top_auto_pc_1_ooc.xdc'
INFO: [BD 41-1029] Generation completed for the IP Integrator block axi_interconnect_0/m02_couplers/auto_pc .
Exporting to file /home/oppenyes/workspace/my_git/e203_for_davinci/prj/sys_top_bd/sys_top_bd.gen/sources_1/bd/system_top/hw_handoff/system_top.hwh
Generated Block Design Tcl file /home/oppenyes/workspace/my_git/e203_for_davinci/prj/sys_top_bd/sys_top_bd.gen/sources_1/bd/system_top/hw_handoff/system_top_bd.tcl
Generated Hardware Definition File /home/oppenyes/workspace/my_git/e203_for_davinci/prj/sys_top_bd/sys_top_bd.gen/sources_1/bd/system_top/synth/system_top.hwdef
INFO: [IP_Flow 19-7066] Running IP cache check for IP system_top_auto_cc_0
INFO: [IP_Flow 19-7066] Running IP cache check for IP system_top_auto_pc_0
INFO: [IP_Flow 19-7066] Running IP cache check for IP system_top_auto_pc_1
INFO: [IP_Flow 19-7066] Running IP cache check for IP system_top_auto_pc_2
INFO: [IP_Flow 19-7066] Running IP cache check for IP system_top_system_e203_0_2
INFO: [IP_Flow 19-4993] Using cached IP synthesis design for IP system_top_auto_cc_0, cache-ID = 4371307b86152534; cache size = 23.888 MB.
INFO: [IP_Flow 19-4993] Using cached IP synthesis design for IP system_top_auto_pc_0, cache-ID = 0e0222d94dd9feee; cache size = 23.888 MB.
INFO: [IP_Flow 19-4993] Using cached IP synthesis design for IP system_top_auto_pc_1, cache-ID = 0e0222d94dd9feee; cache size = 23.888 MB.
INFO: [IP_Flow 19-4993] Using cached IP synthesis design for IP system_top_auto_pc_2, cache-ID = 6899be0996a73f82; cache size = 23.888 MB.
[Tue Feb 18 14:30:19 2025] Launched system_top_system_e203_0_2_synth_1, synth_1...
Run output will be captured here:
system_top_system_e203_0_2_synth_1: /home/oppenyes/workspace/my_git/e203_for_davinci/prj/sys_top_bd/sys_top_bd.runs/system_top_system_e203_0_2_synth_1/runme.log
synth_1: /home/oppenyes/workspace/my_git/e203_for_davinci/prj/sys_top_bd/sys_top_bd.runs/synth_1/runme.log
[Tue Feb 18 14:30:19 2025] Launched impl_1...
Run output will be captured here: /home/oppenyes/workspace/my_git/e203_for_davinci/prj/sys_top_bd/sys_top_bd.runs/impl_1/runme.log
launch_runs: Time (s): cpu = 00:00:05 ; elapsed = 00:00:07 . Memory (MB): peak = 9745.414 ; gain = 96.941 ; free physical = 10734 ; free virtual = 16436
report_ip_status -name ip_status 
ipx::edit_ip_in_project -upgrade true -name e203_lite_v1_2_project -directory /home/oppenyes/workspace/my_git/e203_for_davinci/prj/sys_top_bd/sys_top_bd.tmp/e203_lite_v1_2_project /home/oppenyes/workspace/my_git/e203_for_davinci/user_ip/xilinx.com_user_system_e203_1.0/component.xml
INFO: [IP_Flow 19-234] Refreshing IP repositories
INFO: [IP_Flow 19-1704] No user IP repositories specified
INFO: [IP_Flow 19-2313] Loaded Vivado IP repository '/tools/Xilinx/Vivado/2020.2/data/ip'.
create_project: Time (s): cpu = 00:00:08 ; elapsed = 00:00:07 . Memory (MB): peak = 9745.414 ; gain = 0.000 ; free physical = 10708 ; free virtual = 16436
INFO: [IP_Flow 19-234] Refreshing IP repositories
INFO: [IP_Flow 19-1700] Loaded user IP repository '/home/oppenyes/workspace/my_git/e203_for_davinci/user_ip'.
INFO: [IP_Flow 19-795] Syncing license key meta-data
ipx::edit_ip_in_project: Time (s): cpu = 00:00:15 ; elapsed = 00:00:11 . Memory (MB): peak = 9745.414 ; gain = 0.000 ; free physical = 10710 ; free virtual = 16436
update_compile_order -fileset sources_1
CRITICAL WARNING: [IP_Flow 19-1698] Port 'gpioA': Invalid port driver value "X".  The non-negative integer driver value must match "[+]?(0x|0X|#)?[0-9a-fA-F]+[kmgtKMGT]?" pattern.
ipx::merge_project_changes ports [ipx::current_core]
INFO: [IP_Flow 19-3899] Cannot get the environment domain name variable for the component vendor name. Setting the vendor name to 'user.org'.
WARNING: [IP_Flow 19-5226] Project source file '/home/oppenyes/workspace/my_git/e203_for_davinci/user_ip/xilinx.com_user_system_e203_1.0/component.xml' ignored by IP packager.
INFO: [IP_Flow 19-1842] HDL Parser: Found include file "perips/apb_i2c/i2c_master_defines.v" from the top-level HDL file.
INFO: [IP_Flow 19-1842] HDL Parser: Found include file "core/e203_defines.v" from the top-level HDL file.
INFO: [IP_Flow 19-1842] HDL Parser: Found include file "core/config.v" from the top-level HDL file.
INFO: [IP_Flow 19-3164] Bus Interface 'expl_axi': References existing address space 'expl_axi'.
ipx::merge_project_changes: Time (s): cpu = 00:00:05 ; elapsed = 00:00:06 . Memory (MB): peak = 9745.414 ; gain = 0.000 ; free physical = 10650 ; free virtual = 16378
ipx::merge_project_changes ports [ipx::current_core]
INFO: [IP_Flow 19-3899] Cannot get the environment domain name variable for the component vendor name. Setting the vendor name to 'user.org'.
WARNING: [IP_Flow 19-5226] Project source file '/home/oppenyes/workspace/my_git/e203_for_davinci/user_ip/xilinx.com_user_system_e203_1.0/component.xml' ignored by IP packager.
INFO: [IP_Flow 19-1842] HDL Parser: Found include file "perips/apb_i2c/i2c_master_defines.v" from the top-level HDL file.
INFO: [IP_Flow 19-1842] HDL Parser: Found include file "core/e203_defines.v" from the top-level HDL file.
INFO: [IP_Flow 19-1842] HDL Parser: Found include file "core/config.v" from the top-level HDL file.
INFO: [IP_Flow 19-3164] Bus Interface 'expl_axi': References existing address space 'expl_axi'.
ipx::merge_project_changes hdl_parameters [ipx::current_core]
INFO: [IP_Flow 19-3899] Cannot get the environment domain name variable for the component vendor name. Setting the vendor name to 'user.org'.
WARNING: [IP_Flow 19-5226] Project source file '/home/oppenyes/workspace/my_git/e203_for_davinci/user_ip/xilinx.com_user_system_e203_1.0/component.xml' ignored by IP packager.
INFO: [IP_Flow 19-1842] HDL Parser: Found include file "perips/apb_i2c/i2c_master_defines.v" from the top-level HDL file.
INFO: [IP_Flow 19-1842] HDL Parser: Found include file "core/e203_defines.v" from the top-level HDL file.
INFO: [IP_Flow 19-1842] HDL Parser: Found include file "core/config.v" from the top-level HDL file.
INFO: [IP_Flow 19-3164] Bus Interface 'expl_axi': References existing address space 'expl_axi'.
set_property core_revision 2 [ipx::current_core]
ipx::update_source_project_archive -component [ipx::current_core]
ipx::create_xgui_files [ipx::current_core]
ipx::update_checksums [ipx::current_core]
ipx::check_integrity [ipx::current_core]
WARNING: [IP_Flow 19-2403] Component Definition 'xilinx.com:user:e203_lite:1.2 (e203_lite)': Unrecognized Family "akintex7"
WARNING: [IP_Flow 19-2403] Component Definition 'xilinx.com:user:e203_lite:1.2 (e203_lite)': Unrecognized Family "qartix7"
WARNING: [IP_Flow 19-2403] Component Definition 'xilinx.com:user:e203_lite:1.2 (e203_lite)': Unrecognized Family "qkintex7"
WARNING: [IP_Flow 19-2403] Component Definition 'xilinx.com:user:e203_lite:1.2 (e203_lite)': Unrecognized Family "qkintex7l"
WARNING: [IP_Flow 19-2403] Component Definition 'xilinx.com:user:e203_lite:1.2 (e203_lite)': Unrecognized Family "qvirtex7"
WARNING: [IP_Flow 19-2403] Component Definition 'xilinx.com:user:e203_lite:1.2 (e203_lite)': Unrecognized Family "qzynq"
WARNING: [IP_Flow 19-2403] Component Definition 'xilinx.com:user:e203_lite:1.2 (e203_lite)': Unrecognized Family "versal"
WARNING: [IP_Flow 19-2403] Component Definition 'xilinx.com:user:e203_lite:1.2 (e203_lite)': Unrecognized Family "virtex7"
WARNING: [IP_Flow 19-2403] Component Definition 'xilinx.com:user:e203_lite:1.2 (e203_lite)': Unrecognized Family "virtexu"
WARNING: [IP_Flow 19-3157] Bus Interface 'rst_n': Bus parameter POLARITY is ACTIVE_LOW but port 'ck_rst' is not *resetn - please double check the POLARITY setting.
INFO: [IP_Flow 19-7067] Note that bus interface 'clk_16M' has a fixed FREQ_HZ of '16000000'. This value will be respected whenever this IP is instantiated in IP Integrator.
INFO: [IP_Flow 19-2181] Payment Required is not set for this core.
INFO: [IP_Flow 19-2187] The Product Guide file is missing.
INFO: [Ipptcl 7-1486] check_integrity: Integrity check passed.
ipx::save_core [ipx::current_core]
ipx::move_temp_component_back -component [ipx::current_core]
close_project -delete
update_ip_catalog -rebuild -repo_path /home/oppenyes/workspace/my_git/e203_for_davinci/user_ip
INFO: [IP_Flow 19-725] Reloaded user IP repository '/home/oppenyes/workspace/my_git/e203_for_davinci/user_ip'
report_ip_status -name ip_status 
upgrade_ip -vlnv xilinx.com:user:e203_lite:1.2 [get_ips  system_top_system_e203_0_2] -log ip_upgrade.log
Upgrading '/home/oppenyes/workspace/my_git/e203_for_davinci/prj/sys_top_bd/sys_top_bd.srcs/sources_1/bd/system_top/system_top.bd'
INFO: [IP_Flow 19-3422] Upgraded system_top_system_e203_0_2 (e203_lite 1.2) from revision 1 to revision 2
Wrote  : </home/oppenyes/workspace/my_git/e203_for_davinci/prj/sys_top_bd/sys_top_bd.srcs/sources_1/bd/system_top/system_top.bd> 
Wrote  : </home/oppenyes/workspace/my_git/e203_for_davinci/prj/sys_top_bd/sys_top_bd.srcs/sources_1/bd/system_top/ui/bd_9edf8fa5.ui> 
INFO: [Coretcl 2-1525] Wrote upgrade log to '/home/oppenyes/workspace/my_git/e203_for_davinci/prj/sys_top_bd/ip_upgrade.log'.
export_ip_user_files -of_objects [get_ips system_top_system_e203_0_2] -no_script -sync -force -quiet
reset_run synth_1
launch_runs impl_1 -to_step write_bitstream -jobs 8
INFO: [xilinx.com:ip:clk_wiz:6.0-1] /clk_wiz_0 clk_wiz propagate
Wrote  : </home/oppenyes/workspace/my_git/e203_for_davinci/prj/sys_top_bd/sys_top_bd.srcs/sources_1/bd/system_top/system_top.bd> 
Wrote  : </home/oppenyes/workspace/my_git/e203_for_davinci/prj/sys_top_bd/sys_top_bd.srcs/sources_1/bd/system_top/ui/bd_9edf8fa5.ui> 
VHDL Output written to : /home/oppenyes/workspace/my_git/e203_for_davinci/prj/sys_top_bd/sys_top_bd.gen/sources_1/bd/system_top/synth/system_top.v
VHDL Output written to : /home/oppenyes/workspace/my_git/e203_for_davinci/prj/sys_top_bd/sys_top_bd.gen/sources_1/bd/system_top/sim/system_top.v
VHDL Output written to : /home/oppenyes/workspace/my_git/e203_for_davinci/prj/sys_top_bd/sys_top_bd.gen/sources_1/bd/system_top/hdl/system_top_wrapper.v
INFO: [BD 41-1029] Generation completed for the IP Integrator block system_e203_0 .
WARNING: [IP_Flow 19-4994] Overwriting existing constraint file '/home/oppenyes/workspace/my_git/e203_for_davinci/prj/sys_top_bd/sys_top_bd.gen/sources_1/bd/system_top/ip/system_top_auto_pc_2/system_top_auto_pc_2_ooc.xdc'
INFO: [BD 41-1029] Generation completed for the IP Integrator block axi_interconnect_0/s00_couplers/auto_pc .
WARNING: [IP_Flow 19-4994] Overwriting existing constraint file '/home/oppenyes/workspace/my_git/e203_for_davinci/prj/sys_top_bd/sys_top_bd.gen/sources_1/bd/system_top/ip/system_top_auto_cc_0/system_top_auto_cc_0_ooc.xdc'
WARNING: [IP_Flow 19-5611] Unable to find an associated reset port for the interface 'S_AXI'. A default connection has been created.
WARNING: [IP_Flow 19-5611] Unable to find an associated reset port for the interface 'M_AXI'. A default connection has been created.
INFO: [BD 41-1029] Generation completed for the IP Integrator block axi_interconnect_0/m00_couplers/auto_cc .
WARNING: [IP_Flow 19-4994] Overwriting existing constraint file '/home/oppenyes/workspace/my_git/e203_for_davinci/prj/sys_top_bd/sys_top_bd.gen/sources_1/bd/system_top/ip/system_top_auto_pc_0/system_top_auto_pc_0_ooc.xdc'
INFO: [BD 41-1029] Generation completed for the IP Integrator block axi_interconnect_0/m01_couplers/auto_pc .
WARNING: [IP_Flow 19-4994] Overwriting existing constraint file '/home/oppenyes/workspace/my_git/e203_for_davinci/prj/sys_top_bd/sys_top_bd.gen/sources_1/bd/system_top/ip/system_top_auto_pc_1/system_top_auto_pc_1_ooc.xdc'
INFO: [BD 41-1029] Generation completed for the IP Integrator block axi_interconnect_0/m02_couplers/auto_pc .
Exporting to file /home/oppenyes/workspace/my_git/e203_for_davinci/prj/sys_top_bd/sys_top_bd.gen/sources_1/bd/system_top/hw_handoff/system_top.hwh
Generated Block Design Tcl file /home/oppenyes/workspace/my_git/e203_for_davinci/prj/sys_top_bd/sys_top_bd.gen/sources_1/bd/system_top/hw_handoff/system_top_bd.tcl
Generated Hardware Definition File /home/oppenyes/workspace/my_git/e203_for_davinci/prj/sys_top_bd/sys_top_bd.gen/sources_1/bd/system_top/synth/system_top.hwdef
INFO: [IP_Flow 19-7066] Running IP cache check for IP system_top_auto_cc_0
INFO: [IP_Flow 19-7066] Running IP cache check for IP system_top_auto_pc_0
INFO: [IP_Flow 19-7066] Running IP cache check for IP system_top_auto_pc_1
INFO: [IP_Flow 19-7066] Running IP cache check for IP system_top_auto_pc_2
INFO: [IP_Flow 19-7066] Running IP cache check for IP system_top_system_e203_0_2
INFO: [IP_Flow 19-4993] Using cached IP synthesis design for IP system_top_auto_cc_0, cache-ID = 4371307b86152534; cache size = 49.834 MB.
INFO: [IP_Flow 19-4993] Using cached IP synthesis design for IP system_top_auto_pc_0, cache-ID = 0e0222d94dd9feee; cache size = 49.834 MB.
INFO: [IP_Flow 19-4993] Using cached IP synthesis design for IP system_top_auto_pc_1, cache-ID = 0e0222d94dd9feee; cache size = 49.834 MB.
INFO: [IP_Flow 19-4993] Using cached IP synthesis design for IP system_top_auto_pc_2, cache-ID = 6899be0996a73f82; cache size = 49.834 MB.
[Tue Feb 18 14:56:38 2025] Launched system_top_system_e203_0_2_synth_1, synth_1...
Run output will be captured here:
system_top_system_e203_0_2_synth_1: /home/oppenyes/workspace/my_git/e203_for_davinci/prj/sys_top_bd/sys_top_bd.runs/system_top_system_e203_0_2_synth_1/runme.log
synth_1: /home/oppenyes/workspace/my_git/e203_for_davinci/prj/sys_top_bd/sys_top_bd.runs/synth_1/runme.log
[Tue Feb 18 14:56:38 2025] Launched impl_1...
Run output will be captured here: /home/oppenyes/workspace/my_git/e203_for_davinci/prj/sys_top_bd/sys_top_bd.runs/impl_1/runme.log
launch_runs: Time (s): cpu = 00:00:26 ; elapsed = 00:00:35 . Memory (MB): peak = 9924.391 ; gain = 149.910 ; free physical = 10651 ; free virtual = 16367
ipx::edit_ip_in_project -upgrade true -name e203_lite_v1_2_project -directory /home/oppenyes/workspace/my_git/e203_for_davinci/prj/sys_top_bd/sys_top_bd.tmp/e203_lite_v1_2_project /home/oppenyes/workspace/my_git/e203_for_davinci/user_ip/xilinx.com_user_system_e203_1.0/component.xml
INFO: [IP_Flow 19-234] Refreshing IP repositories
INFO: [IP_Flow 19-1704] No user IP repositories specified
INFO: [IP_Flow 19-2313] Loaded Vivado IP repository '/tools/Xilinx/Vivado/2020.2/data/ip'.
create_project: Time (s): cpu = 00:00:05 ; elapsed = 00:00:06 . Memory (MB): peak = 9943.457 ; gain = 0.000 ; free physical = 10638 ; free virtual = 16381
INFO: [IP_Flow 19-234] Refreshing IP repositories
INFO: [IP_Flow 19-1700] Loaded user IP repository '/home/oppenyes/workspace/my_git/e203_for_davinci/user_ip'.
INFO: [IP_Flow 19-795] Syncing license key meta-data
ipx::edit_ip_in_project: Time (s): cpu = 00:00:09 ; elapsed = 00:00:11 . Memory (MB): peak = 9943.457 ; gain = 0.000 ; free physical = 10637 ; free virtual = 16376
update_compile_order -fileset sources_1
set_property core_revision 3 [ipx::current_core]
ipx::update_source_project_archive -component [ipx::current_core]
ipx::create_xgui_files [ipx::current_core]
ipx::update_checksums [ipx::current_core]
ipx::check_integrity [ipx::current_core]
WARNING: [IP_Flow 19-2403] Component Definition 'xilinx.com:user:e203_lite:1.2 (e203_lite)': Unrecognized Family "akintex7"
WARNING: [IP_Flow 19-2403] Component Definition 'xilinx.com:user:e203_lite:1.2 (e203_lite)': Unrecognized Family "qartix7"
WARNING: [IP_Flow 19-2403] Component Definition 'xilinx.com:user:e203_lite:1.2 (e203_lite)': Unrecognized Family "qkintex7"
WARNING: [IP_Flow 19-2403] Component Definition 'xilinx.com:user:e203_lite:1.2 (e203_lite)': Unrecognized Family "qkintex7l"
WARNING: [IP_Flow 19-2403] Component Definition 'xilinx.com:user:e203_lite:1.2 (e203_lite)': Unrecognized Family "qvirtex7"
WARNING: [IP_Flow 19-2403] Component Definition 'xilinx.com:user:e203_lite:1.2 (e203_lite)': Unrecognized Family "qzynq"
WARNING: [IP_Flow 19-2403] Component Definition 'xilinx.com:user:e203_lite:1.2 (e203_lite)': Unrecognized Family "versal"
WARNING: [IP_Flow 19-2403] Component Definition 'xilinx.com:user:e203_lite:1.2 (e203_lite)': Unrecognized Family "virtex7"
WARNING: [IP_Flow 19-2403] Component Definition 'xilinx.com:user:e203_lite:1.2 (e203_lite)': Unrecognized Family "virtexu"
WARNING: [IP_Flow 19-3157] Bus Interface 'rst_n': Bus parameter POLARITY is ACTIVE_LOW but port 'ck_rst' is not *resetn - please double check the POLARITY setting.
INFO: [IP_Flow 19-7067] Note that bus interface 'clk_16M' has a fixed FREQ_HZ of '16000000'. This value will be respected whenever this IP is instantiated in IP Integrator.
INFO: [IP_Flow 19-2181] Payment Required is not set for this core.
INFO: [IP_Flow 19-2187] The Product Guide file is missing.
INFO: [Ipptcl 7-1486] check_integrity: Integrity check passed.
ipx::save_core [ipx::current_core]
ipx::move_temp_component_back -component [ipx::current_core]
close_project -delete
update_ip_catalog -rebuild -repo_path /home/oppenyes/workspace/my_git/e203_for_davinci/user_ip
INFO: [IP_Flow 19-725] Reloaded user IP repository '/home/oppenyes/workspace/my_git/e203_for_davinci/user_ip'
report_ip_status -name ip_status 
upgrade_ip -vlnv xilinx.com:user:e203_lite:1.2 [get_ips  system_top_system_e203_0_2] -log ip_upgrade.log
Upgrading '/home/oppenyes/workspace/my_git/e203_for_davinci/prj/sys_top_bd/sys_top_bd.srcs/sources_1/bd/system_top/system_top.bd'
INFO: [IP_Flow 19-3422] Upgraded system_top_system_e203_0_2 (e203_lite 1.2) from revision 2 to revision 3
WARNING: [IP_Flow 19-4706] Upgraded port 'gpioA' width 32 differs from original width 6
WARNING: [IP_Flow 19-3298] Detected external port differences while upgrading 'system_top_system_e203_0_2'. These changes may impact your design.
CRITICAL WARNING: [Coretcl 2-1279] The upgrade of 'system_top_system_e203_0_2' has identified issues that may require user intervention. Please review the upgrade log '/home/oppenyes/workspace/my_git/e203_for_davinci/prj/sys_top_bd/ip_upgrade.log', and verify that the upgraded IP is correctly configured.
Wrote  : </home/oppenyes/workspace/my_git/e203_for_davinci/prj/sys_top_bd/sys_top_bd.srcs/sources_1/bd/system_top/system_top.bd> 
INFO: [Coretcl 2-1525] Wrote upgrade log to '/home/oppenyes/workspace/my_git/e203_for_davinci/prj/sys_top_bd/ip_upgrade.log'.
export_ip_user_files -of_objects [get_ips system_top_system_e203_0_2] -no_script -sync -force -quiet
report_ip_status -name ip_status 
update_ip_catalog -rebuild -scan_changes
INFO: [IP_Flow 19-234] Refreshing IP repositories
INFO: [IP_Flow 19-1700] Loaded user IP repository '/home/oppenyes/workspace/my_git/e203_for_davinci/user_ip'.
report_ip_status -name ip_status
upgrade_ip -vlnv xilinx.com:user:e203_lite:1.2 [get_ips  system_top_system_e203_0_2] -log ip_upgrade.log
Upgrading '/home/oppenyes/workspace/my_git/e203_for_davinci/prj/sys_top_bd/sys_top_bd.srcs/sources_1/bd/system_top/system_top.bd'
INFO: [IP_Flow 19-1972] Upgraded system_top_system_e203_0_2 from e203_lite 1.2 to e203_lite 1.2
Wrote  : </home/oppenyes/workspace/my_git/e203_for_davinci/prj/sys_top_bd/sys_top_bd.srcs/sources_1/bd/system_top/system_top.bd> 
INFO: [Coretcl 2-1525] Wrote upgrade log to '/home/oppenyes/workspace/my_git/e203_for_davinci/prj/sys_top_bd/ip_upgrade.log'.
export_ip_user_files -of_objects [get_ips system_top_system_e203_0_2] -no_script -sync -force -quiet
report_ip_status -name ip_status 
reset_run synth_1
launch_runs impl_1 -to_step write_bitstream -jobs 8
INFO: [xilinx.com:ip:clk_wiz:6.0-1] /clk_wiz_0 clk_wiz propagate
Wrote  : </home/oppenyes/workspace/my_git/e203_for_davinci/prj/sys_top_bd/sys_top_bd.srcs/sources_1/bd/system_top/system_top.bd> 
CRITICAL WARNING: [BD 41-2383] Width mismatch when connecting input pin '/system_e203_0/gpioA'(32) to pin '/gpioA'(6) - Only lower order bits will be connected, and other input bits of this pin will be left unconnected.
VHDL Output written to : /home/oppenyes/workspace/my_git/e203_for_davinci/prj/sys_top_bd/sys_top_bd.gen/sources_1/bd/system_top/synth/system_top.v
CRITICAL WARNING: [BD 41-2383] Width mismatch when connecting input pin '/system_e203_0/gpioA'(32) to pin '/gpioA'(6) - Only lower order bits will be connected, and other input bits of this pin will be left unconnected.
VHDL Output written to : /home/oppenyes/workspace/my_git/e203_for_davinci/prj/sys_top_bd/sys_top_bd.gen/sources_1/bd/system_top/sim/system_top.v
VHDL Output written to : /home/oppenyes/workspace/my_git/e203_for_davinci/prj/sys_top_bd/sys_top_bd.gen/sources_1/bd/system_top/hdl/system_top_wrapper.v
INFO: [BD 41-1029] Generation completed for the IP Integrator block system_e203_0 .
WARNING: [IP_Flow 19-4994] Overwriting existing constraint file '/home/oppenyes/workspace/my_git/e203_for_davinci/prj/sys_top_bd/sys_top_bd.gen/sources_1/bd/system_top/ip/system_top_auto_pc_2/system_top_auto_pc_2_ooc.xdc'
INFO: [BD 41-1029] Generation completed for the IP Integrator block axi_interconnect_0/s00_couplers/auto_pc .
WARNING: [IP_Flow 19-4994] Overwriting existing constraint file '/home/oppenyes/workspace/my_git/e203_for_davinci/prj/sys_top_bd/sys_top_bd.gen/sources_1/bd/system_top/ip/system_top_auto_cc_0/system_top_auto_cc_0_ooc.xdc'
WARNING: [IP_Flow 19-5611] Unable to find an associated reset port for the interface 'S_AXI'. A default connection has been created.
WARNING: [IP_Flow 19-5611] Unable to find an associated reset port for the interface 'M_AXI'. A default connection has been created.
INFO: [BD 41-1029] Generation completed for the IP Integrator block axi_interconnect_0/m00_couplers/auto_cc .
WARNING: [IP_Flow 19-4994] Overwriting existing constraint file '/home/oppenyes/workspace/my_git/e203_for_davinci/prj/sys_top_bd/sys_top_bd.gen/sources_1/bd/system_top/ip/system_top_auto_pc_0/system_top_auto_pc_0_ooc.xdc'
INFO: [BD 41-1029] Generation completed for the IP Integrator block axi_interconnect_0/m01_couplers/auto_pc .
WARNING: [IP_Flow 19-4994] Overwriting existing constraint file '/home/oppenyes/workspace/my_git/e203_for_davinci/prj/sys_top_bd/sys_top_bd.gen/sources_1/bd/system_top/ip/system_top_auto_pc_1/system_top_auto_pc_1_ooc.xdc'
INFO: [BD 41-1029] Generation completed for the IP Integrator block axi_interconnect_0/m02_couplers/auto_pc .
Exporting to file /home/oppenyes/workspace/my_git/e203_for_davinci/prj/sys_top_bd/sys_top_bd.gen/sources_1/bd/system_top/hw_handoff/system_top.hwh
Generated Block Design Tcl file /home/oppenyes/workspace/my_git/e203_for_davinci/prj/sys_top_bd/sys_top_bd.gen/sources_1/bd/system_top/hw_handoff/system_top_bd.tcl
Generated Hardware Definition File /home/oppenyes/workspace/my_git/e203_for_davinci/prj/sys_top_bd/sys_top_bd.gen/sources_1/bd/system_top/synth/system_top.hwdef
INFO: [IP_Flow 19-7066] Running IP cache check for IP system_top_auto_cc_0
INFO: [IP_Flow 19-7066] Running IP cache check for IP system_top_auto_pc_0
INFO: [IP_Flow 19-7066] Running IP cache check for IP system_top_auto_pc_1
INFO: [IP_Flow 19-7066] Running IP cache check for IP system_top_auto_pc_2
INFO: [IP_Flow 19-7066] Running IP cache check for IP system_top_system_e203_0_2
INFO: [IP_Flow 19-4993] Using cached IP synthesis design for IP system_top_auto_cc_0, cache-ID = 4371307b86152534; cache size = 75.782 MB.
INFO: [IP_Flow 19-4993] Using cached IP synthesis design for IP system_top_auto_pc_0, cache-ID = 0e0222d94dd9feee; cache size = 75.782 MB.
INFO: [IP_Flow 19-4993] Using cached IP synthesis design for IP system_top_auto_pc_1, cache-ID = 0e0222d94dd9feee; cache size = 75.782 MB.
INFO: [IP_Flow 19-4993] Using cached IP synthesis design for IP system_top_auto_pc_2, cache-ID = 6899be0996a73f82; cache size = 75.782 MB.
[Tue Feb 18 15:32:59 2025] Launched system_top_system_e203_0_2_synth_1, synth_1...
Run output will be captured here:
system_top_system_e203_0_2_synth_1: /home/oppenyes/workspace/my_git/e203_for_davinci/prj/sys_top_bd/sys_top_bd.runs/system_top_system_e203_0_2_synth_1/runme.log
synth_1: /home/oppenyes/workspace/my_git/e203_for_davinci/prj/sys_top_bd/sys_top_bd.runs/synth_1/runme.log
[Tue Feb 18 15:32:59 2025] Launched impl_1...
Run output will be captured here: /home/oppenyes/workspace/my_git/e203_for_davinci/prj/sys_top_bd/sys_top_bd.runs/impl_1/runme.log
launch_runs: Time (s): cpu = 00:00:23 ; elapsed = 00:00:29 . Memory (MB): peak = 10095.422 ; gain = 83.992 ; free physical = 10584 ; free virtual = 16322
delete_bd_objs [get_bd_nets Net8] [get_bd_ports gpioA]
startgroup
make_bd_pins_external  [get_bd_pins system_e203_0/gpioA]
endgroup
reset_run synth_1
reset_run system_top_system_e203_0_2_synth_1
set_property name gpioA [get_bd_ports gpioA_0]
save_bd_design
Wrote  : </home/oppenyes/workspace/my_git/e203_for_davinci/prj/sys_top_bd/sys_top_bd.srcs/sources_1/bd/system_top/system_top.bd> 
Wrote  : </home/oppenyes/workspace/my_git/e203_for_davinci/prj/sys_top_bd/sys_top_bd.srcs/sources_1/bd/system_top/ui/bd_9edf8fa5.ui> 
launch_runs impl_1 -to_step write_bitstream -jobs 8
INFO: [xilinx.com:ip:clk_wiz:6.0-1] /clk_wiz_0 clk_wiz propagate
Wrote  : </home/oppenyes/workspace/my_git/e203_for_davinci/prj/sys_top_bd/sys_top_bd.srcs/sources_1/bd/system_top/system_top.bd> 
VHDL Output written to : /home/oppenyes/workspace/my_git/e203_for_davinci/prj/sys_top_bd/sys_top_bd.gen/sources_1/bd/system_top/synth/system_top.v
VHDL Output written to : /home/oppenyes/workspace/my_git/e203_for_davinci/prj/sys_top_bd/sys_top_bd.gen/sources_1/bd/system_top/sim/system_top.v
VHDL Output written to : /home/oppenyes/workspace/my_git/e203_for_davinci/prj/sys_top_bd/sys_top_bd.gen/sources_1/bd/system_top/hdl/system_top_wrapper.v
WARNING: [IP_Flow 19-4994] Overwriting existing constraint file '/home/oppenyes/workspace/my_git/e203_for_davinci/prj/sys_top_bd/sys_top_bd.gen/sources_1/bd/system_top/ip/system_top_auto_pc_2/system_top_auto_pc_2_ooc.xdc'
INFO: [BD 41-1029] Generation completed for the IP Integrator block axi_interconnect_0/s00_couplers/auto_pc .
WARNING: [IP_Flow 19-4994] Overwriting existing constraint file '/home/oppenyes/workspace/my_git/e203_for_davinci/prj/sys_top_bd/sys_top_bd.gen/sources_1/bd/system_top/ip/system_top_auto_cc_0/system_top_auto_cc_0_ooc.xdc'
WARNING: [IP_Flow 19-5611] Unable to find an associated reset port for the interface 'S_AXI'. A default connection has been created.
WARNING: [IP_Flow 19-5611] Unable to find an associated reset port for the interface 'M_AXI'. A default connection has been created.
INFO: [BD 41-1029] Generation completed for the IP Integrator block axi_interconnect_0/m00_couplers/auto_cc .
WARNING: [IP_Flow 19-4994] Overwriting existing constraint file '/home/oppenyes/workspace/my_git/e203_for_davinci/prj/sys_top_bd/sys_top_bd.gen/sources_1/bd/system_top/ip/system_top_auto_pc_0/system_top_auto_pc_0_ooc.xdc'
INFO: [BD 41-1029] Generation completed for the IP Integrator block axi_interconnect_0/m01_couplers/auto_pc .
WARNING: [IP_Flow 19-4994] Overwriting existing constraint file '/home/oppenyes/workspace/my_git/e203_for_davinci/prj/sys_top_bd/sys_top_bd.gen/sources_1/bd/system_top/ip/system_top_auto_pc_1/system_top_auto_pc_1_ooc.xdc'
INFO: [BD 41-1029] Generation completed for the IP Integrator block axi_interconnect_0/m02_couplers/auto_pc .
Exporting to file /home/oppenyes/workspace/my_git/e203_for_davinci/prj/sys_top_bd/sys_top_bd.gen/sources_1/bd/system_top/hw_handoff/system_top.hwh
Generated Block Design Tcl file /home/oppenyes/workspace/my_git/e203_for_davinci/prj/sys_top_bd/sys_top_bd.gen/sources_1/bd/system_top/hw_handoff/system_top_bd.tcl
Generated Hardware Definition File /home/oppenyes/workspace/my_git/e203_for_davinci/prj/sys_top_bd/sys_top_bd.gen/sources_1/bd/system_top/synth/system_top.hwdef
INFO: [IP_Flow 19-7066] Running IP cache check for IP system_top_auto_cc_0
INFO: [IP_Flow 19-7066] Running IP cache check for IP system_top_auto_pc_0
INFO: [IP_Flow 19-7066] Running IP cache check for IP system_top_auto_pc_1
INFO: [IP_Flow 19-7066] Running IP cache check for IP system_top_auto_pc_2
INFO: [IP_Flow 19-7066] Running IP cache check for IP system_top_system_e203_0_2
INFO: [IP_Flow 19-4993] Using cached IP synthesis design for IP system_top_auto_cc_0, cache-ID = 4371307b86152534; cache size = 75.782 MB.
INFO: [IP_Flow 19-4993] Using cached IP synthesis design for IP system_top_auto_pc_0, cache-ID = 0e0222d94dd9feee; cache size = 75.782 MB.
INFO: [IP_Flow 19-4993] Using cached IP synthesis design for IP system_top_auto_pc_1, cache-ID = 0e0222d94dd9feee; cache size = 75.782 MB.
INFO: [IP_Flow 19-4993] Using cached IP synthesis design for IP system_top_auto_pc_2, cache-ID = 6899be0996a73f82; cache size = 75.782 MB.
[Tue Feb 18 15:35:03 2025] Launched system_top_system_e203_0_2_synth_1, synth_1...
Run output will be captured here:
system_top_system_e203_0_2_synth_1: /home/oppenyes/workspace/my_git/e203_for_davinci/prj/sys_top_bd/sys_top_bd.runs/system_top_system_e203_0_2_synth_1/runme.log
synth_1: /home/oppenyes/workspace/my_git/e203_for_davinci/prj/sys_top_bd/sys_top_bd.runs/synth_1/runme.log
[Tue Feb 18 15:35:03 2025] Launched impl_1...
Run output will be captured here: /home/oppenyes/workspace/my_git/e203_for_davinci/prj/sys_top_bd/sys_top_bd.runs/impl_1/runme.log
launch_runs: Time (s): cpu = 00:00:26 ; elapsed = 00:00:31 . Memory (MB): peak = 10256.449 ; gain = 67.875 ; free physical = 10561 ; free virtual = 16298
INFO: [IP_Flow 19-3899] Cannot get the environment domain name variable for the component vendor name. Setting the vendor name to 'user.org'.
copy_run -name impl_1_copy_1 [get_runs impl_1] -parent_run synth_1
copy_run: Time (s): cpu = 00:00:07 ; elapsed = 00:00:06 . Memory (MB): peak = 10304.527 ; gain = 0.000 ; free physical = 10311 ; free virtual = 16088
impl_1_copy_1
set_property part xc7a100tfgg484-2 [current_project]
INFO: [IP_Flow 19-3899] Cannot get the environment domain name variable for the component vendor name. Setting the vendor name to 'user.org'.
INFO: [IP_Flow 19-3899] Cannot get the environment domain name variable for the component vendor name. Setting the vendor name to 'user.org'.
WARNING: [IP_Flow 19-2162] IP 'system_top_clk_wiz_0_0' is locked:
* Current project part 'xc7a100tfgg484-2' and the part 'xc7a200tfbg484-2' used to customize the IP 'system_top_clk_wiz_0_0' do not match.
WARNING: [IP_Flow 19-2162] IP 'system_top_xbar_0' is locked:
* Current project part 'xc7a100tfgg484-2' and the part 'xc7a200tfbg484-2' used to customize the IP 'system_top_xbar_0' do not match.
WARNING: [IP_Flow 19-2162] IP 'system_top_mig_7series_0_1' is locked:
* Current project part 'xc7a100tfgg484-2' and the part 'xc7a200tfbg484-2' used to customize the IP 'system_top_mig_7series_0_1' do not match.
WARNING: [IP_Flow 19-2162] IP 'system_top_util_vector_logic_1_0' is locked:
* Current project part 'xc7a100tfgg484-2' and the part 'xc7a200tfbg484-2' used to customize the IP 'system_top_util_vector_logic_1_0' do not match.
WARNING: [IP_Flow 19-2162] IP 'system_top_axi_gpio_0_0' is locked:
* Current project part 'xc7a100tfgg484-2' and the part 'xc7a200tfbg484-2' used to customize the IP 'system_top_axi_gpio_0_0' do not match.
WARNING: [IP_Flow 19-2162] IP 'system_top_proc_sys_reset_1_0' is locked:
* Current project part 'xc7a100tfgg484-2' and the part 'xc7a200tfbg484-2' used to customize the IP 'system_top_proc_sys_reset_1_0' do not match.
WARNING: [IP_Flow 19-2162] IP 'system_top_proc_sys_reset_0_0' is locked:
* Current project part 'xc7a100tfgg484-2' and the part 'xc7a200tfbg484-2' used to customize the IP 'system_top_proc_sys_reset_0_0' do not match.
WARNING: [IP_Flow 19-2162] IP 'system_top_axi_gpio_0_1' is locked:
* Current project part 'xc7a100tfgg484-2' and the part 'xc7a200tfbg484-2' used to customize the IP 'system_top_axi_gpio_0_1' do not match.
WARNING: [IP_Flow 19-2162] IP 'system_top_clk_32768Hz_0_0' is locked:
* Current project part 'xc7a100tfgg484-2' and the part 'xc7a200tfbg484-2' used to customize the IP 'system_top_clk_32768Hz_0_0' do not match.
WARNING: [IP_Flow 19-2162] IP 'system_top_system_e203_0_2' is locked:
* Current project part 'xc7a100tfgg484-2' and the part 'xc7a200tfbg484-2' used to customize the IP 'system_top_system_e203_0_2' do not match.
INFO: [IP_Flow 19-3899] Cannot get the environment domain name variable for the component vendor name. Setting the vendor name to 'user.org'.
report_ip_status -name ip_status 
upgrade_ip [get_ips  {system_top_axi_gpio_0_0 system_top_axi_interconnect_0_0 system_top_proc_sys_reset_1_0 system_top_axi_gpio_0_1 system_top_clk_wiz_0_0 system_top_clk_32768Hz_0_0 system_top_system_e203_0_2 system_top_util_vector_logic_1_0 system_top_mig_7series_0_1 system_top_proc_sys_reset_0_0}] -log ip_upgrade.log
Upgrading '/home/oppenyes/workspace/my_git/e203_for_davinci/prj/sys_top_bd/sys_top_bd.srcs/sources_1/bd/system_top/system_top.bd'
WARNING: [IP_Flow 19-3374] An attempt to modify the value of disabled parameter 'C_GPIO2_WIDTH' from '32' to '1' has been ignored for IP 'system_top_axi_gpio_0_0'
INFO: [IP_Flow 19-3420] Updated system_top_axi_gpio_0_0 to use current project options
WARNING: [IP_Flow 19-3374] An attempt to modify the value of disabled parameter 'C_GPIO2_WIDTH' from '32' to '1' has been ignored for IP 'system_top_axi_gpio_0_1'
INFO: [IP_Flow 19-3420] Updated system_top_axi_gpio_0_1 to use current project options
INFO: [IP_Flow 19-3420] Updated system_top_axi_interconnect_0_0 to use current project options
INFO: [IP_Flow 19-3420] Updated system_top_clk_32768Hz_0_0 to use current project options
INFO: [IP_Flow 19-3420] Updated system_top_clk_wiz_0_0 to use current project options
ERROR: [xilinx.com:ip:mig_7series:4.2-0] system_top_mig_7series_0_1: Target FPGA device 'xc7a200t' provided in the mig project did not match with the selected FPGA device 'xc7a100t' in project settings. Please cross check the mig project loaded or review the project settings
INFO: [IP_Flow 19-3420] Updated system_top_mig_7series_0_1 to use current project options
ERROR: [xilinx.com:ip:mig_7series:4.2-0] system_top_mig_7series_0_1: Target FPGA device 'xc7a200t' provided in the mig project did not match with the selected FPGA device 'xc7a100t' in project settings. Please cross check the mig project loaded or review the project settings
INFO: [IP_Flow 19-3420] Updated system_top_proc_sys_reset_0_0 to use current project options
INFO: [IP_Flow 19-3420] Updated system_top_proc_sys_reset_1_0 to use current project options
INFO: [IP_Flow 19-3420] Updated system_top_system_e203_0_2 to use current project options
INFO: [IP_Flow 19-3420] Updated system_top_util_vector_logic_1_0 to use current project options
CRITICAL WARNING: [Coretcl 2-1279] The upgrade of 'system_top_axi_gpio_0_0' has identified issues that may require user intervention. Please review the upgrade log '/home/oppenyes/workspace/my_git/e203_for_davinci/prj/sys_top_bd/ip_upgrade.log', and verify that the upgraded IP is correctly configured.
CRITICAL WARNING: [Coretcl 2-1279] The upgrade of 'system_top_axi_gpio_0_1' has identified issues that may require user intervention. Please review the upgrade log '/home/oppenyes/workspace/my_git/e203_for_davinci/prj/sys_top_bd/ip_upgrade.log', and verify that the upgraded IP is correctly configured.
Wrote  : </home/oppenyes/workspace/my_git/e203_for_davinci/prj/sys_top_bd/sys_top_bd.srcs/sources_1/bd/system_top/system_top.bd> 
Wrote  : </home/oppenyes/workspace/my_git/e203_for_davinci/prj/sys_top_bd/sys_top_bd.srcs/sources_1/bd/system_top/ui/bd_9edf8fa5.ui> 
INFO: [Coretcl 2-1525] Wrote upgrade log to '/home/oppenyes/workspace/my_git/e203_for_davinci/prj/sys_top_bd/ip_upgrade.log'.
upgrade_ip: Time (s): cpu = 00:00:30 ; elapsed = 00:00:37 . Memory (MB): peak = 10319.855 ; gain = 15.328 ; free physical = 10024 ; free virtual = 15791
export_ip_user_files -of_objects [get_ips {system_top_axi_gpio_0_0 system_top_axi_interconnect_0_0 system_top_proc_sys_reset_1_0 system_top_axi_gpio_0_1 system_top_clk_wiz_0_0 system_top_clk_32768Hz_0_0 system_top_system_e203_0_2 system_top_util_vector_logic_1_0 system_top_mig_7series_0_1 system_top_proc_sys_reset_0_0}] -no_script -sync -force -quiet
report_ip_status -name ip_status 
ERROR: [xilinx.com:ip:mig_7series:4.2-0] system_top_mig_7series_0_1: Target FPGA device 'xc7a200t' provided in the mig project did not match with the selected FPGA device 'xc7a100t' in project settings. Please cross check the mig project loaded or review the project settings
set_property -name {CONFIG.XML_INPUT_FILE} -value  {mig_b.prj} -objects [get_bd_cells mig_7series_0]
mig_b.prj
set_property -name {CONFIG.RESET_BOARD_INTERFACE} -value  {Custom} -objects [get_bd_cells mig_7series_0]
Custom
set_property -name {CONFIG.MIG_DONT_TOUCH_PARAM} -value  {Custom} -objects [get_bd_cells mig_7series_0]
Custom
set_property -name {CONFIG.BOARD_MIG_PARAM} -value  {Custom} -objects [get_bd_cells mig_7series_0]
Custom
save_bd_design
Wrote  : </home/oppenyes/workspace/my_git/e203_for_davinci/prj/sys_top_bd/sys_top_bd.srcs/sources_1/bd/system_top/system_top.bd> 
Wrote  : </home/oppenyes/workspace/my_git/e203_for_davinci/prj/sys_top_bd/sys_top_bd.srcs/sources_1/bd/system_top/ui/bd_9edf8fa5.ui> 
reset_run synth_1
launch_runs impl_1 -to_step write_bitstream -jobs 8
INFO: [xilinx.com:ip:clk_wiz:6.0-1] /clk_wiz_0 clk_wiz propagate
Wrote  : </home/oppenyes/workspace/my_git/e203_for_davinci/prj/sys_top_bd/sys_top_bd.srcs/sources_1/bd/system_top/system_top.bd> 
VHDL Output written to : /home/oppenyes/workspace/my_git/e203_for_davinci/prj/sys_top_bd/sys_top_bd.gen/sources_1/bd/system_top/synth/system_top.v
VHDL Output written to : /home/oppenyes/workspace/my_git/e203_for_davinci/prj/sys_top_bd/sys_top_bd.gen/sources_1/bd/system_top/sim/system_top.v
VHDL Output written to : /home/oppenyes/workspace/my_git/e203_for_davinci/prj/sys_top_bd/sys_top_bd.gen/sources_1/bd/system_top/hdl/system_top_wrapper.v
INFO: [BD 41-1029] Generation completed for the IP Integrator block clk_wiz_0 .
INFO: [BD 41-1029] Generation completed for the IP Integrator block proc_sys_reset_100M .
INFO: [BD 41-1029] Generation completed for the IP Integrator block proc_sys_reset_16M .
INFO: [BD 41-1029] Generation completed for the IP Integrator block mig_7series_0 .
INFO: [BD 41-1029] Generation completed for the IP Integrator block util_vector_logic_1 .
INFO: [BD 41-1029] Generation completed for the IP Integrator block axi_gpio_0 .
INFO: [BD 41-1029] Generation completed for the IP Integrator block axi_gpio_1 .
INFO: [BD 41-1029] Generation completed for the IP Integrator block clk_32768Hz_0 .
INFO: [BD 41-1029] Generation completed for the IP Integrator block system_e203_0 .
INFO: [BD 41-1029] Generation completed for the IP Integrator block axi_interconnect_0/xbar .
WARNING: [IP_Flow 19-4994] Overwriting existing constraint file '/home/oppenyes/workspace/my_git/e203_for_davinci/prj/sys_top_bd/sys_top_bd.gen/sources_1/bd/system_top/ip/system_top_auto_pc_2/system_top_auto_pc_2_ooc.xdc'
INFO: [BD 41-1029] Generation completed for the IP Integrator block axi_interconnect_0/s00_couplers/auto_pc .
WARNING: [IP_Flow 19-4994] Overwriting existing constraint file '/home/oppenyes/workspace/my_git/e203_for_davinci/prj/sys_top_bd/sys_top_bd.gen/sources_1/bd/system_top/ip/system_top_auto_cc_0/system_top_auto_cc_0_ooc.xdc'
WARNING: [IP_Flow 19-5611] Unable to find an associated reset port for the interface 'S_AXI'. A default connection has been created.
WARNING: [IP_Flow 19-5611] Unable to find an associated reset port for the interface 'M_AXI'. A default connection has been created.
INFO: [BD 41-1029] Generation completed for the IP Integrator block axi_interconnect_0/m00_couplers/auto_cc .
WARNING: [IP_Flow 19-4994] Overwriting existing constraint file '/home/oppenyes/workspace/my_git/e203_for_davinci/prj/sys_top_bd/sys_top_bd.gen/sources_1/bd/system_top/ip/system_top_auto_pc_0/system_top_auto_pc_0_ooc.xdc'
INFO: [BD 41-1029] Generation completed for the IP Integrator block axi_interconnect_0/m01_couplers/auto_pc .
WARNING: [IP_Flow 19-4994] Overwriting existing constraint file '/home/oppenyes/workspace/my_git/e203_for_davinci/prj/sys_top_bd/sys_top_bd.gen/sources_1/bd/system_top/ip/system_top_auto_pc_1/system_top_auto_pc_1_ooc.xdc'
INFO: [BD 41-1029] Generation completed for the IP Integrator block axi_interconnect_0/m02_couplers/auto_pc .
Exporting to file /home/oppenyes/workspace/my_git/e203_for_davinci/prj/sys_top_bd/sys_top_bd.gen/sources_1/bd/system_top/hw_handoff/system_top.hwh
Generated Block Design Tcl file /home/oppenyes/workspace/my_git/e203_for_davinci/prj/sys_top_bd/sys_top_bd.gen/sources_1/bd/system_top/hw_handoff/system_top_bd.tcl
Generated Hardware Definition File /home/oppenyes/workspace/my_git/e203_for_davinci/prj/sys_top_bd/sys_top_bd.gen/sources_1/bd/system_top/synth/system_top.hwdef
INFO: [IP_Flow 19-7066] Running IP cache check for IP system_top_auto_cc_0
INFO: [IP_Flow 19-7066] Running IP cache check for IP system_top_auto_pc_0
INFO: [IP_Flow 19-7066] Running IP cache check for IP system_top_auto_pc_1
INFO: [IP_Flow 19-7066] Running IP cache check for IP system_top_auto_pc_2
INFO: [IP_Flow 19-7066] Running IP cache check for IP system_top_axi_gpio_0_0
INFO: [IP_Flow 19-7066] Running IP cache check for IP system_top_axi_gpio_0_1
INFO: [IP_Flow 19-7066] Running IP cache check for IP system_top_clk_32768Hz_0_0
INFO: [IP_Flow 19-7066] Running IP cache check for IP system_top_clk_wiz_0_0
INFO: [IP_Flow 19-7066] Running IP cache check for IP system_top_mig_7series_0_1
INFO: [IP_Flow 19-7066] Running IP cache check for IP system_top_proc_sys_reset_0_0
INFO: [IP_Flow 19-7066] Running IP cache check for IP system_top_proc_sys_reset_1_0
INFO: [IP_Flow 19-7066] Running IP cache check for IP system_top_system_e203_0_2
INFO: [IP_Flow 19-7066] Running IP cache check for IP system_top_util_vector_logic_1_0
INFO: [IP_Flow 19-7066] Running IP cache check for IP system_top_xbar_0
[Tue Feb 18 16:01:56 2025] Launched system_top_system_e203_0_2_synth_1, system_top_clk_wiz_0_0_synth_1, system_top_proc_sys_reset_1_0_synth_1, system_top_proc_sys_reset_0_0_synth_1, system_top_mig_7series_0_1_synth_1, system_top_util_vector_logic_1_0_synth_1, system_top_axi_gpio_0_0_synth_1, system_top_axi_gpio_0_1_synth_1, system_top_clk_32768Hz_0_0_synth_1, system_top_xbar_0_synth_1, system_top_auto_pc_0_synth_1, system_top_auto_pc_1_synth_1, system_top_auto_pc_2_synth_1, system_top_auto_cc_0_synth_1, synth_1...
Run output will be captured here:
system_top_system_e203_0_2_synth_1: /home/oppenyes/workspace/my_git/e203_for_davinci/prj/sys_top_bd/sys_top_bd.runs/system_top_system_e203_0_2_synth_1/runme.log
system_top_clk_wiz_0_0_synth_1: /home/oppenyes/workspace/my_git/e203_for_davinci/prj/sys_top_bd/sys_top_bd.runs/system_top_clk_wiz_0_0_synth_1/runme.log
system_top_proc_sys_reset_1_0_synth_1: /home/oppenyes/workspace/my_git/e203_for_davinci/prj/sys_top_bd/sys_top_bd.runs/system_top_proc_sys_reset_1_0_synth_1/runme.log
system_top_proc_sys_reset_0_0_synth_1: /home/oppenyes/workspace/my_git/e203_for_davinci/prj/sys_top_bd/sys_top_bd.runs/system_top_proc_sys_reset_0_0_synth_1/runme.log
system_top_mig_7series_0_1_synth_1: /home/oppenyes/workspace/my_git/e203_for_davinci/prj/sys_top_bd/sys_top_bd.runs/system_top_mig_7series_0_1_synth_1/runme.log
system_top_util_vector_logic_1_0_synth_1: /home/oppenyes/workspace/my_git/e203_for_davinci/prj/sys_top_bd/sys_top_bd.runs/system_top_util_vector_logic_1_0_synth_1/runme.log
system_top_axi_gpio_0_0_synth_1: /home/oppenyes/workspace/my_git/e203_for_davinci/prj/sys_top_bd/sys_top_bd.runs/system_top_axi_gpio_0_0_synth_1/runme.log
system_top_axi_gpio_0_1_synth_1: /home/oppenyes/workspace/my_git/e203_for_davinci/prj/sys_top_bd/sys_top_bd.runs/system_top_axi_gpio_0_1_synth_1/runme.log
system_top_clk_32768Hz_0_0_synth_1: /home/oppenyes/workspace/my_git/e203_for_davinci/prj/sys_top_bd/sys_top_bd.runs/system_top_clk_32768Hz_0_0_synth_1/runme.log
system_top_xbar_0_synth_1: /home/oppenyes/workspace/my_git/e203_for_davinci/prj/sys_top_bd/sys_top_bd.runs/system_top_xbar_0_synth_1/runme.log
system_top_auto_pc_0_synth_1: /home/oppenyes/workspace/my_git/e203_for_davinci/prj/sys_top_bd/sys_top_bd.runs/system_top_auto_pc_0_synth_1/runme.log
system_top_auto_pc_1_synth_1: /home/oppenyes/workspace/my_git/e203_for_davinci/prj/sys_top_bd/sys_top_bd.runs/system_top_auto_pc_1_synth_1/runme.log
system_top_auto_pc_2_synth_1: /home/oppenyes/workspace/my_git/e203_for_davinci/prj/sys_top_bd/sys_top_bd.runs/system_top_auto_pc_2_synth_1/runme.log
system_top_auto_cc_0_synth_1: /home/oppenyes/workspace/my_git/e203_for_davinci/prj/sys_top_bd/sys_top_bd.runs/system_top_auto_cc_0_synth_1/runme.log
synth_1: /home/oppenyes/workspace/my_git/e203_for_davinci/prj/sys_top_bd/sys_top_bd.runs/synth_1/runme.log
[Tue Feb 18 16:02:02 2025] Launched impl_1...
Run output will be captured here: /home/oppenyes/workspace/my_git/e203_for_davinci/prj/sys_top_bd/sys_top_bd.runs/impl_1/runme.log
launch_runs: Time (s): cpu = 00:00:53 ; elapsed = 00:01:08 . Memory (MB): peak = 11174.766 ; gain = 587.629 ; free physical = 9223 ; free virtual = 15021
report_ip_status -name ip_status 
reset_run impl_1 -prev_step 
launch_runs impl_1 -to_step write_bitstream -jobs 8
[Tue Feb 18 16:22:03 2025] Launched impl_1...
Run output will be captured here: /home/oppenyes/workspace/my_git/e203_for_davinci/prj/sys_top_bd/sys_top_bd.runs/impl_1/runme.log
reset_run synth_1
launch_runs impl_1 -to_step write_bitstream -jobs 8
[Tue Feb 18 16:23:33 2025] Launched synth_1...
Run output will be captured here: /home/oppenyes/workspace/my_git/e203_for_davinci/prj/sys_top_bd/sys_top_bd.runs/synth_1/runme.log
[Tue Feb 18 16:23:33 2025] Launched impl_1...
Run output will be captured here: /home/oppenyes/workspace/my_git/e203_for_davinci/prj/sys_top_bd/sys_top_bd.runs/impl_1/runme.log
ipx::edit_ip_in_project -upgrade true -name e203_lite_v1_2_project -directory /home/oppenyes/workspace/my_git/e203_for_davinci/prj/sys_top_bd/sys_top_bd.tmp/e203_lite_v1_2_project /home/oppenyes/workspace/my_git/e203_for_davinci/user_ip/xilinx.com_user_system_e203_1.0/component.xml
INFO: [IP_Flow 19-234] Refreshing IP repositories
INFO: [IP_Flow 19-1704] No user IP repositories specified
INFO: [IP_Flow 19-2313] Loaded Vivado IP repository '/tools/Xilinx/Vivado/2020.2/data/ip'.
INFO: [IP_Flow 19-234] Refreshing IP repositories
INFO: [IP_Flow 19-1700] Loaded user IP repository '/home/oppenyes/workspace/my_git/e203_for_davinci/user_ip'.
INFO: [IP_Flow 19-795] Syncing license key meta-data
ipx::edit_ip_in_project: Time (s): cpu = 00:00:07 ; elapsed = 00:00:09 . Memory (MB): peak = 11202.832 ; gain = 0.000 ; free physical = 10163 ; free virtual = 15312
update_compile_order -fileset sources_1
ipx::merge_project_changes ports [ipx::current_core]
INFO: [IP_Flow 19-3899] Cannot get the environment domain name variable for the component vendor name. Setting the vendor name to 'user.org'.
WARNING: [IP_Flow 19-5226] Project source file '/home/oppenyes/workspace/my_git/e203_for_davinci/user_ip/xilinx.com_user_system_e203_1.0/component.xml' ignored by IP packager.
INFO: [IP_Flow 19-1842] HDL Parser: Found include file "perips/apb_i2c/i2c_master_defines.v" from the top-level HDL file.
INFO: [IP_Flow 19-1842] HDL Parser: Found include file "core/e203_defines.v" from the top-level HDL file.
INFO: [IP_Flow 19-1842] HDL Parser: Found include file "core/config.v" from the top-level HDL file.
INFO: [IP_Flow 19-3164] Bus Interface 'expl_axi': References existing address space 'expl_axi'.
ipx::merge_project_changes hdl_parameters [ipx::current_core]
INFO: [IP_Flow 19-3899] Cannot get the environment domain name variable for the component vendor name. Setting the vendor name to 'user.org'.
WARNING: [IP_Flow 19-5226] Project source file '/home/oppenyes/workspace/my_git/e203_for_davinci/user_ip/xilinx.com_user_system_e203_1.0/component.xml' ignored by IP packager.
INFO: [IP_Flow 19-1842] HDL Parser: Found include file "perips/apb_i2c/i2c_master_defines.v" from the top-level HDL file.
INFO: [IP_Flow 19-1842] HDL Parser: Found include file "core/e203_defines.v" from the top-level HDL file.
INFO: [IP_Flow 19-1842] HDL Parser: Found include file "core/config.v" from the top-level HDL file.
INFO: [IP_Flow 19-3164] Bus Interface 'expl_axi': References existing address space 'expl_axi'.
set_property core_revision 4 [ipx::current_core]
ipx::update_source_project_archive -component [ipx::current_core]
ipx::create_xgui_files [ipx::current_core]
ipx::update_checksums [ipx::current_core]
ipx::check_integrity [ipx::current_core]
WARNING: [IP_Flow 19-2403] Component Definition 'xilinx.com:user:e203_lite:1.2 (e203_lite)': Unrecognized Family "akintex7"
WARNING: [IP_Flow 19-2403] Component Definition 'xilinx.com:user:e203_lite:1.2 (e203_lite)': Unrecognized Family "qartix7"
WARNING: [IP_Flow 19-2403] Component Definition 'xilinx.com:user:e203_lite:1.2 (e203_lite)': Unrecognized Family "qkintex7"
WARNING: [IP_Flow 19-2403] Component Definition 'xilinx.com:user:e203_lite:1.2 (e203_lite)': Unrecognized Family "qkintex7l"
WARNING: [IP_Flow 19-2403] Component Definition 'xilinx.com:user:e203_lite:1.2 (e203_lite)': Unrecognized Family "qvirtex7"
WARNING: [IP_Flow 19-2403] Component Definition 'xilinx.com:user:e203_lite:1.2 (e203_lite)': Unrecognized Family "qzynq"
WARNING: [IP_Flow 19-2403] Component Definition 'xilinx.com:user:e203_lite:1.2 (e203_lite)': Unrecognized Family "versal"
WARNING: [IP_Flow 19-2403] Component Definition 'xilinx.com:user:e203_lite:1.2 (e203_lite)': Unrecognized Family "virtex7"
WARNING: [IP_Flow 19-2403] Component Definition 'xilinx.com:user:e203_lite:1.2 (e203_lite)': Unrecognized Family "virtexu"
WARNING: [IP_Flow 19-3157] Bus Interface 'rst_n': Bus parameter POLARITY is ACTIVE_LOW but port 'ck_rst' is not *resetn - please double check the POLARITY setting.
INFO: [IP_Flow 19-7067] Note that bus interface 'clk_16M' has a fixed FREQ_HZ of '16000000'. This value will be respected whenever this IP is instantiated in IP Integrator.
INFO: [IP_Flow 19-2181] Payment Required is not set for this core.
INFO: [IP_Flow 19-2187] The Product Guide file is missing.
INFO: [Ipptcl 7-1486] check_integrity: Integrity check passed.
ipx::save_core [ipx::current_core]
ipx::move_temp_component_back -component [ipx::current_core]
close_project -delete
update_ip_catalog -rebuild -repo_path /home/oppenyes/workspace/my_git/e203_for_davinci/user_ip
INFO: [IP_Flow 19-725] Reloaded user IP repository '/home/oppenyes/workspace/my_git/e203_for_davinci/user_ip'
report_ip_status -name ip_status 
upgrade_ip -vlnv xilinx.com:user:e203_lite:1.2 [get_ips  system_top_system_e203_0_2] -log ip_upgrade.log
Upgrading '/home/oppenyes/workspace/my_git/e203_for_davinci/prj/sys_top_bd/sys_top_bd.srcs/sources_1/bd/system_top/system_top.bd'
INFO: [IP_Flow 19-3422] Upgraded system_top_system_e203_0_2 (e203_lite 1.2) from revision 3 to revision 4
Wrote  : </home/oppenyes/workspace/my_git/e203_for_davinci/prj/sys_top_bd/sys_top_bd.srcs/sources_1/bd/system_top/system_top.bd> 
Wrote  : </home/oppenyes/workspace/my_git/e203_for_davinci/prj/sys_top_bd/sys_top_bd.srcs/sources_1/bd/system_top/ui/bd_9edf8fa5.ui> 
INFO: [Coretcl 2-1525] Wrote upgrade log to '/home/oppenyes/workspace/my_git/e203_for_davinci/prj/sys_top_bd/ip_upgrade.log'.
export_ip_user_files -of_objects [get_ips system_top_system_e203_0_2] -no_script -sync -force -quiet
reset_run synth_1
launch_runs impl_1 -to_step write_bitstream -jobs 8
INFO: [xilinx.com:ip:clk_wiz:6.0-1] /clk_wiz_0 clk_wiz propagate
Wrote  : </home/oppenyes/workspace/my_git/e203_for_davinci/prj/sys_top_bd/sys_top_bd.srcs/sources_1/bd/system_top/system_top.bd> 
VHDL Output written to : /home/oppenyes/workspace/my_git/e203_for_davinci/prj/sys_top_bd/sys_top_bd.gen/sources_1/bd/system_top/synth/system_top.v
VHDL Output written to : /home/oppenyes/workspace/my_git/e203_for_davinci/prj/sys_top_bd/sys_top_bd.gen/sources_1/bd/system_top/sim/system_top.v
VHDL Output written to : /home/oppenyes/workspace/my_git/e203_for_davinci/prj/sys_top_bd/sys_top_bd.gen/sources_1/bd/system_top/hdl/system_top_wrapper.v
INFO: [BD 41-1029] Generation completed for the IP Integrator block system_e203_0 .
WARNING: [IP_Flow 19-4994] Overwriting existing constraint file '/home/oppenyes/workspace/my_git/e203_for_davinci/prj/sys_top_bd/sys_top_bd.gen/sources_1/bd/system_top/ip/system_top_auto_pc_2/system_top_auto_pc_2_ooc.xdc'
INFO: [BD 41-1029] Generation completed for the IP Integrator block axi_interconnect_0/s00_couplers/auto_pc .
WARNING: [IP_Flow 19-4994] Overwriting existing constraint file '/home/oppenyes/workspace/my_git/e203_for_davinci/prj/sys_top_bd/sys_top_bd.gen/sources_1/bd/system_top/ip/system_top_auto_cc_0/system_top_auto_cc_0_ooc.xdc'
WARNING: [IP_Flow 19-5611] Unable to find an associated reset port for the interface 'S_AXI'. A default connection has been created.
WARNING: [IP_Flow 19-5611] Unable to find an associated reset port for the interface 'M_AXI'. A default connection has been created.
INFO: [BD 41-1029] Generation completed for the IP Integrator block axi_interconnect_0/m00_couplers/auto_cc .
WARNING: [IP_Flow 19-4994] Overwriting existing constraint file '/home/oppenyes/workspace/my_git/e203_for_davinci/prj/sys_top_bd/sys_top_bd.gen/sources_1/bd/system_top/ip/system_top_auto_pc_0/system_top_auto_pc_0_ooc.xdc'
INFO: [BD 41-1029] Generation completed for the IP Integrator block axi_interconnect_0/m01_couplers/auto_pc .
WARNING: [IP_Flow 19-4994] Overwriting existing constraint file '/home/oppenyes/workspace/my_git/e203_for_davinci/prj/sys_top_bd/sys_top_bd.gen/sources_1/bd/system_top/ip/system_top_auto_pc_1/system_top_auto_pc_1_ooc.xdc'
INFO: [BD 41-1029] Generation completed for the IP Integrator block axi_interconnect_0/m02_couplers/auto_pc .
Exporting to file /home/oppenyes/workspace/my_git/e203_for_davinci/prj/sys_top_bd/sys_top_bd.gen/sources_1/bd/system_top/hw_handoff/system_top.hwh
Generated Block Design Tcl file /home/oppenyes/workspace/my_git/e203_for_davinci/prj/sys_top_bd/sys_top_bd.gen/sources_1/bd/system_top/hw_handoff/system_top_bd.tcl
Generated Hardware Definition File /home/oppenyes/workspace/my_git/e203_for_davinci/prj/sys_top_bd/sys_top_bd.gen/sources_1/bd/system_top/synth/system_top.hwdef
INFO: [IP_Flow 19-7066] Running IP cache check for IP system_top_auto_cc_0
INFO: [IP_Flow 19-7066] Running IP cache check for IP system_top_auto_pc_0
INFO: [IP_Flow 19-7066] Running IP cache check for IP system_top_auto_pc_1
INFO: [IP_Flow 19-7066] Running IP cache check for IP system_top_auto_pc_2
INFO: [IP_Flow 19-7066] Running IP cache check for IP system_top_system_e203_0_2
INFO: [IP_Flow 19-4993] Using cached IP synthesis design for IP system_top_auto_cc_0, cache-ID = 29720f855e6ebc39; cache size = 151.572 MB.
INFO: [IP_Flow 19-4993] Using cached IP synthesis design for IP system_top_auto_pc_0, cache-ID = 6d2b0ef034b7704c; cache size = 151.572 MB.
INFO: [IP_Flow 19-4993] Using cached IP synthesis design for IP system_top_auto_pc_1, cache-ID = 6d2b0ef034b7704c; cache size = 151.572 MB.
INFO: [IP_Flow 19-4993] Using cached IP synthesis design for IP system_top_auto_pc_2, cache-ID = 0bb09220efc9b120; cache size = 151.572 MB.
[Tue Feb 18 17:59:09 2025] Launched system_top_system_e203_0_2_synth_1, synth_1...
Run output will be captured here:
system_top_system_e203_0_2_synth_1: /home/oppenyes/workspace/my_git/e203_for_davinci/prj/sys_top_bd/sys_top_bd.runs/system_top_system_e203_0_2_synth_1/runme.log
synth_1: /home/oppenyes/workspace/my_git/e203_for_davinci/prj/sys_top_bd/sys_top_bd.runs/synth_1/runme.log
[Tue Feb 18 17:59:09 2025] Launched impl_1...
Run output will be captured here: /home/oppenyes/workspace/my_git/e203_for_davinci/prj/sys_top_bd/sys_top_bd.runs/impl_1/runme.log
launch_runs: Time (s): cpu = 00:00:22 ; elapsed = 00:00:30 . Memory (MB): peak = 11377.531 ; gain = 157.910 ; free physical = 10114 ; free virtual = 15276
reset_run impl_1 -prev_step 
launch_runs impl_1 -to_step write_bitstream -jobs 8
[Tue Feb 18 18:32:03 2025] Launched impl_1...
Run output will be captured here: /home/oppenyes/workspace/my_git/e203_for_davinci/prj/sys_top_bd/sys_top_bd.runs/impl_1/runme.log
update_ip_catalog -rebuild -scan_changes
INFO: [IP_Flow 19-234] Refreshing IP repositories
INFO: [IP_Flow 19-1700] Loaded user IP repository '/home/oppenyes/workspace/my_git/e203_for_davinci/user_ip'.
report_ip_status -name ip_status
upgrade_ip -vlnv xilinx.com:user:e203_lite:1.2 [get_ips  system_top_system_e203_0_2] -log ip_upgrade.log
Upgrading '/home/oppenyes/workspace/my_git/e203_for_davinci/prj/sys_top_bd/sys_top_bd.srcs/sources_1/bd/system_top/system_top.bd'
INFO: [IP_Flow 19-1972] Upgraded system_top_system_e203_0_2 from e203_lite 1.2 to e203_lite 1.2
Wrote  : </home/oppenyes/workspace/my_git/e203_for_davinci/prj/sys_top_bd/sys_top_bd.srcs/sources_1/bd/system_top/system_top.bd> 
Wrote  : </home/oppenyes/workspace/my_git/e203_for_davinci/prj/sys_top_bd/sys_top_bd.srcs/sources_1/bd/system_top/ui/bd_9edf8fa5.ui> 
INFO: [Coretcl 2-1525] Wrote upgrade log to '/home/oppenyes/workspace/my_git/e203_for_davinci/prj/sys_top_bd/ip_upgrade.log'.
export_ip_user_files -of_objects [get_ips system_top_system_e203_0_2] -no_script -sync -force -quiet
reset_run impl_1 -prev_step 
report_ip_status -name ip_status 
reset_run synth_1
launch_runs impl_1 -to_step write_bitstream -jobs 8
INFO: [xilinx.com:ip:clk_wiz:6.0-1] /clk_wiz_0 clk_wiz propagate
Wrote  : </home/oppenyes/workspace/my_git/e203_for_davinci/prj/sys_top_bd/sys_top_bd.srcs/sources_1/bd/system_top/system_top.bd> 
VHDL Output written to : /home/oppenyes/workspace/my_git/e203_for_davinci/prj/sys_top_bd/sys_top_bd.gen/sources_1/bd/system_top/synth/system_top.v
VHDL Output written to : /home/oppenyes/workspace/my_git/e203_for_davinci/prj/sys_top_bd/sys_top_bd.gen/sources_1/bd/system_top/sim/system_top.v
VHDL Output written to : /home/oppenyes/workspace/my_git/e203_for_davinci/prj/sys_top_bd/sys_top_bd.gen/sources_1/bd/system_top/hdl/system_top_wrapper.v
INFO: [BD 41-1029] Generation completed for the IP Integrator block system_e203_0 .
WARNING: [IP_Flow 19-4994] Overwriting existing constraint file '/home/oppenyes/workspace/my_git/e203_for_davinci/prj/sys_top_bd/sys_top_bd.gen/sources_1/bd/system_top/ip/system_top_auto_pc_2/system_top_auto_pc_2_ooc.xdc'
INFO: [BD 41-1029] Generation completed for the IP Integrator block axi_interconnect_0/s00_couplers/auto_pc .
WARNING: [IP_Flow 19-4994] Overwriting existing constraint file '/home/oppenyes/workspace/my_git/e203_for_davinci/prj/sys_top_bd/sys_top_bd.gen/sources_1/bd/system_top/ip/system_top_auto_cc_0/system_top_auto_cc_0_ooc.xdc'
WARNING: [IP_Flow 19-5611] Unable to find an associated reset port for the interface 'S_AXI'. A default connection has been created.
WARNING: [IP_Flow 19-5611] Unable to find an associated reset port for the interface 'M_AXI'. A default connection has been created.
INFO: [BD 41-1029] Generation completed for the IP Integrator block axi_interconnect_0/m00_couplers/auto_cc .
WARNING: [IP_Flow 19-4994] Overwriting existing constraint file '/home/oppenyes/workspace/my_git/e203_for_davinci/prj/sys_top_bd/sys_top_bd.gen/sources_1/bd/system_top/ip/system_top_auto_pc_0/system_top_auto_pc_0_ooc.xdc'
INFO: [BD 41-1029] Generation completed for the IP Integrator block axi_interconnect_0/m01_couplers/auto_pc .
WARNING: [IP_Flow 19-4994] Overwriting existing constraint file '/home/oppenyes/workspace/my_git/e203_for_davinci/prj/sys_top_bd/sys_top_bd.gen/sources_1/bd/system_top/ip/system_top_auto_pc_1/system_top_auto_pc_1_ooc.xdc'
INFO: [BD 41-1029] Generation completed for the IP Integrator block axi_interconnect_0/m02_couplers/auto_pc .
Exporting to file /home/oppenyes/workspace/my_git/e203_for_davinci/prj/sys_top_bd/sys_top_bd.gen/sources_1/bd/system_top/hw_handoff/system_top.hwh
Generated Block Design Tcl file /home/oppenyes/workspace/my_git/e203_for_davinci/prj/sys_top_bd/sys_top_bd.gen/sources_1/bd/system_top/hw_handoff/system_top_bd.tcl
Generated Hardware Definition File /home/oppenyes/workspace/my_git/e203_for_davinci/prj/sys_top_bd/sys_top_bd.gen/sources_1/bd/system_top/synth/system_top.hwdef
INFO: [IP_Flow 19-7066] Running IP cache check for IP system_top_auto_cc_0
INFO: [IP_Flow 19-7066] Running IP cache check for IP system_top_auto_pc_0
INFO: [IP_Flow 19-7066] Running IP cache check for IP system_top_auto_pc_1
INFO: [IP_Flow 19-7066] Running IP cache check for IP system_top_auto_pc_2
INFO: [IP_Flow 19-7066] Running IP cache check for IP system_top_system_e203_0_2
INFO: [IP_Flow 19-4993] Using cached IP synthesis design for IP system_top_auto_cc_0, cache-ID = 29720f855e6ebc39; cache size = 176.363 MB.
INFO: [IP_Flow 19-4993] Using cached IP synthesis design for IP system_top_auto_pc_0, cache-ID = 6d2b0ef034b7704c; cache size = 176.363 MB.
INFO: [IP_Flow 19-4993] Using cached IP synthesis design for IP system_top_auto_pc_1, cache-ID = 6d2b0ef034b7704c; cache size = 176.363 MB.
INFO: [IP_Flow 19-4993] Using cached IP synthesis design for IP system_top_auto_pc_2, cache-ID = 0bb09220efc9b120; cache size = 176.363 MB.
INFO: [IP_Flow 19-4993] Using cached IP synthesis design for IP system_top_system_e203_0_2, cache-ID = ab525367dc4e1ee0; cache size = 176.363 MB.
[Tue Feb 18 18:33:03 2025] Launched synth_1...
Run output will be captured here: /home/oppenyes/workspace/my_git/e203_for_davinci/prj/sys_top_bd/sys_top_bd.runs/synth_1/runme.log
[Tue Feb 18 18:33:04 2025] Launched impl_1...
Run output will be captured here: /home/oppenyes/workspace/my_git/e203_for_davinci/prj/sys_top_bd/sys_top_bd.runs/impl_1/runme.log
launch_runs: Time (s): cpu = 00:00:22 ; elapsed = 00:00:28 . Memory (MB): peak = 11579.582 ; gain = 108.953 ; free physical = 10051 ; free virtual = 15235
report_ip_status -name ip_status 
reset_run impl_1 -prev_step 
launch_runs impl_1 -to_step write_bitstream -jobs 8
[Tue Feb 18 18:39:27 2025] Launched impl_1...
Run output will be captured here: /home/oppenyes/workspace/my_git/e203_for_davinci/prj/sys_top_bd/sys_top_bd.runs/impl_1/runme.log
update_ip_catalog -rebuild -scan_changes
INFO: [IP_Flow 19-234] Refreshing IP repositories
INFO: [IP_Flow 19-1700] Loaded user IP repository '/home/oppenyes/workspace/my_git/e203_for_davinci/user_ip'.
report_ip_status -name ip_status
upgrade_ip -vlnv xilinx.com:user:e203_lite:1.2 [get_ips  system_top_system_e203_0_2] -log ip_upgrade.log
Upgrading '/home/oppenyes/workspace/my_git/e203_for_davinci/prj/sys_top_bd/sys_top_bd.srcs/sources_1/bd/system_top/system_top.bd'
INFO: [IP_Flow 19-1972] Upgraded system_top_system_e203_0_2 from e203_lite 1.2 to e203_lite 1.2
Wrote  : </home/oppenyes/workspace/my_git/e203_for_davinci/prj/sys_top_bd/sys_top_bd.srcs/sources_1/bd/system_top/system_top.bd> 
INFO: [Coretcl 2-1525] Wrote upgrade log to '/home/oppenyes/workspace/my_git/e203_for_davinci/prj/sys_top_bd/ip_upgrade.log'.
export_ip_user_files -of_objects [get_ips system_top_system_e203_0_2] -no_script -sync -force -quiet
reset_run synth_1
launch_runs impl_1 -to_step write_bitstream -jobs 8
INFO: [xilinx.com:ip:clk_wiz:6.0-1] /clk_wiz_0 clk_wiz propagate
Wrote  : </home/oppenyes/workspace/my_git/e203_for_davinci/prj/sys_top_bd/sys_top_bd.srcs/sources_1/bd/system_top/system_top.bd> 
VHDL Output written to : /home/oppenyes/workspace/my_git/e203_for_davinci/prj/sys_top_bd/sys_top_bd.gen/sources_1/bd/system_top/synth/system_top.v
VHDL Output written to : /home/oppenyes/workspace/my_git/e203_for_davinci/prj/sys_top_bd/sys_top_bd.gen/sources_1/bd/system_top/sim/system_top.v
VHDL Output written to : /home/oppenyes/workspace/my_git/e203_for_davinci/prj/sys_top_bd/sys_top_bd.gen/sources_1/bd/system_top/hdl/system_top_wrapper.v
INFO: [BD 41-1029] Generation completed for the IP Integrator block system_e203_0 .
WARNING: [IP_Flow 19-4994] Overwriting existing constraint file '/home/oppenyes/workspace/my_git/e203_for_davinci/prj/sys_top_bd/sys_top_bd.gen/sources_1/bd/system_top/ip/system_top_auto_pc_2/system_top_auto_pc_2_ooc.xdc'
INFO: [BD 41-1029] Generation completed for the IP Integrator block axi_interconnect_0/s00_couplers/auto_pc .
WARNING: [IP_Flow 19-4994] Overwriting existing constraint file '/home/oppenyes/workspace/my_git/e203_for_davinci/prj/sys_top_bd/sys_top_bd.gen/sources_1/bd/system_top/ip/system_top_auto_cc_0/system_top_auto_cc_0_ooc.xdc'
WARNING: [IP_Flow 19-5611] Unable to find an associated reset port for the interface 'S_AXI'. A default connection has been created.
WARNING: [IP_Flow 19-5611] Unable to find an associated reset port for the interface 'M_AXI'. A default connection has been created.
INFO: [BD 41-1029] Generation completed for the IP Integrator block axi_interconnect_0/m00_couplers/auto_cc .
WARNING: [IP_Flow 19-4994] Overwriting existing constraint file '/home/oppenyes/workspace/my_git/e203_for_davinci/prj/sys_top_bd/sys_top_bd.gen/sources_1/bd/system_top/ip/system_top_auto_pc_0/system_top_auto_pc_0_ooc.xdc'
INFO: [BD 41-1029] Generation completed for the IP Integrator block axi_interconnect_0/m01_couplers/auto_pc .
WARNING: [IP_Flow 19-4994] Overwriting existing constraint file '/home/oppenyes/workspace/my_git/e203_for_davinci/prj/sys_top_bd/sys_top_bd.gen/sources_1/bd/system_top/ip/system_top_auto_pc_1/system_top_auto_pc_1_ooc.xdc'
INFO: [BD 41-1029] Generation completed for the IP Integrator block axi_interconnect_0/m02_couplers/auto_pc .
Exporting to file /home/oppenyes/workspace/my_git/e203_for_davinci/prj/sys_top_bd/sys_top_bd.gen/sources_1/bd/system_top/hw_handoff/system_top.hwh
Generated Block Design Tcl file /home/oppenyes/workspace/my_git/e203_for_davinci/prj/sys_top_bd/sys_top_bd.gen/sources_1/bd/system_top/hw_handoff/system_top_bd.tcl
Generated Hardware Definition File /home/oppenyes/workspace/my_git/e203_for_davinci/prj/sys_top_bd/sys_top_bd.gen/sources_1/bd/system_top/synth/system_top.hwdef
INFO: [IP_Flow 19-7066] Running IP cache check for IP system_top_auto_cc_0
INFO: [IP_Flow 19-7066] Running IP cache check for IP system_top_auto_pc_0
INFO: [IP_Flow 19-7066] Running IP cache check for IP system_top_auto_pc_1
INFO: [IP_Flow 19-7066] Running IP cache check for IP system_top_auto_pc_2
INFO: [IP_Flow 19-7066] Running IP cache check for IP system_top_system_e203_0_2
INFO: [IP_Flow 19-4993] Using cached IP synthesis design for IP system_top_auto_cc_0, cache-ID = 29720f855e6ebc39; cache size = 151.572 MB.
INFO: [IP_Flow 19-4993] Using cached IP synthesis design for IP system_top_auto_pc_0, cache-ID = 6d2b0ef034b7704c; cache size = 151.572 MB.
INFO: [IP_Flow 19-4993] Using cached IP synthesis design for IP system_top_auto_pc_1, cache-ID = 6d2b0ef034b7704c; cache size = 151.572 MB.
INFO: [IP_Flow 19-4993] Using cached IP synthesis design for IP system_top_auto_pc_2, cache-ID = 0bb09220efc9b120; cache size = 151.572 MB.
[Tue Feb 18 19:02:06 2025] Launched system_top_system_e203_0_2_synth_1, synth_1...
Run output will be captured here:
system_top_system_e203_0_2_synth_1: /home/oppenyes/workspace/my_git/e203_for_davinci/prj/sys_top_bd/sys_top_bd.runs/system_top_system_e203_0_2_synth_1/runme.log
synth_1: /home/oppenyes/workspace/my_git/e203_for_davinci/prj/sys_top_bd/sys_top_bd.runs/synth_1/runme.log
[Tue Feb 18 19:02:07 2025] Launched impl_1...
Run output will be captured here: /home/oppenyes/workspace/my_git/e203_for_davinci/prj/sys_top_bd/sys_top_bd.runs/impl_1/runme.log
launch_runs: Time (s): cpu = 00:00:25 ; elapsed = 00:00:32 . Memory (MB): peak = 11753.617 ; gain = 146.965 ; free physical = 10065 ; free virtual = 15232
report_ip_status -name ip_status 
update_ip_catalog -rebuild -scan_changes
INFO: [IP_Flow 19-234] Refreshing IP repositories
INFO: [IP_Flow 19-1700] Loaded user IP repository '/home/oppenyes/workspace/my_git/e203_for_davinci/user_ip'.
report_ip_status -name ip_status
upgrade_ip -vlnv xilinx.com:user:e203_lite:1.2 [get_ips  system_top_system_e203_0_2] -log ip_upgrade.log
Upgrading '/home/oppenyes/workspace/my_git/e203_for_davinci/prj/sys_top_bd/sys_top_bd.srcs/sources_1/bd/system_top/system_top.bd'
INFO: [IP_Flow 19-1972] Upgraded system_top_system_e203_0_2 from e203_lite 1.2 to e203_lite 1.2
Wrote  : </home/oppenyes/workspace/my_git/e203_for_davinci/prj/sys_top_bd/sys_top_bd.srcs/sources_1/bd/system_top/system_top.bd> 
INFO: [Coretcl 2-1525] Wrote upgrade log to '/home/oppenyes/workspace/my_git/e203_for_davinci/prj/sys_top_bd/ip_upgrade.log'.
export_ip_user_files -of_objects [get_ips system_top_system_e203_0_2] -no_script -sync -force -quiet
report_ip_status -name ip_status 
reset_run synth_1
launch_runs impl_1 -to_step write_bitstream -jobs 8
INFO: [xilinx.com:ip:clk_wiz:6.0-1] /clk_wiz_0 clk_wiz propagate
Wrote  : </home/oppenyes/workspace/my_git/e203_for_davinci/prj/sys_top_bd/sys_top_bd.srcs/sources_1/bd/system_top/system_top.bd> 
VHDL Output written to : /home/oppenyes/workspace/my_git/e203_for_davinci/prj/sys_top_bd/sys_top_bd.gen/sources_1/bd/system_top/synth/system_top.v
VHDL Output written to : /home/oppenyes/workspace/my_git/e203_for_davinci/prj/sys_top_bd/sys_top_bd.gen/sources_1/bd/system_top/sim/system_top.v
VHDL Output written to : /home/oppenyes/workspace/my_git/e203_for_davinci/prj/sys_top_bd/sys_top_bd.gen/sources_1/bd/system_top/hdl/system_top_wrapper.v
INFO: [BD 41-1029] Generation completed for the IP Integrator block system_e203_0 .
WARNING: [IP_Flow 19-4994] Overwriting existing constraint file '/home/oppenyes/workspace/my_git/e203_for_davinci/prj/sys_top_bd/sys_top_bd.gen/sources_1/bd/system_top/ip/system_top_auto_pc_2/system_top_auto_pc_2_ooc.xdc'
INFO: [BD 41-1029] Generation completed for the IP Integrator block axi_interconnect_0/s00_couplers/auto_pc .
WARNING: [IP_Flow 19-4994] Overwriting existing constraint file '/home/oppenyes/workspace/my_git/e203_for_davinci/prj/sys_top_bd/sys_top_bd.gen/sources_1/bd/system_top/ip/system_top_auto_cc_0/system_top_auto_cc_0_ooc.xdc'
WARNING: [IP_Flow 19-5611] Unable to find an associated reset port for the interface 'S_AXI'. A default connection has been created.
WARNING: [IP_Flow 19-5611] Unable to find an associated reset port for the interface 'M_AXI'. A default connection has been created.
INFO: [BD 41-1029] Generation completed for the IP Integrator block axi_interconnect_0/m00_couplers/auto_cc .
WARNING: [IP_Flow 19-4994] Overwriting existing constraint file '/home/oppenyes/workspace/my_git/e203_for_davinci/prj/sys_top_bd/sys_top_bd.gen/sources_1/bd/system_top/ip/system_top_auto_pc_0/system_top_auto_pc_0_ooc.xdc'
INFO: [BD 41-1029] Generation completed for the IP Integrator block axi_interconnect_0/m01_couplers/auto_pc .
WARNING: [IP_Flow 19-4994] Overwriting existing constraint file '/home/oppenyes/workspace/my_git/e203_for_davinci/prj/sys_top_bd/sys_top_bd.gen/sources_1/bd/system_top/ip/system_top_auto_pc_1/system_top_auto_pc_1_ooc.xdc'
INFO: [BD 41-1029] Generation completed for the IP Integrator block axi_interconnect_0/m02_couplers/auto_pc .
Exporting to file /home/oppenyes/workspace/my_git/e203_for_davinci/prj/sys_top_bd/sys_top_bd.gen/sources_1/bd/system_top/hw_handoff/system_top.hwh
Generated Block Design Tcl file /home/oppenyes/workspace/my_git/e203_for_davinci/prj/sys_top_bd/sys_top_bd.gen/sources_1/bd/system_top/hw_handoff/system_top_bd.tcl
Generated Hardware Definition File /home/oppenyes/workspace/my_git/e203_for_davinci/prj/sys_top_bd/sys_top_bd.gen/sources_1/bd/system_top/synth/system_top.hwdef
INFO: [IP_Flow 19-7066] Running IP cache check for IP system_top_auto_cc_0
INFO: [IP_Flow 19-7066] Running IP cache check for IP system_top_auto_pc_0
INFO: [IP_Flow 19-7066] Running IP cache check for IP system_top_auto_pc_1
INFO: [IP_Flow 19-7066] Running IP cache check for IP system_top_auto_pc_2
INFO: [IP_Flow 19-7066] Running IP cache check for IP system_top_system_e203_0_2
INFO: [IP_Flow 19-4993] Using cached IP synthesis design for IP system_top_auto_cc_0, cache-ID = 29720f855e6ebc39; cache size = 151.572 MB.
INFO: [IP_Flow 19-4993] Using cached IP synthesis design for IP system_top_auto_pc_0, cache-ID = 6d2b0ef034b7704c; cache size = 151.572 MB.
INFO: [IP_Flow 19-4993] Using cached IP synthesis design for IP system_top_auto_pc_1, cache-ID = 6d2b0ef034b7704c; cache size = 151.572 MB.
INFO: [IP_Flow 19-4993] Using cached IP synthesis design for IP system_top_auto_pc_2, cache-ID = 0bb09220efc9b120; cache size = 151.572 MB.
[Tue Feb 18 19:03:21 2025] Launched system_top_system_e203_0_2_synth_1, synth_1...
Run output will be captured here:
system_top_system_e203_0_2_synth_1: /home/oppenyes/workspace/my_git/e203_for_davinci/prj/sys_top_bd/sys_top_bd.runs/system_top_system_e203_0_2_synth_1/runme.log
synth_1: /home/oppenyes/workspace/my_git/e203_for_davinci/prj/sys_top_bd/sys_top_bd.runs/synth_1/runme.log
[Tue Feb 18 19:03:22 2025] Launched impl_1...
Run output will be captured here: /home/oppenyes/workspace/my_git/e203_for_davinci/prj/sys_top_bd/sys_top_bd.runs/impl_1/runme.log
launch_runs: Time (s): cpu = 00:00:26 ; elapsed = 00:00:32 . Memory (MB): peak = 11914.645 ; gain = 112.949 ; free physical = 10005 ; free virtual = 15172
report_ip_status -name ip_status 
reset_run synth_1
reset_run system_top_system_e203_0_2_synth_1
launch_runs impl_1 -to_step write_bitstream -jobs 8
[Tue Feb 18 19:06:03 2025] Launched system_top_system_e203_0_2_synth_1, synth_1...
Run output will be captured here:
system_top_system_e203_0_2_synth_1: /home/oppenyes/workspace/my_git/e203_for_davinci/prj/sys_top_bd/sys_top_bd.runs/system_top_system_e203_0_2_synth_1/runme.log
synth_1: /home/oppenyes/workspace/my_git/e203_for_davinci/prj/sys_top_bd/sys_top_bd.runs/synth_1/runme.log
[Tue Feb 18 19:06:04 2025] Launched impl_1...
Run output will be captured here: /home/oppenyes/workspace/my_git/e203_for_davinci/prj/sys_top_bd/sys_top_bd.runs/impl_1/runme.log
update_ip_catalog -rebuild -scan_changes
INFO: [IP_Flow 19-234] Refreshing IP repositories
INFO: [IP_Flow 19-1700] Loaded user IP repository '/home/oppenyes/workspace/my_git/e203_for_davinci/user_ip'.
report_ip_status -name ip_status
upgrade_ip -vlnv xilinx.com:user:e203_lite:1.2 [get_ips  system_top_system_e203_0_2] -log ip_upgrade.log
Upgrading '/home/oppenyes/workspace/my_git/e203_for_davinci/prj/sys_top_bd/sys_top_bd.srcs/sources_1/bd/system_top/system_top.bd'
INFO: [IP_Flow 19-1972] Upgraded system_top_system_e203_0_2 from e203_lite 1.2 to e203_lite 1.2
Wrote  : </home/oppenyes/workspace/my_git/e203_for_davinci/prj/sys_top_bd/sys_top_bd.srcs/sources_1/bd/system_top/system_top.bd> 
INFO: [Coretcl 2-1525] Wrote upgrade log to '/home/oppenyes/workspace/my_git/e203_for_davinci/prj/sys_top_bd/ip_upgrade.log'.
export_ip_user_files -of_objects [get_ips system_top_system_e203_0_2] -no_script -sync -force -quiet
reset_run synth_1
launch_runs impl_1 -to_step write_bitstream -jobs 8
INFO: [xilinx.com:ip:clk_wiz:6.0-1] /clk_wiz_0 clk_wiz propagate
Wrote  : </home/oppenyes/workspace/my_git/e203_for_davinci/prj/sys_top_bd/sys_top_bd.srcs/sources_1/bd/system_top/system_top.bd> 
VHDL Output written to : /home/oppenyes/workspace/my_git/e203_for_davinci/prj/sys_top_bd/sys_top_bd.gen/sources_1/bd/system_top/synth/system_top.v
VHDL Output written to : /home/oppenyes/workspace/my_git/e203_for_davinci/prj/sys_top_bd/sys_top_bd.gen/sources_1/bd/system_top/sim/system_top.v
VHDL Output written to : /home/oppenyes/workspace/my_git/e203_for_davinci/prj/sys_top_bd/sys_top_bd.gen/sources_1/bd/system_top/hdl/system_top_wrapper.v
INFO: [BD 41-1029] Generation completed for the IP Integrator block system_e203_0 .
WARNING: [IP_Flow 19-4994] Overwriting existing constraint file '/home/oppenyes/workspace/my_git/e203_for_davinci/prj/sys_top_bd/sys_top_bd.gen/sources_1/bd/system_top/ip/system_top_auto_pc_2/system_top_auto_pc_2_ooc.xdc'
INFO: [BD 41-1029] Generation completed for the IP Integrator block axi_interconnect_0/s00_couplers/auto_pc .
WARNING: [IP_Flow 19-4994] Overwriting existing constraint file '/home/oppenyes/workspace/my_git/e203_for_davinci/prj/sys_top_bd/sys_top_bd.gen/sources_1/bd/system_top/ip/system_top_auto_cc_0/system_top_auto_cc_0_ooc.xdc'
WARNING: [IP_Flow 19-5611] Unable to find an associated reset port for the interface 'S_AXI'. A default connection has been created.
WARNING: [IP_Flow 19-5611] Unable to find an associated reset port for the interface 'M_AXI'. A default connection has been created.
INFO: [BD 41-1029] Generation completed for the IP Integrator block axi_interconnect_0/m00_couplers/auto_cc .
WARNING: [IP_Flow 19-4994] Overwriting existing constraint file '/home/oppenyes/workspace/my_git/e203_for_davinci/prj/sys_top_bd/sys_top_bd.gen/sources_1/bd/system_top/ip/system_top_auto_pc_0/system_top_auto_pc_0_ooc.xdc'
INFO: [BD 41-1029] Generation completed for the IP Integrator block axi_interconnect_0/m01_couplers/auto_pc .
WARNING: [IP_Flow 19-4994] Overwriting existing constraint file '/home/oppenyes/workspace/my_git/e203_for_davinci/prj/sys_top_bd/sys_top_bd.gen/sources_1/bd/system_top/ip/system_top_auto_pc_1/system_top_auto_pc_1_ooc.xdc'
INFO: [BD 41-1029] Generation completed for the IP Integrator block axi_interconnect_0/m02_couplers/auto_pc .
Exporting to file /home/oppenyes/workspace/my_git/e203_for_davinci/prj/sys_top_bd/sys_top_bd.gen/sources_1/bd/system_top/hw_handoff/system_top.hwh
Generated Block Design Tcl file /home/oppenyes/workspace/my_git/e203_for_davinci/prj/sys_top_bd/sys_top_bd.gen/sources_1/bd/system_top/hw_handoff/system_top_bd.tcl
Generated Hardware Definition File /home/oppenyes/workspace/my_git/e203_for_davinci/prj/sys_top_bd/sys_top_bd.gen/sources_1/bd/system_top/synth/system_top.hwdef
INFO: [IP_Flow 19-7066] Running IP cache check for IP system_top_auto_cc_0
INFO: [IP_Flow 19-7066] Running IP cache check for IP system_top_auto_pc_0
INFO: [IP_Flow 19-7066] Running IP cache check for IP system_top_auto_pc_1
INFO: [IP_Flow 19-7066] Running IP cache check for IP system_top_auto_pc_2
INFO: [IP_Flow 19-7066] Running IP cache check for IP system_top_system_e203_0_2
INFO: [IP_Flow 19-4993] Using cached IP synthesis design for IP system_top_auto_cc_0, cache-ID = 29720f855e6ebc39; cache size = 151.572 MB.
INFO: [IP_Flow 19-4993] Using cached IP synthesis design for IP system_top_auto_pc_0, cache-ID = 6d2b0ef034b7704c; cache size = 151.572 MB.
INFO: [IP_Flow 19-4993] Using cached IP synthesis design for IP system_top_auto_pc_1, cache-ID = 6d2b0ef034b7704c; cache size = 151.572 MB.
INFO: [IP_Flow 19-4993] Using cached IP synthesis design for IP system_top_auto_pc_2, cache-ID = 0bb09220efc9b120; cache size = 151.572 MB.
[Tue Feb 18 19:35:10 2025] Launched system_top_system_e203_0_2_synth_1, synth_1...
Run output will be captured here:
system_top_system_e203_0_2_synth_1: /home/oppenyes/workspace/my_git/e203_for_davinci/prj/sys_top_bd/sys_top_bd.runs/system_top_system_e203_0_2_synth_1/runme.log
synth_1: /home/oppenyes/workspace/my_git/e203_for_davinci/prj/sys_top_bd/sys_top_bd.runs/synth_1/runme.log
[Tue Feb 18 19:35:10 2025] Launched impl_1...
Run output will be captured here: /home/oppenyes/workspace/my_git/e203_for_davinci/prj/sys_top_bd/sys_top_bd.runs/impl_1/runme.log
launch_runs: Time (s): cpu = 00:00:25 ; elapsed = 00:00:31 . Memory (MB): peak = 12078.676 ; gain = 54.871 ; free physical = 9975 ; free virtual = 15142
reset_run synth_1
launch_runs impl_1 -to_step write_bitstream -jobs 8
[Tue Feb 18 20:27:20 2025] Launched synth_1...
Run output will be captured here: /home/oppenyes/workspace/my_git/e203_for_davinci/prj/sys_top_bd/sys_top_bd.runs/synth_1/runme.log
[Tue Feb 18 20:27:20 2025] Launched impl_1...
Run output will be captured here: /home/oppenyes/workspace/my_git/e203_for_davinci/prj/sys_top_bd/sys_top_bd.runs/impl_1/runme.log
open_hw_manager
connect_hw_server -allow_non_jtag
INFO: [Labtools 27-2285] Connecting to hw_server url TCP:localhost:3121
INFO: [Labtools 27-2222] Launching hw_server...
INFO: [Labtools 27-2221] Launch Output:

****** Xilinx hw_server v2020.2
  **** Build date : Nov 18 2020 at 09:50:49
    ** Copyright 1986-2020 Xilinx, Inc. All Rights Reserved.


INFO: [Labtools 27-3415] Connecting to cs_server url TCP:localhost:3042
INFO: [Labtools 27-3417] Launching cs_server...
INFO: [Labtools 27-2221] Launch Output:


******** Xilinx cs_server v2020.2
  ****** Build date   : Nov 04 2020-05:02:56
    **** Build number : 2020.2.1604437376
      ** Copyright 2017-2020 Xilinx, Inc. All Rights Reserved.



disconnect_hw_server localhost:3121
connect_hw_server -allow_non_jtag
INFO: [Labtools 27-2285] Connecting to hw_server url TCP:localhost:3121
INFO: [Labtools 27-3415] Connecting to cs_server url TCP:localhost:3042
INFO: [Labtools 27-3414] Connected to existing cs_server.
disconnect_hw_server localhost:3121
connect_hw_server -allow_non_jtag
INFO: [Labtools 27-2285] Connecting to hw_server url TCP:localhost:3121
INFO: [Labtools 27-3415] Connecting to cs_server url TCP:localhost:3042
INFO: [Labtools 27-3414] Connected to existing cs_server.
disconnect_hw_server localhost:3121
connect_hw_server -allow_non_jtag
INFO: [Labtools 27-2285] Connecting to hw_server url TCP:localhost:3121
INFO: [Labtools 27-3415] Connecting to cs_server url TCP:localhost:3042
INFO: [Labtools 27-3414] Connected to existing cs_server.
open_hw_target
INFO: [Labtoolstcl 44-466] Opening hw_target localhost:3121/xilinx_tcf/Digilent/210249856397
set_property PROGRAM.FILE {/home/oppenyes/workspace/my_git/e203_for_davinci/prj/sys_top_bd/sys_top_bd.runs/impl_1/system_top_wrapper.bit} [get_hw_devices xc7a100t_0]
current_hw_device [get_hw_devices xc7a100t_0]
refresh_hw_device -update_hw_probes false [lindex [get_hw_devices xc7a100t_0] 0]
INFO: [Labtools 27-1435] Device xc7a100t (JTAG device index = 0) is not programmed (DONE status = 0).
set_property PROBES.FILE {} [get_hw_devices xc7a100t_0]
set_property FULL_PROBES.FILE {} [get_hw_devices xc7a100t_0]
set_property PROGRAM.FILE {/home/oppenyes/workspace/my_git/e203_for_davinci/prj/sys_top_bd/sys_top_bd.runs/impl_1/system_top_wrapper.bit} [get_hw_devices xc7a100t_0]
program_hw_devices [get_hw_devices xc7a100t_0]
INFO: [Labtools 27-3164] End of startup status: HIGH
refresh_hw_device [lindex [get_hw_devices xc7a100t_0] 0]
INFO: [Labtools 27-1434] Device xc7a100t (JTAG device index = 0) is programmed with a design that has no supported debug core(s) in it.
set_property PROBES.FILE {} [get_hw_devices xc7a100t_0]
set_property FULL_PROBES.FILE {} [get_hw_devices xc7a100t_0]
set_property PROGRAM.FILE {/home/oppenyes/workspace/my_git/e203_for_davinci/prj/sys_top_bd/sys_top_bd.runs/impl_1/system_top_wrapper.bit} [get_hw_devices xc7a100t_0]
program_hw_devices [get_hw_devices xc7a100t_0]
INFO: [Labtools 27-3164] End of startup status: HIGH
refresh_hw_device [lindex [get_hw_devices xc7a100t_0] 0]
INFO: [Labtools 27-1434] Device xc7a100t (JTAG device index = 0) is programmed with a design that has no supported debug core(s) in it.
reset_run synth_1
launch_runs impl_1 -to_step write_bitstream -jobs 8
[Tue Feb 18 22:23:50 2025] Launched synth_1...
Run output will be captured here: /home/oppenyes/workspace/my_git/e203_for_davinci/prj/sys_top_bd/sys_top_bd.runs/synth_1/runme.log
[Tue Feb 18 22:23:50 2025] Launched impl_1...
Run output will be captured here: /home/oppenyes/workspace/my_git/e203_for_davinci/prj/sys_top_bd/sys_top_bd.runs/impl_1/runme.log
reset_run synth_1
launch_runs impl_1 -to_step write_bitstream -jobs 8
[Tue Feb 18 22:49:43 2025] Launched synth_1...
Run output will be captured here: /home/oppenyes/workspace/my_git/e203_for_davinci/prj/sys_top_bd/sys_top_bd.runs/synth_1/runme.log
[Tue Feb 18 22:49:43 2025] Launched impl_1...
Run output will be captured here: /home/oppenyes/workspace/my_git/e203_for_davinci/prj/sys_top_bd/sys_top_bd.runs/impl_1/runme.log
reset_run impl_1 -prev_step 
launch_runs impl_1 -to_step write_bitstream -jobs 8
[Tue Feb 18 22:59:43 2025] Launched impl_1...
Run output will be captured here: /home/oppenyes/workspace/my_git/e203_for_davinci/prj/sys_top_bd/sys_top_bd.runs/impl_1/runme.log
open_bd_design {/home/oppenyes/workspace/my_git/e203_for_davinci/prj/sys_top_bd/sys_top_bd.srcs/sources_1/bd/system_top/system_top.bd}
ipx::edit_ip_in_project -upgrade true -name e203_lite_v1_2_project -directory /home/oppenyes/workspace/my_git/e203_for_davinci/prj/sys_top_bd/sys_top_bd.tmp/e203_lite_v1_2_project /home/oppenyes/workspace/my_git/e203_for_davinci/user_ip/xilinx.com_user_system_e203_1.0/component.xml
INFO: [IP_Flow 19-234] Refreshing IP repositories
INFO: [IP_Flow 19-1704] No user IP repositories specified
INFO: [IP_Flow 19-2313] Loaded Vivado IP repository '/tools/Xilinx/Vivado/2020.2/data/ip'.
create_project: Time (s): cpu = 00:00:07 ; elapsed = 00:00:06 . Memory (MB): peak = 13315.531 ; gain = 65.941 ; free physical = 8387 ; free virtual = 13685
INFO: [IP_Flow 19-234] Refreshing IP repositories
INFO: [IP_Flow 19-1700] Loaded user IP repository '/home/oppenyes/workspace/my_git/e203_for_davinci/user_ip'.
INFO: [IP_Flow 19-795] Syncing license key meta-data
ipx::edit_ip_in_project: Time (s): cpu = 00:00:12 ; elapsed = 00:00:11 . Memory (MB): peak = 13315.531 ; gain = 65.941 ; free physical = 8376 ; free virtual = 13672
update_compile_order -fileset sources_1
ipx::merge_project_changes ports [ipx::current_core]
INFO: [IP_Flow 19-3899] Cannot get the environment domain name variable for the component vendor name. Setting the vendor name to 'user.org'.
WARNING: [IP_Flow 19-5226] Project source file '/home/oppenyes/workspace/my_git/e203_for_davinci/user_ip/xilinx.com_user_system_e203_1.0/component.xml' ignored by IP packager.
INFO: [IP_Flow 19-1842] HDL Parser: Found include file "perips/apb_i2c/i2c_master_defines.v" from the top-level HDL file.
INFO: [IP_Flow 19-1842] HDL Parser: Found include file "core/e203_defines.v" from the top-level HDL file.
INFO: [IP_Flow 19-1842] HDL Parser: Found include file "core/config.v" from the top-level HDL file.
INFO: [IP_Flow 19-3164] Bus Interface 'expl_axi': References existing address space 'expl_axi'.
ipx::merge_project_changes hdl_parameters [ipx::current_core]
INFO: [IP_Flow 19-3899] Cannot get the environment domain name variable for the component vendor name. Setting the vendor name to 'user.org'.
WARNING: [IP_Flow 19-5226] Project source file '/home/oppenyes/workspace/my_git/e203_for_davinci/user_ip/xilinx.com_user_system_e203_1.0/component.xml' ignored by IP packager.
INFO: [IP_Flow 19-1842] HDL Parser: Found include file "perips/apb_i2c/i2c_master_defines.v" from the top-level HDL file.
INFO: [IP_Flow 19-1842] HDL Parser: Found include file "core/e203_defines.v" from the top-level HDL file.
INFO: [IP_Flow 19-1842] HDL Parser: Found include file "core/config.v" from the top-level HDL file.
INFO: [IP_Flow 19-3164] Bus Interface 'expl_axi': References existing address space 'expl_axi'.
set_property core_revision 5 [ipx::current_core]
ipx::update_source_project_archive -component [ipx::current_core]
ipx::create_xgui_files [ipx::current_core]
ipx::update_checksums [ipx::current_core]
ipx::check_integrity [ipx::current_core]
WARNING: [IP_Flow 19-2403] Component Definition 'xilinx.com:user:e203_lite:1.2 (e203_lite)': Unrecognized Family "akintex7"
WARNING: [IP_Flow 19-2403] Component Definition 'xilinx.com:user:e203_lite:1.2 (e203_lite)': Unrecognized Family "qartix7"
WARNING: [IP_Flow 19-2403] Component Definition 'xilinx.com:user:e203_lite:1.2 (e203_lite)': Unrecognized Family "qkintex7"
WARNING: [IP_Flow 19-2403] Component Definition 'xilinx.com:user:e203_lite:1.2 (e203_lite)': Unrecognized Family "qkintex7l"
WARNING: [IP_Flow 19-2403] Component Definition 'xilinx.com:user:e203_lite:1.2 (e203_lite)': Unrecognized Family "qvirtex7"
WARNING: [IP_Flow 19-2403] Component Definition 'xilinx.com:user:e203_lite:1.2 (e203_lite)': Unrecognized Family "qzynq"
WARNING: [IP_Flow 19-2403] Component Definition 'xilinx.com:user:e203_lite:1.2 (e203_lite)': Unrecognized Family "versal"
WARNING: [IP_Flow 19-2403] Component Definition 'xilinx.com:user:e203_lite:1.2 (e203_lite)': Unrecognized Family "virtex7"
WARNING: [IP_Flow 19-2403] Component Definition 'xilinx.com:user:e203_lite:1.2 (e203_lite)': Unrecognized Family "virtexu"
WARNING: [IP_Flow 19-3157] Bus Interface 'rst_n': Bus parameter POLARITY is ACTIVE_LOW but port 'ck_rst' is not *resetn - please double check the POLARITY setting.
INFO: [IP_Flow 19-7067] Note that bus interface 'clk_16M' has a fixed FREQ_HZ of '16000000'. This value will be respected whenever this IP is instantiated in IP Integrator.
INFO: [IP_Flow 19-2181] Payment Required is not set for this core.
INFO: [IP_Flow 19-2187] The Product Guide file is missing.
INFO: [Ipptcl 7-1486] check_integrity: Integrity check passed.
ipx::save_core [ipx::current_core]
ipx::move_temp_component_back -component [ipx::current_core]
close_project -delete
update_ip_catalog -rebuild -repo_path /home/oppenyes/workspace/my_git/e203_for_davinci/user_ip
INFO: [IP_Flow 19-725] Reloaded user IP repository '/home/oppenyes/workspace/my_git/e203_for_davinci/user_ip'
upgrade_ip -vlnv xilinx.com:user:e203_lite:1.2 [get_ips  system_top_system_e203_0_2] -log ip_upgrade.log
Upgrading '/home/oppenyes/workspace/my_git/e203_for_davinci/prj/sys_top_bd/sys_top_bd.srcs/sources_1/bd/system_top/system_top.bd'
INFO: [IP_Flow 19-3422] Upgraded system_top_system_e203_0_2 (e203_lite 1.2) from revision 4 to revision 5
Wrote  : </home/oppenyes/workspace/my_git/e203_for_davinci/prj/sys_top_bd/sys_top_bd.srcs/sources_1/bd/system_top/system_top.bd> 
Wrote  : </home/oppenyes/workspace/my_git/e203_for_davinci/prj/sys_top_bd/sys_top_bd.srcs/sources_1/bd/system_top/ui/bd_9edf8fa5.ui> 
INFO: [Coretcl 2-1525] Wrote upgrade log to '/home/oppenyes/workspace/my_git/e203_for_davinci/prj/sys_top_bd/ip_upgrade.log'.
export_ip_user_files -of_objects [get_ips system_top_system_e203_0_2] -no_script -sync -force -quiet
report_ip_status -name ip_status 
reset_run synth_1
launch_runs impl_1 -to_step write_bitstream -jobs 8
INFO: [xilinx.com:ip:clk_wiz:6.0-1] /clk_wiz_0 clk_wiz propagate
Wrote  : </home/oppenyes/workspace/my_git/e203_for_davinci/prj/sys_top_bd/sys_top_bd.srcs/sources_1/bd/system_top/system_top.bd> 
VHDL Output written to : /home/oppenyes/workspace/my_git/e203_for_davinci/prj/sys_top_bd/sys_top_bd.gen/sources_1/bd/system_top/synth/system_top.v
VHDL Output written to : /home/oppenyes/workspace/my_git/e203_for_davinci/prj/sys_top_bd/sys_top_bd.gen/sources_1/bd/system_top/sim/system_top.v
VHDL Output written to : /home/oppenyes/workspace/my_git/e203_for_davinci/prj/sys_top_bd/sys_top_bd.gen/sources_1/bd/system_top/hdl/system_top_wrapper.v
INFO: [BD 41-1029] Generation completed for the IP Integrator block system_e203_0 .
WARNING: [IP_Flow 19-4994] Overwriting existing constraint file '/home/oppenyes/workspace/my_git/e203_for_davinci/prj/sys_top_bd/sys_top_bd.gen/sources_1/bd/system_top/ip/system_top_auto_pc_2/system_top_auto_pc_2_ooc.xdc'
INFO: [BD 41-1029] Generation completed for the IP Integrator block axi_interconnect_0/s00_couplers/auto_pc .
WARNING: [IP_Flow 19-4994] Overwriting existing constraint file '/home/oppenyes/workspace/my_git/e203_for_davinci/prj/sys_top_bd/sys_top_bd.gen/sources_1/bd/system_top/ip/system_top_auto_cc_0/system_top_auto_cc_0_ooc.xdc'
WARNING: [IP_Flow 19-5611] Unable to find an associated reset port for the interface 'S_AXI'. A default connection has been created.
WARNING: [IP_Flow 19-5611] Unable to find an associated reset port for the interface 'M_AXI'. A default connection has been created.
INFO: [BD 41-1029] Generation completed for the IP Integrator block axi_interconnect_0/m00_couplers/auto_cc .
WARNING: [IP_Flow 19-4994] Overwriting existing constraint file '/home/oppenyes/workspace/my_git/e203_for_davinci/prj/sys_top_bd/sys_top_bd.gen/sources_1/bd/system_top/ip/system_top_auto_pc_0/system_top_auto_pc_0_ooc.xdc'
INFO: [BD 41-1029] Generation completed for the IP Integrator block axi_interconnect_0/m01_couplers/auto_pc .
WARNING: [IP_Flow 19-4994] Overwriting existing constraint file '/home/oppenyes/workspace/my_git/e203_for_davinci/prj/sys_top_bd/sys_top_bd.gen/sources_1/bd/system_top/ip/system_top_auto_pc_1/system_top_auto_pc_1_ooc.xdc'
INFO: [BD 41-1029] Generation completed for the IP Integrator block axi_interconnect_0/m02_couplers/auto_pc .
Exporting to file /home/oppenyes/workspace/my_git/e203_for_davinci/prj/sys_top_bd/sys_top_bd.gen/sources_1/bd/system_top/hw_handoff/system_top.hwh
Generated Block Design Tcl file /home/oppenyes/workspace/my_git/e203_for_davinci/prj/sys_top_bd/sys_top_bd.gen/sources_1/bd/system_top/hw_handoff/system_top_bd.tcl
Generated Hardware Definition File /home/oppenyes/workspace/my_git/e203_for_davinci/prj/sys_top_bd/sys_top_bd.gen/sources_1/bd/system_top/synth/system_top.hwdef
INFO: [IP_Flow 19-7066] Running IP cache check for IP system_top_auto_cc_0
INFO: [IP_Flow 19-7066] Running IP cache check for IP system_top_auto_pc_0
INFO: [IP_Flow 19-7066] Running IP cache check for IP system_top_auto_pc_1
INFO: [IP_Flow 19-7066] Running IP cache check for IP system_top_auto_pc_2
INFO: [IP_Flow 19-7066] Running IP cache check for IP system_top_system_e203_0_2
INFO: [IP_Flow 19-4993] Using cached IP synthesis design for IP system_top_auto_cc_0, cache-ID = 29720f855e6ebc39; cache size = 176.357 MB.
INFO: [IP_Flow 19-4993] Using cached IP synthesis design for IP system_top_auto_pc_0, cache-ID = 6d2b0ef034b7704c; cache size = 176.357 MB.
INFO: [IP_Flow 19-4993] Using cached IP synthesis design for IP system_top_auto_pc_1, cache-ID = 6d2b0ef034b7704c; cache size = 176.357 MB.
INFO: [IP_Flow 19-4993] Using cached IP synthesis design for IP system_top_auto_pc_2, cache-ID = 0bb09220efc9b120; cache size = 176.357 MB.
[Tue Feb 18 23:16:15 2025] Launched system_top_system_e203_0_2_synth_1, synth_1...
Run output will be captured here:
system_top_system_e203_0_2_synth_1: /home/oppenyes/workspace/my_git/e203_for_davinci/prj/sys_top_bd/sys_top_bd.runs/system_top_system_e203_0_2_synth_1/runme.log
synth_1: /home/oppenyes/workspace/my_git/e203_for_davinci/prj/sys_top_bd/sys_top_bd.runs/synth_1/runme.log
[Tue Feb 18 23:16:15 2025] Launched impl_1...
Run output will be captured here: /home/oppenyes/workspace/my_git/e203_for_davinci/prj/sys_top_bd/sys_top_bd.runs/impl_1/runme.log
launch_runs: Time (s): cpu = 00:00:34 ; elapsed = 00:00:40 . Memory (MB): peak = 13697.613 ; gain = 61.977 ; free physical = 8326 ; free virtual = 13613
